,MedHouseVal
0,-0.9011890855836365
1,1.5127714028374146
2,-0.2992125538956926
3,-0.9842203313336976
4,-0.9574081582269073
5,0.4982333688288539
6,-0.43154360180985274
7,2.5325075387934524
8,-0.5829026435417352
9,0.9376070442562613
10,0.21367837037291473
11,-0.4133805168020267
12,-0.9617327022763895
13,-0.1703411412211184
14,0.1963801941749853
15,-0.7740474905288552
16,-0.32515981819258677
17,-0.6607444364324175
18,-0.43067869299995615
19,-0.9781659696644226
20,-1.1632564549822675
21,2.5325075387934524
22,-0.9634625198961825
23,-0.9487590701279424
24,-1.1104970175785824
25,0.7334885651206938
26,-1.4244589155710015
27,-0.1703411412211184
28,0.09518586341709818
29,-1.0352499511175894
30,-0.5266835708984644
31,-0.6036604549792504
32,0.6011575172065338
33,-0.23088475791387142
34,-0.44884177800778213
35,0.5951031555372583
36,-1.1364442818754767
37,-0.3424579943905162
38,0.7481920148889338
39,0.15745929772964418
40,2.5325075387934524
41,0.144485665581197
42,-1.0196815925394531
43,0.7551112853681056
44,-0.09855370999971133
45,-0.34072817677072326
46,-0.5993359109297681
47,-0.41511033442181966
48,-1.1252004673468226
49,-0.29488800984621016
50,-0.22050585219511376
51,0.5060175481179221
52,-0.9556783406071141
53,-0.37186489392699623
54,0.37022686496417606
55,1.9677134368429585
56,2.5325075387934524
57,-0.9911396018128694
58,0.3010341601724583
59,0.23876072585991234
60,-0.33207908867175856
61,-0.4566259572968503
62,-1.23850352144326
63,-1.1001181118598249
64,0.9946910257094282
65,1.4115770720795275
66,-0.22396548743469966
67,-0.8043192988752318
68,-0.8190227486434718
69,-0.42462433133068095
70,0.6098066053054987
71,-0.45835577491664325
72,-0.883890909385707
73,0.6859185805763882
74,-0.14698860335391375
75,-1.2462877007323285
76,-0.1495833297836031
77,-1.2981822293261167
78,0.6478625929409434
79,1.2351356748606472
80,-0.2879687393670384
81,0.10037531627647721
82,0.15399966249005828
83,-0.916757444161773
84,-0.36754034987751383
85,-0.6503655307136599
86,0.3313059685188349
87,0.4065530349798277
88,0.8156549020608588
89,-0.16169205312215368
90,-0.2006129495674948
91,-0.9115679913023942
92,0.11680858366450989
93,2.5325075387934524
94,-0.04319954616633732
95,1.5620712050015133
96,-0.8043192988752318
97,-1.381213475076178
98,-0.4531663220572644
99,2.049879773783123
100,2.5325075387934524
101,-0.8942698151044647
102,-1.2082317130968838
103,-0.435868145859335
104,1.1053993533761766
105,-1.1381740994952696
106,-0.9868150577633871
107,-0.33380890629155147
108,1.6572111740901252
109,1.1183729855246238
110,0.20502928227395023
111,0.3944443116412773
112,1.3371949144284307
113,0.788842728954068
114,-0.8276718367424365
115,-0.4825732215937445
116,-0.9219468970211518
117,0.2456799963390841
118,0.3070885218417337
119,-1.214286074766159
120,2.5325075387934524
121,1.4427137892358004
122,0.19724510298488168
123,-0.571658829013081
124,-0.31910545652331135
125,0.296709616122976
126,-1.2705051474094298
127,1.8405718417881771
128,0.15140493606036876
129,-0.48170831278384807
130,-1.081955026851999
131,-0.8908101798648789
132,1.3337352791888448
133,-0.1703411412211184
134,0.7620305558472773
135,0.07788768721916875
136,-1.2186106188156414
137,-0.9444345260784601
138,-0.2784547424581773
139,2.186535365746765
140,-0.7316669588439282
141,1.111453715045452
142,-0.2940231010363138
143,0.2249221849015688
144,-1.063791941844173
145,-0.9617327022763895
146,-1.1035777470994108
147,2.0706375852206387
148,-0.22915494029407849
149,-0.9107030824924978
150,-1.122605740917133
151,2.5325075387934524
152,0.3131428835110091
153,-0.5690641025833917
154,0.05021060530248165
155,2.5325075387934524
156,0.3529286887662466
157,-0.40300161108326904
158,-0.5509010175755656
159,-0.062227539984059506
160,-0.9107030824924978
161,0.11853840128430303
162,0.40309339974024183
163,-0.48084340397395153
164,-0.6382568073751093
165,-0.527548479708361
166,0.7507867413186233
167,-1.0534130361254153
168,0.009559891237347759
169,0.8865774244723693
170,-0.9271363498805306
171,-0.29229328341652083
172,-1.0240061365889355
173,1.1002099005167976
174,-0.9773010608545261
175,-0.4825732215937445
176,1.585423742868718
177,-0.7835614874377165
178,-0.46786977182550454
179,-0.2819143776977632
180,-1.0577375801748978
181,-0.7109091474064129
182,-0.3865683436952362
183,2.5325075387934524
184,-0.9340556203597025
185,2.1649126454993537
186,2.5325075387934524
187,-0.5050608506510528
188,-0.7593440407606152
189,1.0664784569308354
190,-1.2324491597739848
191,-0.19282877027842668
192,-1.0793603004223098
193,1.6710497150484682
194,2.5325075387934524
195,-1.4158098274720368
196,-0.8328612896018153
197,-1.2445578831125355
198,1.058694277641767
199,-0.9928694194326625
200,2.5325075387934524
201,-0.28537401293734904
202,-0.04838899902571595
203,-0.6564198923829352
204,0.311413065891216
205,-0.11585188619764077
206,0.5803997057690184
207,0.08913150174782279
208,-0.8458349217502623
209,-0.15131314740339602
210,-0.15217805621329258
211,-0.44538214276819627
212,-0.2672109279295233
213,0.2828710751646325
214,-0.8389156512710905
215,-0.040604819736647806
216,-0.498141580171881
217,0.15745929772964418
218,0.5691558912403644
219,0.605482061256016
220,-0.4185699696614055
221,-1.2289895245343991
222,-0.5889570052110105
223,-0.5214941180390856
224,-0.6105797254584221
225,2.046420138543537
226,-1.381213475076178
227,1.4271454306576639
228,-1.3379680345813545
229,-1.0888742973311707
230,-0.16774641479142907
231,0.27768162230525345
232,-0.674582977390761
233,-0.7878860314871987
234,0.5778049793393293
235,-0.5517659263854622
236,-1.0352499511175894
237,0.138431303911922
238,0.15572948010985102
239,-0.6970706064480693
240,0.30276397779225145
241,-0.062227539984059506
242,-1.2004475338078153
243,-0.6382568073751093
244,-0.23693911958314665
245,-1.081955026851999
246,0.7905725465738612
247,0.34946905352666074
248,0.20675909989374297
249,0.7118658448732822
250,-0.7602089495705117
251,-0.1608271443122573
252,-0.8294016543622295
253,-0.9660572463258718
254,-0.062227539984059506
255,-0.20320767599718434
256,-1.1857440840395754
257,-0.18072004693987606
258,2.5325075387934524
259,-0.12623079191639844
260,-0.47651885992446924
261,-0.07087662808302422
262,-0.9288661675003236
263,-1.2852085971776699
264,0.020803705766001795
265,-0.7420458645626858
266,0.17562238273746997
267,-1.3085611350448743
268,-0.2940231010363138
269,0.5406139005137809
270,1.4799048680613485
271,-0.35975617058844567
272,0.3088183394615265
273,0.25000454038856673
274,0.8744687011338189
275,0.23530109062032645
276,0.46363701643299504
277,-0.0008190144814099045
278,-1.3068313174250816
279,-1.0144921396800741
280,-1.0335201334977966
281,-0.5915517316407
282,-1.0906041149509638
283,0.3927144940214841
284,-0.5560904704349445
285,-1.4962463467924085
286,1.1434553410116213
287,-0.5664693761537022
288,1.4271454306576639
289,-0.5007363066015703
290,-0.1573675090726714
291,-0.47478904230467633
292,0.9920962992797387
293,2.5325075387934524
294,0.0977805898467877
295,-0.09509407476012544
296,-0.7377213205132034
297,2.5325075387934524
298,-0.9219468970211518
299,-0.6027955461693539
300,-0.992004510622766
301,1.227351495571579
302,2.5325075387934524
303,0.5985627907768443
304,0.2716272606359785
305,2.5325075387934524
306,-1.201312442617712
307,-1.3301838552922862
308,1.261947847967438
309,0.019938796956105422
310,-0.2801845600779702
311,1.1832411462668588
312,0.2742219870656676
313,0.7715445527561386
314,1.5923430133478895
315,0.9012808742406092
316,0.5189911802663693
317,-0.23866893720293958
318,-0.4704644982551939
319,0.0977805898467877
320,-0.393487614174408
321,-0.2879687393670384
322,-0.48949249207291623
323,-0.9340556203597025
324,-1.152012640453613
325,0.3944443116412773
326,-0.2654811103097303
327,-0.5128450299401209
328,0.15918911534943692
329,-0.6970706064480693
330,-1.050818309695726
331,-1.291262958846945
332,-0.9997886899118343
333,2.0706375852206387
334,-1.0283306806384178
335,1.728133696501636
336,-0.8501594657997448
337,2.5325075387934524
338,2.5325075387934524
339,-0.9712466991852509
340,-0.1729358676508077
341,0.2690325342062889
342,1.2351356748606472
343,0.7542463765582093
344,-0.5803079171120457
345,-0.43154360180985274
346,0.19724510298488168
347,-0.49468194493229506
348,1.851815656316831
349,-0.23261457553366438
350,-0.44970668681767856
351,-1.0352499511175894
352,-0.4548961396770574
353,-0.08212044261167827
354,1.012854110717254
355,-1.0084377780107987
356,0.1194033100941994
357,0.7248394770217294
358,0.3927144940214841
359,0.34946905352666074
360,-0.5976060933099752
361,2.5325075387934524
362,2.2194019005228314
363,1.1131835326652448
364,0.29584470731307966
365,-0.8034543900653353
366,-0.903783812013326
367,-1.0352499511175894
368,0.5492629886127455
369,-0.2628863838800408
370,-1.181419539990093
371,-0.7411809557527893
372,0.11507876604471715
373,2.5325075387934524
374,-0.8285367455523328
375,-0.3926227053645114
376,-0.7333967764637211
377,1.847491112267349
378,0.4065530349798277
379,-0.9115679913023942
380,-1.063791941844173
381,-1.0447639480264508
382,0.2621132637271172
383,0.9107948711494706
384,0.9791226671312919
385,-1.0291955894483142
386,1.2282164043814754
387,-1.2955875028964274
388,-0.5413870206667045
389,-1.2549367888312932
390,-1.2739647826490157
391,-1.0006535987217307
392,0.3390901478079031
393,-0.2793196512680737
394,-0.1392044240648454
395,2.5325075387934524
396,1.6554813564703323
397,0.427310846417343
398,-0.19715331432790892
399,-0.8190227486434718
400,-0.6866917007293116
401,-0.5059257594609491
402,-0.6858267919194153
403,-0.1833147733695654
404,-0.3441878120103092
405,-1.4244589155710015
406,-0.8319963807919187
407,0.46277210762309867
408,-1.1623915461723708
409,0.6037522436362233
410,-0.9271363498805306
411,2.3076225991322716
412,-0.8389156512710905
413,2.1372355635826668
414,-0.9980588722920412
415,-0.23693911958314665
416,-1.0352499511175894
417,-0.7878860314871987
418,-0.6849618831095187
419,-1.118281196867651
420,-0.7273424147944457
421,-1.1027128382895142
422,-0.8224823838830576
423,0.6850536717664915
424,0.06664387269051471
425,0.2327063641906373
426,-1.3215347671933215
427,0.11161913080513125
428,-0.3052669155649678
429,0.43595993451630793
430,-0.018117190679339343
431,-0.8259420191226435
432,-0.1392044240648454
433,-1.5974406775502956
434,0.06491405507072158
435,2.0645832235513626
436,0.636618778412289
437,1.0266926516755976
438,0.9471210411651222
439,-0.7826965786278199
440,-0.5837675523516316
441,-0.7109091474064129
442,-0.404731428703062
443,-0.7645334936199941
444,-1.5974406775502956
445,-1.2151509835760554
446,-0.3865683436952362
447,-0.6970706064480693
448,-0.887350544625293
449,-0.31737563890351844
450,-0.3960823406040973
451,1.0388013750141483
452,0.9030106918604024
453,-0.1305553359658807
454,-0.09768880118981475
455,-0.9824905137139048
456,2.028257053535711
457,0.27249216944587484
458,0.37714613544334785
459,-0.053578451885094976
460,1.357952725865946
461,0.04329133482330987
462,-0.03628027568716554
463,-0.4730592246848834
464,0.17735220035726312
465,1.6165604600249908
466,0.17389256511767723
467,-1.1390390083051662
468,-0.057038087124680864
469,1.9339819932569957
470,-1.3215347671933215
471,-0.9375152555992883
472,-0.9824905137139048
473,-0.31045636842434665
474,0.041561517203517126
475,-1.1027128382895142
476,1.780028225095424
477,0.15745929772964418
478,-0.4168401520416126
479,0.2456799963390841
480,-0.14439387692422423
481,0.47488083096164907
482,0.7395429267899692
483,-0.22829003148418192
484,-0.5967411845000787
485,0.13670148629212883
486,0.9592297645036729
487,0.13237694224264657
488,1.264542574397127
489,0.3650374121047974
490,-0.6918811535886905
491,-0.7013951504975517
492,-0.6391217161850058
493,2.5325075387934524
494,0.09864549865668408
495,-0.5915517316407
496,0.15399966249005828
497,0.8026812699124116
498,-0.8821610917659141
499,-0.4479768691978856
500,-0.7463704086121681
501,-0.5578202880547374
502,1.0275575604854938
503,-0.4868977656432269
504,1.1391307969621387
505,0.12372785414368166
506,-1.024871045398832
507,-0.3908928877447184
508,0.687648398196181
509,-0.6858267919194153
510,0.11853840128430303
511,-0.5197643004192927
512,-0.8190227486434718
513,-0.5820377347318386
514,0.08913150174782279
515,-0.12190624786691596
516,-0.8259420191226435
517,1.5897482869182005
518,0.7628954646571742
519,0.9860419376104637
520,-1.4123501922324508
521,-0.4574908661067469
522,-0.1366096976351561
523,-0.9063785384430153
524,-0.3666754410676174
525,-0.5050608506510528
526,-0.6382568073751093
527,0.10902440437544174
528,2.5325075387934524
529,0.6651607691388729
530,-0.3831087084556503
531,1.264542574397127
532,-0.3865683436952362
533,0.09086131936761592
534,-0.823347292692954
535,0.035507155534241726
536,0.6945676686753527
537,-1.1597968197426816
538,0.5354244476544019
539,-1.181419539990093
540,0.048480787682688896
541,-1.3371031257714578
542,-1.201312442617712
543,-0.2992125538956926
544,-1.3223996760032177
545,0.6504573193706326
546,-0.7429107733725823
547,-1.2082317130968838
548,0.2664378077765994
549,0.44028447856579017
550,0.004370438377968735
551,-0.49468194493229506
552,0.5786698881492257
553,0.03204752029465584
554,-1.0257359542087283
555,-0.9660572463258718
556,0.7006220303446281
557,1.581964107629132
558,-0.5976060933099752
559,0.20935382632343247
560,-0.3796490732160644
561,0.7992216346728257
562,-1.3085611350448743
563,-0.7031249681173447
564,1.5862886516786145
565,0.1194033100941994
566,-1.177094995940611
567,-1.142498643544752
568,0.24654490514898086
569,0.8580354337457858
570,1.1304817088631742
571,-0.349377264869688
572,1.114913350285038
573,-0.435868145859335
574,-0.36062107939834204
575,1.0708030009803178
576,-1.3232645848131144
577,-0.5336028413776363
578,2.5325075387934524
579,-1.1468231875942343
580,-0.09682389237991838
581,-0.9245416234508413
582,2.5325075387934524
583,-0.36321580582803153
584,0.013019526476933645
585,0.41693194069858536
586,-1.199582624997919
587,-0.7264775059845493
588,-0.5690641025833917
589,0.3909846764016914
590,-0.6529602571433494
591,0.5864540674382939
592,2.5325075387934524
593,-0.5353326589974292
594,-0.5154397563698104
595,1.6156955512150946
596,-0.23174966672376782
597,-0.25683202221076556
598,1.0837766331287648
599,-0.14093424168463836
600,-0.17207095884091134
601,1.0137190195271508
602,-0.3865683436952362
603,-0.9539485229873214
604,-0.6771777038204505
605,0.6444029577013576
606,-1.318940040763632
607,0.416067031888689
608,0.5864540674382939
609,1.0993449917069011
610,-0.7013951504975517
611,0.4065530349798277
612,2.5325075387934524
613,0.2811412575448394
614,-0.1703411412211184
615,2.5325075387934524
616,0.6582414986597012
617,-1.0750357563728272
618,0.5864540674382939
619,0.010424800047244134
620,-0.7013951504975517
621,2.5325075387934524
622,-0.7325318676538246
623,0.15399966249005828
624,0.5561822590919172
625,-0.3459176296301021
626,-0.33121417986186197
627,-0.7593440407606152
628,-0.6901513359688976
629,-0.18936913503884079
630,-0.6477708042839705
631,0.2828710751646325
632,-1.2039071690474012
633,2.2851349700749637
634,-0.5327379325677398
635,-0.852754192229434
636,-1.1338495554457872
637,0.8173847196806515
638,-0.6460409866641775
639,-1.3310487641021826
640,-0.6642040716720033
641,-0.6339322633256269
642,0.7438674708394516
643,-0.3926227053645114
644,-0.3865683436952362
645,0.3883899499720019
646,0.47747555739133857
647,0.08653677531813367
648,0.7542463765582093
649,-0.7394511381329963
650,0.32265688041987
651,-0.9011890855836365
652,-0.018117190679339343
653,1.0751275450298
654,0.8078707227717903
655,-0.3580263529686527
656,-1.3293189464823896
657,-1.2791542355083945
658,-1.1104970175785824
659,2.5325075387934524
660,-0.5569553792448411
661,-1.3293189464823896
662,-0.9764361520446294
663,-0.08903971309085004
664,-0.6399866249949021
665,-1.2445578831125355
666,0.15054002725047239
667,0.6175907845945668
668,-0.7230178707449635
669,0.19119074131560668
670,0.3261165156594559
671,-0.6278779016563516
672,-1.3249944024329074
673,-0.393487614174408
674,0.09691568103689133
675,-1.2212053452453306
676,-0.9427047084586672
677,-0.1426640593044313
678,2.5325075387934524
679,-0.09422916595022887
680,0.9341474090166754
681,-0.41770506085150916
682,-0.41770506085150916
683,-0.6797724302501399
684,-0.9859501489534908
685,-0.9478941613180459
686,-0.9807606960941119
687,0.25000454038856673
688,-0.8190227486434718
689,-0.9686519727555613
690,0.9895015728500496
691,-0.6840969742996224
692,-0.485167948023434
693,-1.1753651783208179
694,-0.8060491164950248
695,-0.25250747816128316
696,-0.5024661242213633
697,0.5172613626465761
698,0.8312232606389951
699,-0.28537401293734904
700,0.14621548320099012
701,-0.7437756821824788
702,0.5864540674382939
703,-0.40992088156244083
704,-0.645176077854281
705,-0.2066673112367702
706,1.0500451895428025
707,-0.00773828496058168
708,-0.7541545879012365
709,1.1737271493579975
710,0.10642967794575223
711,0.9315526825869859
712,1.7808931339053207
713,0.13410675986243933
714,0.0917262281775123
715,-0.8458349217502623
716,0.6789993100972165
717,0.296709616122976
718,2.5325075387934524
719,0.5328297212247127
720,0.39876885569075954
721,1.2455145805794048
722,-1.0352499511175894
723,-0.2784547424581773
724,0.6314293255529104
725,1.532664305465033
726,-1.0845497532816883
727,0.4065530349798277
728,0.7231096594019362
729,-0.9444345260784601
730,0.6694853131883551
731,-0.1028782540491936
732,0.5553173502820209
733,0.43595993451630793
734,-1.4028361953235897
735,1.7739738634261488
736,-0.9435696172685637
737,2.2842700612650666
738,1.052639915972492
739,-0.19715331432790892
740,-0.9383801644091847
741,0.07788768721916875
742,-0.6512304395235564
743,-0.8276718367424365
744,0.6859185805763882
745,0.6720800396180446
746,0.006965164807658247
747,0.35898305043552203
748,-0.615769178317801
749,2.419195835608916
750,-0.3147809124738291
751,2.111288299285772
752,1.219567316282511
753,2.5325075387934524
754,-0.4661399542057116
755,0.6089416964956019
756,-0.8709172772372601
757,-0.4298137841900598
758,-0.47478904230467633
759,0.9799875759411882
760,-1.3016418645657026
761,-0.6503655307136599
762,-0.05876790474447362
763,-0.1210413390570196
764,-0.5690641025833917
765,0.8381425311181668
766,-0.11585188619764077
767,-1.2506122447818109
768,-1.3362382169615614
769,0.5285051771752302
770,-1.168445907841646
771,-1.3258593112428037
772,0.4203915759381712
773,2.5325075387934524
774,2.5325075387934524
775,-0.23520930196335368
776,0.5734804352898467
777,0.3252516068495595
778,-1.3595907548287662
779,-0.560415014484427
780,-1.3068313174250816
781,-1.0438990392165544
782,-0.7351265940835141
783,-0.1703411412211184
784,-0.8311314719820223
785,-1.3198049495735285
786,0.16005402415933367
787,-0.8423752865106764
788,-0.13401497120546657
789,0.13237694224264657
790,-0.4730592246848834
791,0.7430025620295552
792,-0.013792646629857078
793,0.8822528804228871
794,-0.569929011393288
795,0.07356314316968648
796,-1.3163453143339425
797,1.2896249298841251
798,2.5325075387934524
799,-0.6702584333412788
800,2.5325075387934524
801,-0.6642040716720033
802,0.9220386856781245
803,-0.24212857244252547
804,-0.213586581715942
805,2.5325075387934524
806,-0.45143650443747146
807,0.6513222281805293
808,2.501362172549081
809,0.9220386856781245
810,2.5325075387934524
811,0.9782577583213952
812,-0.8190227486434718
813,-0.7870211226773024
814,-0.3779192555962715
815,-0.08903971309085004
816,0.8917668773317483
817,-0.9452994348883564
818,0.03204752029465584
819,0.3832004971126232
820,0.060589511021239315
821,2.5325075387934524
822,0.19551528536508894
823,-0.08385026023147121
824,-0.511115212320328
825,-0.6858267919194153
826,0.32438669803966313
827,-0.5353326589974292
828,-0.9747063344248367
829,0.39876885569075954
830,-0.5154397563698104
831,1.056964460021974
832,-0.36581053225772087
833,0.8865774244723693
834,-0.8146982045939895
835,0.18946092369581352
836,0.12199803652388891
837,2.2799455172155847
838,-0.7818316698179235
839,2.5325075387934524
840,-0.393487614174408
841,-0.9703817903753542
842,0.7308938386910043
843,-1.1874739016593685
844,-0.9072434472529118
845,-0.8518892834195377
846,-1.0127623220602813
847,2.5325075387934524
848,-0.5483062911458764
849,-0.10893261571846899
850,0.3503339623365571
851,2.273026246736413
852,2.5325075387934524
853,2.5325075387934524
854,0.17043292987809133
855,1.3735210844440826
856,2.5325075387934524
857,0.076157869599376
858,-0.45835577491664325
859,-0.8164280222137824
860,-0.589821914020907
861,1.4323348835170429
862,-0.990274693002973
863,-1.0058430515811094
864,-0.004278649720995792
865,-0.06828190165333471
866,-1.2168808011958485
867,-0.6373918985652128
868,-0.9850852401435942
869,1.4159016161290097
870,-0.43154360180985274
871,0.07183332554989336
872,0.5700208000502608
873,-1.1943931721385403
874,-0.7109091474064129
875,1.7679195017568732
876,-0.7212880531251705
877,-0.04925390783561233
878,0.21886782323229376
879,-0.9738414256149401
880,-0.7039898769272411
881,-1.2670455121698438
882,-0.2784547424581773
883,-1.1044426559093072
884,-0.5846324611615281
885,-1.0032483251514202
886,-0.32429490938269023
887,1.689212800056295
888,1.585423742868718
889,-1.1217408321072366
890,1.0457206454933201
891,0.4999631864486467
892,-0.8190227486434718
893,0.06577896388061834
894,-0.25250747816128316
895,0.03723697315403486
896,0.5561822590919172
897,0.48698955430019947
898,2.5325075387934524
899,-0.24904784292169724
900,-0.47478904230467633
901,1.1131835326652448
902,0.5440735357533668
903,0.2785465311151502
904,0.10815949556554537
905,-0.35456671772906684
906,-1.1822844487999895
907,1.0336119221547693
908,0.22924672895105144
909,-0.18677440860915126
910,-0.4730592246848834
911,1.4210910689883884
912,2.1329110195331844
913,0.3261165156594559
914,0.15399966249005828
915,0.4082828525996208
916,-0.021576825918925232
917,-0.5543606528151516
918,1.3285458263294663
919,-1.2558016976411897
920,-1.1277951937765118
921,1.4392541539962145
922,0.4930439159694749
923,-1.2082317130968838
924,-0.19715331432790892
925,2.5325075387934524
926,0.9038756006702987
927,0.29584470731307966
928,0.7542463765582093
929,1.5032574059285533
930,1.148644793871
931,-1.2436929743026393
932,0.0977805898467877
933,1.955604713504408
934,-0.31305109485403615
935,-0.7143687826459988
936,-1.2263947981047096
937,-1.0283306806384178
938,-0.26807583673941965
939,-0.10201334523929721
940,-0.9063785384430153
941,2.5325075387934524
942,-0.18158495574977243
943,-0.7558844055210294
944,0.6175907845945668
945,-0.33380890629155147
946,-0.9539485229873214
947,-1.1433635523546484
948,-0.2663460191196267
949,2.0369061416346756
950,1.095020447657419
951,-1.0464937656462436
952,2.5325075387934524
953,-0.5361975678073257
954,-0.8908101798648789
955,-0.8588085538987095
956,0.8320881694488915
957,0.3624426856751079
958,0.17735220035726312
959,-0.028496096398097005
960,-0.6278779016563516
961,1.893331279191862
962,-0.9634625198961825
963,-1.381213475076178
964,-0.5214941180390856
965,-0.1331500623955702
966,-0.9401099820289778
967,1.2264865867616828
968,-0.7308020500340316
969,2.5325075387934524
970,-0.1738007764607043
971,0.40482321736003496
972,0.4999631864486467
973,0.0856718665082369
974,-0.6702584333412788
975,0.045886061252999384
976,0.808735631581687
977,-0.18936913503884079
978,-0.645176077854281
979,0.15399966249005828
980,0.6392135048419786
981,-0.1703411412211184
982,1.2351356748606472
983,-0.6979355152579658
984,-0.6382568073751093
985,-0.023306643538718367
986,0.06750878150041109
987,0.1816767444067454
988,-0.4073261551327515
989,-0.3865683436952362
990,-0.5742535554427705
991,1.1546991555402755
992,2.186535365746765
993,-0.1270957007262948
994,-0.6988004240678622
995,-0.32688963581237973
996,-0.8925399974846717
997,-1.0118974132503846
998,-1.0326552246879
999,-0.20147785837739138
1000,0.9773928495114987
1001,-0.287103830557142
1002,-0.7109091474064129
1003,-1.1840142664197828
1004,-0.7472353174220647
1005,0.46104229000330554
1006,1.9409012637361676
1007,1.2351356748606472
1008,-0.7697229464793729
1009,-0.8458349217502623
1010,0.548398079802849
1011,2.5325075387934524
1012,1.9685783456528545
1013,0.28200616635473613
1014,-1.3414276698209404
1015,-0.6676637069115893
1016,-0.24212857244252547
1017,-0.98854487538318
1018,0.8718739747041294
1019,1.2541636686783695
1020,-0.9651923375159754
1021,-0.6097148166485258
1022,-0.7930754843465776
1023,0.2275169113312583
1024,1.2351356748606472
1025,0.5743453440997435
1026,0.24308526990939497
1027,2.5325075387934524
1028,-1.2454227919224319
1029,-0.7740474905288552
1030,0.4835299190606136
1031,2.3724907598745073
1032,0.1842714708364349
1033,0.6288345991232209
1034,-0.20926203766645954
1035,2.236700076720761
1036,-0.49468194493229506
1037,0.3780110442532442
1038,2.5325075387934524
1039,-0.7472353174220647
1040,2.5325075387934524
1041,-0.933190711549806
1042,-0.29229328341652083
1043,-0.8449700129403659
1044,-0.47392413349477974
1045,-0.4298137841900598
1046,0.8294934430192024
1047,-0.48170831278384807
1048,-0.7757773081486482
1049,0.3598479592454184
1050,1.2065936841340636
1051,1.3864947165925294
1052,-0.5630097409141163
1053,-0.6027955461693539
1054,-0.380513982025961
1055,1.1209677119543129
1056,-1.381213475076178
1057,-0.6088499078386291
1058,0.08134732245875465
1059,-0.10720279809867604
1060,-0.47911358635415857
1061,-0.7489651350418576
1062,0.3010341601724583
1063,1.063883730501146
1064,0.08480695769834053
1065,-0.35456671772906684
1066,-0.46786977182550454
1067,0.7205149329722467
1068,-0.2879687393670384
1069,0.5336946300346092
1070,-0.5413870206667045
1071,-0.4782486775442622
1072,-0.44019268990881744
1073,-0.9989237811019377
1074,0.9324175913968822
1075,-0.28623892174724547
1076,-0.8648629155679847
1077,-0.8492945569898481
1078,-1.1580670021228883
1079,-1.2532069712115004
1080,1.6675900798088827
1081,-1.2480175183521214
1082,-0.025036461158511117
1083,0.3659023209146938
1084,2.5325075387934524
1085,0.6824589453368023
1086,2.5325075387934524
1087,1.3276809175195698
1088,-0.6477708042839705
1089,0.4022284909303454
1090,-1.1018479294796177
1091,-1.0352499511175894
1092,-0.39694724941399384
1093,-1.186608992849472
1094,-0.91502762654198
1095,1.6286691833635416
1096,-0.6399866249949021
1097,0.6755396748576306
1098,0.008694982427450999
1099,-0.1573675090726714
1100,-1.331913672912079
1101,0.8208443549202374
1102,0.057129875781653426
1103,0.7810585496649999
1104,0.6236451462638423
1105,-0.6313375368959374
1106,-0.2784547424581773
1107,-0.7342616852736175
1108,-1.158931910932785
1109,2.5238498016063895
1110,-0.6261480840365586
1111,2.5325075387934524
1112,0.7940321818134471
1113,1.0189084723865294
1114,-0.800859663635646
1115,0.13670148629212883
1116,-0.5050608506510528
1117,-0.9141627177320837
1118,-0.7325318676538246
1119,0.1470803920108865
1120,0.018208979336312284
1121,-0.569929011393288
1122,-0.5552255616250481
1123,-0.8674576419976742
1124,0.7014869391545245
1125,1.6520217212307464
1126,-1.2575315152609827
1127,-0.6027955461693539
1128,1.3674667227748074
1129,-0.28623892174724547
1130,-0.6027955461693539
1131,-0.6503655307136599
1132,-0.40213670227337267
1133,-0.29748273627589966
1134,0.4740159221517527
1135,-0.6676637069115893
1136,-1.3881327455553496
1137,-0.6027955461693539
1138,-0.7342616852736175
1139,-1.013627230870178
1140,-0.9928694194326625
1141,-0.0656871752236454
1142,0.17994692678695223
1143,0.15399966249005828
1144,0.3018990689823547
1145,2.5325075387934524
1146,-0.5673342849635987
1147,-0.6581497100027281
1148,1.148644793871
1149,0.6625660427091834
1150,-0.8925399974846717
1151,-0.15304296502318895
1152,-0.32602472700248314
1153,-0.1495833297836031
1154,1.1045344445662801
1155,1.728133696501636
1156,-0.2473180253019043
1157,0.3339006949485244
1158,-0.4972766713619844
1159,2.5325075387934524
1160,0.4420142961855833
1161,-0.5214941180390856
1162,-0.6780426126303469
1163,0.8986861478109202
1164,1.0189084723865294
1165,0.15918911534943692
1166,-0.1366096976351561
1167,-0.24212857244252547
1168,-0.09595898357002182
1169,-0.8812961829560177
1170,-1.0404394039769684
1171,-0.9098381736826012
1172,2.5325075387934524
1173,-1.289533141227152
1174,-0.09855370999971133
1175,1.0336119221547693
1176,-0.015522464249650215
1177,-0.5223590268489822
1178,0.4134723054589995
1179,-0.38743325250513255
1180,-0.3156458212837255
1181,-0.8181578398335754
1182,0.8606301601754753
1183,0.5328297212247127
1184,-0.2196409433852172
1185,-0.22396548743469966
1186,-0.44278741633850677
1187,1.1296168000532778
1188,1.261947847967438
1189,-0.5751184642526669
1190,-1.1805546311801969
1191,-0.33294399748165493
1192,0.10037531627647721
1193,0.19205565012550305
1194,-0.9504888877477354
1195,-0.40300161108326904
1196,-0.2594267486404549
1197,2.5325075387934524
1198,-1.1667160902218532
1199,1.9426310813559602
1200,-0.7766422169585447
1201,-0.8190227486434718
1202,-1.094928659000446
1203,-0.38224379964575395
1204,2.5325075387934524
1205,-0.9392450732190812
1206,0.007830073617554622
1207,1.8154894863011795
1208,0.05021060530248165
1209,-0.3857034348853398
1210,-0.3952174317942009
1211,-1.1468231875942343
1212,0.22838182014115466
1213,-0.22915494029407849
1214,0.9471210411651222
1215,0.40136358212044904
1216,-0.23607421077325028
1217,-1.0715761211332413
1218,-0.5759833730625634
1219,0.5112070009773007
1220,2.5325075387934524
1221,-0.5829026435417352
1222,-0.4626803189661257
1223,-0.21445149052583837
1224,0.09691568103689133
1225,0.47834046620123494
1226,-0.6650689804819
1227,-0.498141580171881
1228,-0.720423144315274
1229,0.8632248866051645
1230,0.4549879283340301
1231,-0.3865683436952362
1232,-0.6719882509610717
1233,-0.9807606960941119
1234,1.2351356748606472
1235,2.5325075387934524
1236,-0.33813345034103376
1237,-0.42462433133068095
1238,-0.8095087517346107
1239,1.5075819499780356
1240,1.2351356748606472
1241,0.10988931318533812
1242,-0.588092096401114
1243,0.5440735357533668
1244,0.5864540674382939
1245,-0.1703411412211184
1246,-0.422894513710888
1247,1.0422610102537342
1248,-0.9738414256149401
1249,0.6167258757846704
1250,-0.7541545879012365
1251,0.7983567258629294
1252,1.791272039624078
1253,0.30016925136256195
1254,0.4091477614095172
1255,1.7411073286500829
1256,-0.8890803622450859
1257,0.0640491462608252
1258,-1.1494179140239238
1259,0.5042877304981289
1260,-0.08817480428095366
1261,-0.6616093452423141
1262,-0.7913456667267846
1263,-0.9349205291695988
1264,1.7584055048480125
1265,-0.6114446342683186
1266,-1.0430341304066577
1267,0.08394204888844416
1268,0.9600946733135693
1269,0.4999631864486467
1270,1.791272039624078
1271,0.47834046620123494
1272,0.13410675986243933
1273,-0.3865683436952362
1274,-0.09595898357002182
1275,0.12718748938326754
1276,2.1899950009863516
1277,0.34514450947717845
1278,-0.08385026023147121
1279,1.0621539128813529
1280,0.3321708773287313
1281,-1.0784953916124131
1282,-1.2039071690474012
1283,-0.6823671566798294
1284,-0.810373660544507
1285,1.0189084723865294
1286,0.4653668340527878
1287,-0.7325318676538246
1288,1.26627239201692
1289,-1.3215347671933215
1290,-0.6304726280860411
1291,0.8364127134983741
1292,1.1261571648136919
1293,-1.273099873839119
1294,-0.3865683436952362
1295,-1.278289326698498
1296,-1.1277951937765118
1297,-0.8614032803283987
1298,0.3511988711464539
1299,0.8467916192171318
1300,0.21367837037291473
1301,0.08999641055771955
1302,1.3856298077826332
1303,-0.9427047084586672
1304,-0.19715331432790892
1305,-0.11585188619764077
1306,-0.2533723869711797
1307,-0.4298137841900598
1308,-0.14525878573412082
1309,-0.38397361726554685
1310,-0.15217805621329258
1311,-0.08298535142157483
1312,-0.1392044240648454
1313,-0.36235089701813494
1314,-0.614039360698008
1315,1.117508076714727
1316,-1.0240061365889355
1317,0.5034228216882325
1318,-0.883890909385707
1319,1.4980679530691743
1320,-0.1703411412211184
1321,-1.1632564549822675
1322,-0.2161813081456313
1323,1.9287925403976167
1324,1.4600119654337296
1325,-1.0309254070681073
1326,-1.324129493623011
1327,-1.204772077857298
1328,2.5325075387934524
1329,-0.9271363498805306
1330,-0.6564198923829352
1331,0.5293700859851269
1332,-1.021411410159246
1333,-0.24212857244252547
1334,-0.8614032803283987
1335,-1.072441029943138
1336,-0.02590136996840788
1337,-0.4298137841900598
1338,-0.9271363498805306
1339,0.31919724518028414
1340,2.5325075387934524
1341,0.0917262281775123
1342,1.750621325558944
1343,-0.22396548743469966
1344,1.0941555388475226
1345,-0.5976060933099752
1346,-1.0170868661097636
1347,0.17735220035726312
1348,-0.1028782540491936
1349,1.258488212727852
1350,-1.0707112123233449
1351,0.7334885651206938
1352,-0.8069140253049212
1353,0.5561822590919172
1354,-0.35975617058844567
1355,0.21973273204219015
1356,-0.9098381736826012
1357,-1.3639152988782486
1358,-0.10374316285909016
1359,2.5325075387934524
1360,2.1718319159785255
1361,-0.435868145859335
1362,0.1626487505890228
1363,-1.1952580809484368
1364,0.44460902261527246
1365,-0.07087662808302422
1366,-1.2532069712115004
1367,-0.12190624786691596
1368,1.932252175637203
1369,-1.3457522138704228
1370,-1.0404394039769684
1371,-1.2125562571463662
1372,-1.0006535987217307
1373,-0.9677870639456649
1374,-0.8761067300966389
1375,-0.45835577491664325
1376,-0.062227539984059506
1377,-0.498141580171881
1378,0.28460089278442524
1379,0.4696913781022704
1380,-0.2819143776977632
1381,0.46623174286268454
1382,1.847491112267349
1383,-0.27067056316910915
1384,0.04069660839362075
1385,0.18946092369581352
1386,1.4444436068555933
1387,-0.8285367455523328
1388,-0.5915517316407
1389,-0.964327428706079
1390,2.5325075387934524
1391,2.5325075387934524
1392,-1.4244589155710015
1393,-0.8475647393700553
1394,-0.28277928650765954
1395,-1.2955875028964274
1396,1.0154488371469435
1397,0.6530520458003221
1398,0.23703090824011958
1399,-0.36062107939834204
1400,0.22578709371146555
1401,-0.29834764508579603
1402,0.6149960581648773
1403,0.5120719097871974
1404,-0.15477278264298192
1405,-0.9798957872842153
1406,-0.558685196864634
1407,-0.85621382746902
1408,0.5864540674382939
1409,0.21454327918281113
1410,-0.3701350763072033
1411,2.5325075387934524
1412,-0.7532896790913399
1413,-0.9245416234508413
1414,-1.170175725461439
1415,-1.2627209681203613
1416,-0.07520117213250649
1417,-0.19715331432790892
1418,0.2612483549172208
1419,-1.2878033236073592
1420,2.1000444847571185
1421,-0.44019268990881744
1422,1.2446496717695086
1423,0.5786698881492257
1424,-0.31737563890351844
1425,-0.8268069279325398
1426,0.7689498263264491
1427,-0.3502421736795844
1428,-0.8717821860471564
1429,0.7620305558472773
1430,-0.8190227486434718
1431,-1.1658511814119568
1432,0.19119074131560668
1433,-1.3146154967141497
1434,0.014749344096726397
1435,0.40309339974024183
1436,-0.8190227486434718
1437,0.19205565012550305
1438,-0.19109895265863372
1439,-0.1366096976351561
1440,0.46104229000330554
1441,-0.9487590701279424
1442,2.5325075387934524
1443,2.5325075387934524
1444,0.1194033100941994
1445,-1.0404394039769684
1446,-0.8510243746096411
1447,0.012154617667036885
1448,2.5325075387934524
1449,-0.09855370999971133
1450,-0.49468194493229506
1451,0.37282159139386556
1452,-1.3595907548287662
1453,-1.2661806033599472
1454,1.012854110717254
1455,1.2100533193736496
1456,1.0266926516755976
1457,1.420226160178492
1458,-0.2992125538956926
1459,-0.9738414256149401
1460,0.9998804785688072
1461,-0.13401497120546657
1462,-0.6910162447787941
1463,0.3036288866021478
1464,0.030317702674863084
1465,-0.7506949526616505
1466,0.47747555739133857
1467,0.08048241364885826
1468,-1.1450933699744414
1469,-1.1277951937765118
1470,0.7213798417821434
1471,-1.1165513792478576
1472,1.2965442003632968
1473,0.520720997886162
1474,-0.5240888444687751
1475,-0.6953407888282763
1476,2.4217905620386055
1477,-0.800859663635646
1478,0.9159843240088492
1479,-0.5396572030469116
1480,0.12199803652388891
1481,0.9635543085531553
1482,-0.9513537965576319
1483,0.30968324827142324
1484,0.6383485960320822
1485,0.18773110607602078
1486,0.4679615604824773
1487,-0.6529602571433494
1488,-0.18763931741904782
1489,-0.13228515358567364
1490,0.22838182014115466
1491,-0.07520117213250649
1492,0.1254576717634748
1493,0.9453912235453295
1494,-0.47392413349477974
1495,1.0310171957250798
1496,-0.933190711549806
1497,0.7378131091701762
1498,-0.38137889083585735
1499,0.8251688989697197
1500,-0.8406454688908834
1501,-0.9712466991852509
1502,2.5325075387934524
1503,0.7222447505920399
1504,-0.5214941180390856
1505,-0.7308020500340316
1506,-0.8371858336512976
1507,-0.9721116079951472
1508,-0.5811728259219423
1509,-0.1392044240648454
1510,-0.3234300005727938
1511,0.8493863456468209
1512,1.6546164476604357
1513,0.9237685032979177
1514,-0.19888313194770188
1515,0.35811814162562566
1516,-0.4419225075286104
1517,-1.0438990392165544
1518,0.5786698881492257
1519,-0.07866080737209237
1520,-0.6771777038204505
1521,-0.23953384601283614
1522,0.5864540674382939
1523,-0.9712466991852509
1524,-0.11325715976795125
1525,1.6675900798088827
1526,-0.8190227486434718
1527,-0.422894513710888
1528,-0.16774641479142907
1529,-0.9522187053675283
1530,-0.6529602571433494
1531,1.3493036377669816
1532,1.6675900798088827
1533,-0.38224379964575395
1534,2.5325075387934524
1535,-0.6027955461693539
1536,-0.5448466559062904
1537,-1.0006535987217307
1538,2.5325075387934524
1539,-0.3926227053645114
1540,0.6132662405450846
1541,-0.3277545446222761
1542,-0.8345911072216082
1543,0.3883899499720019
1544,-0.7238827795548598
1545,0.5622366207611926
1546,-1.2609911505005686
1547,1.0846415419386612
1548,-1.1917984457088509
1549,0.5051526393080257
1550,1.9780923425617158
1551,0.5146666362168866
1552,-0.9798957872842153
1553,1.5153661292671037
1554,-1.080225209232206
1555,0.6582414986597012
1556,2.146749560491528
1557,-0.507655577080742
1558,0.46104229000330554
1559,-0.5794430083021493
1560,0.6063469700659128
1561,-0.5638746497240128
1562,0.7308938386910043
1563,-0.8657278243778812
1564,-1.1961229897583332
1565,2.5325075387934524
1566,0.0701035079301006
1567,-0.3960823406040973
1568,-0.3571614441587561
1569,-1.2834787795578766
1570,0.4645019252428914
1571,0.8571705249358894
1572,-0.06655208403354176
1573,0.8614950689853718
1574,-0.9262714410706343
1575,0.896956330191127
1576,1.1676727876887225
1577,-0.7109091474064129
1578,0.054535149351963914
1579,0.051940422922274784
1580,-0.777507125768441
1581,-0.06482226641374883
1582,-0.40559633751295854
1583,0.23184145538074055
1584,-0.3640807146379279
1585,0.5016930040684398
1586,-0.04492936378613007
1587,0.2828710751646325
1588,0.21108364394322524
1589,-0.7308020500340316
1590,1.1270220736235883
1591,-0.8908101798648789
1592,1.216107681042925
1593,1.3761158108737719
1594,-1.3742942045970061
1595,-0.37705434678637506
1596,1.2351356748606472
1597,2.0420955944940546
1598,-0.571658829013081
1599,0.17043292987809133
1600,-1.0084377780107987
1601,-0.6131744518881116
1602,-0.09336425714033249
1603,-0.5785780994922528
1604,-0.7031249681173447
1605,-0.7005302416876552
1606,-1.4062958305631756
1607,0.5864540674382939
1608,-1.3639152988782486
1609,1.2757863889257814
1610,-0.7593440407606152
1611,2.1000444847571185
1612,0.3996337645006559
1613,-0.1495833297836031
1614,0.15399966249005828
1615,0.3555234151959361
1616,-1.1753651783208179
1617,-0.8830260005758107
1618,-1.0845497532816883
1619,-0.542251929476601
1620,-1.1546073668833026
1621,-1.1312548290160978
1622,-1.067251577083759
1623,-0.9107030824924978
1624,0.22578709371146555
1625,-0.8034543900653353
1626,-0.9487590701279424
1627,-0.6027955461693539
1628,2.5325075387934524
1629,0.7784638232353104
1630,-0.718693326695481
1631,0.2949797985031829
1632,-1.1762300871307143
1633,1.2065936841340636
1634,-0.17899022932008313
1635,0.49131409834968215
1636,0.18859601488591715
1637,0.40309339974024183
1638,0.9350123178265718
1639,-0.6339322633256269
1640,-0.09163443952053955
1641,0.10124022508637359
1642,-0.3865683436952362
1643,-0.2810494688878666
1644,-0.3735947115467892
1645,-0.7212880531251705
1646,-0.9271363498805306
1647,1.4513628773347649
1648,2.0066343332882997
1649,-1.0283306806384178
1650,2.5325075387934524
1651,-0.4644101365859187
1652,0.33303578613862767
1653,-0.7212880531251705
1654,-0.015522464249650215
1655,-0.017252281869442967
1656,-0.028496096398097005
1657,-0.527548479708361
1658,-0.9435696172685637
1659,-0.08903971309085004
1660,0.46623174286268454
1661,2.27129642911662
1662,-0.4626803189661257
1663,-1.2004475338078153
1664,-0.3614859882082386
1665,0.5743453440997435
1666,0.741272744409762
1667,-0.4107857903723374
1668,0.3070885218417337
1669,0.021668614575898172
1670,0.4861246454903031
1671,-0.8501594657997448
1672,-0.7160986002657916
1673,-1.3102909526646673
1674,0.1782171091671595
1675,2.5325075387934524
1676,0.741272744409762
1677,-0.22137076100501016
1678,1.863924379655382
1679,-0.8155631134038859
1680,-0.9452994348883564
1681,-0.5595501056745303
1682,0.69283785105556
1683,-0.3554316265389632
1684,-0.8795663653362248
1685,0.49131409834968215
1686,-1.2973173205162203
1687,-0.25250747816128316
1688,1.058694277641767
1689,0.5060175481179221
1690,-0.3502421736795844
1691,-0.8276718367424365
1692,-0.1729358676508077
1693,2.5325075387934524
1694,-0.16861132360132544
1695,-1.1580670021228883
1696,-1.2488824271620178
1697,-1.109632108768686
1698,-0.29834764508579603
1699,0.2984394337427688
1700,-0.7238827795548598
1701,1.1892955079361343
1702,-1.0404394039769684
1703,-0.9530836141774248
1704,1.168537696498619
1705,1.0560995512120779
1706,0.051940422922274784
1707,-0.11325715976795125
1708,-0.7212880531251705
1709,0.7205149329722467
1710,-0.4471119603879892
1711,-0.7005302416876552
1712,-0.43067869299995615
1713,0.2984394337427688
1714,-0.3433229032004126
1715,-0.20234276718728778
1716,0.4532581107142374
1717,0.2975745249328724
1718,2.5325075387934524
1719,-0.2940231010363138
1720,-0.5137099387500175
1721,0.23703090824011958
1722,-0.5621448321042198
1723,0.8511161632666141
1724,-0.20839712885656317
1725,-0.454031230867161
1726,-0.03973991092675143
1727,-0.5483062911458764
1728,0.23097654657084418
1729,-0.5777131906823564
1730,0.10556476913585586
1731,1.539583575944205
1732,-1.3474820314902156
1733,-1.0490884920759331
1734,-0.8086438429247141
1735,0.6124013317351878
1736,-0.8769716389065353
1737,0.1470803920108865
1738,-0.40905597275254446
1739,-0.017252281869442967
1740,0.5864540674382939
1741,-1.2826138707479804
1742,-0.8069140253049212
1743,-0.9738414256149401
1744,-0.42462433133068095
1745,0.18859601488591715
1746,-0.1495833297836031
1747,0.21973273204219015
1748,1.0690731833605247
1749,-0.8985943591539471
1750,-0.1331500623955702
1751,-0.22483039624459603
1752,-1.3595907548287662
1753,-0.48949249207291623
1754,2.5325075387934524
1755,-0.4618154101562291
1756,0.23443618181043008
1757,-0.7230178707449635
1758,-0.1703411412211184
1759,-0.1703411412211184
1760,0.4186617583183785
1761,-0.059632813554369994
1762,-0.24904784292169724
1763,-0.08298535142157483
1764,1.3276809175195698
1765,-0.6693935245313822
1766,-1.1459582787843379
1767,0.6971623951050423
1768,-0.8380507424611942
1769,-0.5119801211302245
1770,1.1849709638866521
1771,-0.7420458645626858
1772,0.16697329463850547
1773,-0.40386651989316563
1774,1.4617417830535226
1775,1.0189084723865294
1776,-0.29748273627589966
1777,1.8146245774912828
1778,-0.14179915049453493
1779,-0.10893261571846899
1780,0.32871124208914543
1781,2.378545121543782
1782,-0.9928694194326625
1783,-0.6235533576068693
1784,1.8120298510615933
1785,0.4653668340527878
1786,2.5325075387934524
1787,2.5325075387934524
1788,-0.8095087517346107
1789,0.494773733589268
1790,-0.7999947548257493
1791,-1.2558016976411897
1792,0.9600946733135693
1793,-0.1392044240648454
1794,-0.6192288135573868
1795,-0.6858267919194153
1796,-0.7714527640991659
1797,2.2349702591009675
1798,1.7644598665172877
1799,1.8301929360694191
1800,-0.3865683436952362
1801,-0.9228118058310484
1802,0.9185790504385387
1803,1.320761647040398
1804,-1.0188166837295565
1805,-0.928001258690427
1806,-0.7524247702814435
1807,0.4039583085501386
1808,-0.990274693002973
1809,-0.5465764735260834
1810,-0.14525878573412082
1811,0.6945676686753527
1812,1.9192785434887563
1813,-0.6460409866641775
1814,-0.6296077192761445
1815,-1.3371031257714578
1816,0.33303578613862767
1817,0.5968329731570515
1818,-0.2231005786248031
1819,0.15572948010985102
1820,0.5864540674382939
1821,2.5325075387934524
1822,-0.9271363498805306
1823,2.5325075387934524
1824,-0.9677870639456649
1825,0.17562238273746997
1826,-1.0352499511175894
1827,-0.8484296481799518
1828,-0.779236943388234
1829,-0.3831087084556503
1830,-0.044064454976233694
1831,-0.645176077854281
1832,0.5328297212247127
1833,-0.6425813514245917
1834,-0.887350544625293
1835,-0.7861562138674059
1836,-0.391757796554615
1837,0.7075413008238
1838,-1.0352499511175894
1839,-1.273099873839119
1840,-0.26115656626024786
1841,1.3449790937174988
1842,-1.0534130361254153
1843,-0.20580240242687364
1844,0.05021060530248165
1845,1.0206382900063222
1846,1.7774334986657345
1847,0.34946905352666074
1848,0.7464621972691411
1849,-0.07606608094240305
1850,-0.1634218707419466
1851,-0.22915494029407849
1852,-0.7645334936199941
1853,-1.052548127315519
1854,-0.3649456234478245
1855,-1.096658476620239
1856,-0.4687346806354009
1857,0.29152016326359703
1858,0.06145441983113569
1859,0.6867834893862846
1860,1.5015275883087602
1861,0.4420142961855833
1862,-0.5361975678073257
1863,-0.4618154101562291
1864,-0.810373660544507
1865,0.30016925136256195
1866,-0.5984710021198717
1867,-1.190068628089058
1868,-0.49468194493229506
1869,0.37974086187303735
1870,0.9159843240088492
1871,-0.8787014565263283
1872,1.3475738201471883
1873,0.2949797985031829
1874,-1.2298544333442956
1875,0.09518586341709818
1876,-1.1407688259249589
1877,-0.30180728032538195
1878,-0.4133805168020267
1879,2.5325075387934524
1880,1.8198140303506618
1881,-0.8190227486434718
1882,0.20070473822446758
1883,0.29152016326359703
1884,2.4659009113433257
1885,0.05021060530248165
1886,-0.5457115647161869
1887,0.11680858366450989
1888,-0.9634625198961825
1889,1.999715062809128
1890,0.39790394688086317
1891,-1.188338810469265
1892,-1.261856059310465
1893,-0.28364419531755614
1894,-0.059632813554369994
1895,0.2621132637271172
1896,-0.8899452710549824
1897,0.09951040746658045
1898,-0.4644101365859187
1899,-1.052548127315519
1900,-0.25596711340086903
1901,-0.6149042695079046
1902,-1.063791941844173
1903,0.3390901478079031
1904,-0.35370180891917025
1905,2.5325075387934524
1906,-0.5258186620885681
1907,-1.294722594086531
1908,-0.6624742540522104
1909,-1.1407688259249589
1910,1.1261571648136919
1911,-0.7463704086121681
1912,2.5325075387934524
1913,-0.020711917109028855
1914,-0.4574908661067469
1915,-0.7005302416876552
1916,0.3944443116412773
1917,0.032912429104552214
1918,-0.6296077192761445
1919,0.1782171091671595
1920,0.15399966249005828
1921,0.4247161199876539
1922,0.10037531627647721
1923,2.5325075387934524
1924,-0.422894513710888
1925,0.32438669803966313
1926,-0.6053902725990433
1927,-0.15996223550236074
1928,-1.1649862726020601
1929,0.20762400870363934
1930,-0.393487614174408
1931,1.0189084723865294
1932,-0.7887509402970954
1933,1.1676727876887225
1934,-0.15477278264298192
1935,-0.8259420191226435
1936,-1.4348378212897592
1937,-1.3345083993417686
1938,0.24481508752918774
1939,-1.1329846466358908
1940,-0.7723176729090623
1941,-1.085414662091585
1942,0.25605890205784176
1943,0.3944443116412773
1944,-0.21185676409614904
1945,1.304328379652365
1946,-1.3327785817219755
1947,1.5586115697619276
1948,-0.41770506085150916
1949,-0.3865683436952362
1950,1.4608768742436262
1951,1.3882245342123227
1952,-0.8458349217502623
1953,0.13756639510202523
1954,-0.872647094857053
1955,0.17562238273746997
1956,-0.6564198923829352
1957,-0.4185699696614055
1958,-0.3398632679608267
1959,-0.20839712885656317
1960,0.5544524414721245
1961,-0.39694724941399384
1962,0.6764045836675269
1963,-0.4903574008828128
1964,-1.2246649804849166
1965,-0.39002797893482205
1966,0.1315120334327502
1967,0.6945676686753527
1968,-0.800859663635646
1969,-1.260126241690672
1970,-0.2256953050544926
1971,-0.7593440407606152
1972,-1.384673110315764
1973,-0.6027955461693539
1974,0.6106715141153951
1975,-0.2196409433852172
1976,-0.20234276718728778
1977,-0.5232239356588786
1978,0.6374836872221857
1979,0.525910450745541
1980,-0.5915517316407
1981,-0.17207095884091134
1982,-0.30353709794517486
1983,-0.2749951072185914
1984,0.31919724518028414
1985,-0.11066243333826194
1986,-1.3232645848131144
1987,0.2456799963390841
1988,-0.40819106394264787
1989,-0.6226884487969727
1990,-0.35629653534885974
1991,-0.28277928650765954
1992,-0.8804312741461212
1993,2.0420955944940546
1994,1.526609943795758
1995,-0.45143650443747146
1996,0.47315101334185633
1997,1.7125653379234989
1998,-0.9427047084586672
1999,-0.9513537965576319
2000,-1.377753839836592
2001,0.045886061252999384
2002,-0.25164256935138674
2003,1.8881418263324827
2004,1.8198140303506618
2005,-0.11325715976795125
2006,-0.8821610917659141
2007,2.5325075387934524
2008,-0.7948053019663706
2009,-0.8864856358153965
2010,-0.17899022932008313
2011,1.5681255666707885
2012,0.5786698881492257
2013,2.3880591184526434
2014,0.1687031122582982
2015,-0.49468194493229506
2016,-0.29575291865610676
2017,0.902145783050506
2018,2.5325075387934524
2019,0.6746747660477338
2020,-0.9271363498805306
2021,0.5587769855216067
2022,0.47834046620123494
2023,0.03204752029465584
2024,0.19724510298488168
2025,-0.40300161108326904
2026,-1.0741708475629306
2027,-0.6149042695079046
2028,2.5325075387934524
2029,1.0855064507485577
2030,-1.4279185508105874
2031,1.1694026053085154
2032,0.5380191740840914
2033,-0.692746062398587
2034,0.33563051256831716
2035,1.5828290164390286
2036,0.27249216944587484
2037,-0.8077789341148177
2038,-0.8051842076851282
2039,-0.7628036760002012
2040,-0.13574478882525953
2041,-0.3865683436952362
2042,-0.9600028846565966
2043,2.5324988897053538
2044,-1.1070373823389965
2045,-0.1487184209737067
2046,0.042426426013413496
2047,-0.5137099387500175
2048,0.5596418943315031
2049,-1.0084377780107987
2050,0.19724510298488168
2051,-1.346617122680319
2052,0.4091477614095172
2053,-1.1693108166515427
2054,-0.1763955028903936
2055,0.25346417562815265
2056,0.46882646929237365
2057,-0.8795663653362248
2058,-0.7273424147944457
2059,0.2621132637271172
2060,-1.2099615307166767
2061,0.09691568103689133
2062,-0.7593440407606152
2063,0.02253352338579455
2064,-0.11585188619764077
2065,-0.32429490938269023
2066,0.4549879283340301
2067,-0.6149042695079046
2068,2.5325075387934524
2069,0.6409433224617717
2070,0.07702277840927238
2071,-0.7766422169585447
2072,2.5325075387934524
2073,-0.8908101798648789
2074,-0.6840969742996224
2075,-1.2324491597739848
2076,-1.1563371845030956
2077,-0.31997036533320794
2078,0.29411488969328653
2079,-1.0871444797113778
2080,-0.9496239789378389
2081,0.19724510298488168
2082,-0.44019268990881744
2083,1.1071291709959694
2084,1.0154488371469435
2085,-0.2715354719790055
2086,-0.6045253637891469
2087,-0.7420458645626858
2088,0.3070885218417337
2089,-1.219475527625538
2090,-0.3519719912993773
2091,-0.3779192555962715
2092,-0.7377213205132034
2093,-0.9418397996487706
2094,1.5516922992827558
2095,-0.589821914020907
2096,0.26816762539639255
2097,-0.4618154101562291
2098,0.06145441983113569
2099,-0.9824905137139048
2100,-0.0016839232913066645
2101,-0.026766278778304255
2102,-0.5050608506510528
2103,-0.09595898357002182
2104,-0.9539485229873214
2105,0.7628954646571742
2106,0.003505529568072359
2107,-1.0231412277790388
2108,0.12718748938326754
2109,2.5325075387934524
2110,-0.11931152143722665
2111,0.9972857521391177
2112,-0.1573675090726714
2113,0.8666845218447503
2114,-0.9980588722920412
2115,0.44720374904496196
2116,-0.40213670227337267
2117,-0.1833147733695654
2118,2.273026246736413
2119,-0.799129846015853
2120,0.6720800396180446
2121,-0.5483062911458764
2122,0.20329946465415707
2123,0.8096005403915834
2124,-0.4073261551327515
2125,0.2690325342062889
2126,0.2214625496619829
2127,0.7265692946415221
2128,1.7955965836735601
2129,1.5612062961916167
2130,-1.0464937656462436
2131,-1.3163453143339425
2132,0.2949797985031829
2133,-0.1392044240648454
2134,-0.9271363498805306
2135,-0.588092096401114
2136,-0.12882551834608774
2137,-0.8856207270055
2138,-0.6027955461693539
2139,-0.85621382746902
2140,-1.3215347671933215
2141,-0.6218235399870764
2142,0.24049054347970547
2143,-0.380513982025961
2144,1.159888608399654
2145,-0.40300161108326904
2146,0.11507876604471715
2147,-0.6953407888282763
2148,1.0422610102537342
2149,-0.9556783406071141
2150,-0.8371858336512976
2151,-0.17899022932008313
2152,-0.3960823406040973
2153,-0.7143687826459988
2154,-0.3355387239113444
2155,0.09518586341709818
2156,-0.349377264869688
2157,1.2351356748606472
2158,-1.0361148599274859
2159,-0.9807606960941119
2160,-0.8190227486434718
2161,-1.1961229897583332
2162,-0.3986770670337868
2163,1.9071698201502054
2164,-0.7342616852736175
2165,-0.5552255616250481
2166,0.8891721509020588
2167,-0.4471119603879892
2168,-1.1892037192791614
2169,-1.0084377780107987
2170,0.10037531627647721
2171,-1.1433635523546484
2172,-0.5915517316407
2173,0.656511681039908
2174,-0.7109091474064129
2175,2.5325075387934524
2176,-0.3926227053645114
2177,0.6426731400815644
2178,-0.1210413390570196
2179,-1.1355793730655803
2180,-1.2333140685838815
2181,0.33736033018811035
2182,-0.300077462705589
2183,2.4088169298901585
2184,-1.281748961938084
2185,0.9644192173630516
2186,0.6513222281805293
2187,2.5325075387934524
2188,1.6675900798088827
2189,-1.1070373823389965
2190,-0.4704644982551939
2191,-1.335373308151665
2192,2.5325075387934524
2193,1.5231503085561722
2194,0.4956386423991644
2195,-0.8190227486434718
2196,0.939336861876054
2197,-1.3699696605475238
2198,-0.21791112576542426
2199,0.1038349515160631
2200,-0.9115679913023942
2201,1.2351356748606472
2202,-1.3310487641021826
2203,-0.5007363066015703
2204,0.12978221581295707
2205,1.644237541941678
2206,-1.2263947981047096
2207,0.5267753595554374
2208,2.5325075387934524
2209,-0.6754478862006577
2210,-0.485167948023434
2211,-0.40127179346347613
2212,0.23789581705001595
2213,0.3390901478079031
2214,-0.5214941180390856
2215,2.5325075387934524
2216,-0.76799312885958
2217,-0.9859501489534908
2218,0.3944443116412773
2219,0.0856718665082369
2220,-0.28623892174724547
2221,0.7447323796493479
2222,0.019938796956105422
2223,-0.050118816645509094
2224,-0.03714518449706192
2225,-0.8389156512710905
2226,-0.20493749361697727
2227,-0.1495833297836031
2228,-0.26980565435921255
2229,-0.48862758326301986
2230,1.2515689422486802
2231,1.2005393224647882
2232,-0.3433229032004126
2233,-1.1857440840395754
2234,2.5325075387934524
2235,-0.1763955028903936
2236,-0.6356620809454199
2237,-0.07087662808302422
2238,1.8682489237048643
2239,0.9471210411651222
2240,-0.8847558181956037
2241,-0.8458349217502623
2242,-1.343157487440733
2243,-0.7645334936199941
2244,-0.4298137841900598
2245,-0.28623892174724547
2246,2.5325075387934524
2247,-1.2938576852766344
2248,0.5864540674382939
2249,-0.14785351216381012
2250,-1.083684844471792
2251,-0.9504888877477354
2252,0.579534796959122
2253,-0.9721116079951472
2254,-0.8181578398335754
2255,0.4973684600189571
2256,2.5325075387934524
2257,-0.1210413390570196
2258,0.09086131936761592
2259,-0.9314608939300129
2260,0.5752102529096398
2261,2.5325075387934524
2262,-0.4471119603879892
2263,-0.8942698151044647
2264,-1.013627230870178
2265,-1.0611972154144838
2266,-0.9357854379794953
2267,-0.8242122015028506
2268,0.735218382740487
2269,2.0628534059315697
2270,-1.170175725461439
2271,-0.40386651989316563
2272,-0.35975617058844567
2273,-0.9574081582269073
2274,1.3752509020638755
2275,-0.6209586311771798
2276,0.7542463765582093
2277,1.152104429110586
2278,-0.5128450299401209
2279,-0.4298137841900598
2280,-0.03628027568716554
2281,0.23443618181043008
2282,-0.8319963807919187
2283,-0.6953407888282763
2284,0.7646252822769669
2285,-1.289533141227152
2286,-0.9444345260784601
2287,-1.0240061365889355
2288,-0.34505272082020555
2289,0.47488083096164907
2290,-0.3865683436952362
2291,-1.3422925786308368
2292,-0.8190227486434718
2293,-0.5967411845000787
2294,0.924633412107814
2295,-1.2670455121698438
2296,-0.46786977182550454
2297,-0.4298137841900598
2298,-1.4244589155710015
2299,0.2621132637271172
2300,-1.4114852834225546
2301,-0.8190227486434718
2302,1.0656135481209388
2303,0.6980273039149386
2304,-0.6884215183491046
2305,0.316602518750595
2306,-0.257696931020662
2307,0.353793597576143
2308,-0.5993359109297681
2309,0.6746747660477338
2310,-0.2412636636326291
2311,-0.7109091474064129
2312,-0.15563769145287848
2313,-0.8224823838830576
2314,1.159888608399654
2315,-0.1763955028903936
2316,0.5302349947950232
2317,-1.010167595630592
2318,-1.0023834163415235
2319,-0.4618154101562291
2320,-0.2533723869711797
2321,0.8528459808864068
2322,2.5325075387934524
2323,0.37022686496417606
2324,1.4029279839805626
2325,0.9903664816599459
2326,0.9064703270999883
2327,-0.9401099820289778
2328,2.5325075387934524
2329,-0.4350032370494386
2330,2.5325075387934524
2331,0.353793597576143
2332,0.43509502570641156
2333,2.5325075387934524
2334,1.1702675141184118
2335,-0.2473180253019043
2336,-0.7558844055210294
2337,0.6824589453368023
2338,1.153834246730379
2339,-0.8804312741461212
2340,-0.15823241788256778
2341,-1.3163453143339425
2342,0.7127307536831785
2343,0.13756639510202523
2344,-0.1703411412211184
2345,-0.7801018521981307
2346,-1.4244589155710015
2347,0.2880605280240111
2348,1.6926724352958804
2349,-0.2646162014998337
2350,1.4703908711524871
2351,-1.0784953916124131
2352,-0.3234300005727938
2353,1.1659429700689294
2354,1.1988095048449956
2355,-0.9600028846565966
2356,-0.645176077854281
2357,-0.5872271875912175
2358,0.03204752029465584
2359,-0.15909732669246435
2360,-0.8579436450888129
2361,0.5086122745476116
2362,0.4463388402350656
2363,-0.9340556203597025
2364,0.37714613544334785
2365,-1.0447639480264508
2366,0.7845181849045858
2367,0.5544524414721245
2368,0.34687432709697125
2369,-0.4687346806354009
2370,-1.1087671999587896
2371,-0.9236767146409448
2372,-0.8190227486434718
2373,-1.2480175183521214
2374,-0.8190227486434718
2375,-1.1943931721385403
2376,-0.47651885992446924
2377,-0.1668815059815325
2378,1.0647486393110424
2379,-0.9842203313336976
2380,-0.6642040716720033
2381,1.2515689422486802
2382,-0.5517659263854622
2383,-0.6027955461693539
2384,1.1330764352928637
2385,-0.3761894379764785
2386,-0.3995419758436832
2387,-0.4704644982551939
2388,-1.278289326698498
2389,1.6355884538427135
2390,-0.5310081149479469
2391,-0.062227539984059506
2392,-1.0594673977946907
2393,-0.1703411412211184
2394,-0.9392450732190812
2395,2.5324988897053538
2396,0.10037531627647721
2397,-1.0914690237608602
2398,-1.1909335368989544
2399,-0.6244182664167657
2400,-0.3865683436952362
2401,-0.9721116079951472
2402,0.7291640210712116
2403,1.332005461569052
2404,2.5325075387934524
2405,1.5914781045379933
2406,-0.04579427259602644
2407,-1.2376386126333638
2408,-0.29229328341652083
2409,-0.5725237378229775
2410,2.5325075387934524
2411,-0.9911396018128694
2412,-0.44970668681767856
2413,-0.9271363498805306
2414,-1.0153570484899705
2415,2.5325075387934524
2416,-0.25164256935138674
2417,-0.5595501056745303
2418,-1.2212053452453306
2419,-0.012927737819960703
2420,0.5864540674382939
2421,-0.40819106394264787
2422,-0.9401099820289778
2423,0.001775711948279223
2424,-0.7299371412241352
2425,1.1892955079361343
2426,-1.2350438862036743
2427,2.5325075387934524
2428,1.370061449204497
2429,1.056964460021974
2430,-0.6027955461693539
2431,-1.050818309695726
2432,0.5579120767117104
2433,0.1280523981931643
2434,-1.1805546311801969
2435,0.9402017706859503
2436,1.7765685898558383
2437,-0.34072817677072326
2438,-1.3422925786308368
2439,0.6945676686753527
2440,-0.18158495574977243
2441,0.9626893997432588
2442,-1.286073505987566
2443,-0.6027955461693539
2444,0.04415624363320664
2445,2.5325075387934524
2446,-0.349377264869688
2447,0.922903594488021
2448,-1.3025067733755993
2449,-1.0447639480264508
2450,-1.273099873839119
2451,-0.3554316265389632
2452,-0.7826965786278199
2453,2.5325075387934524
2454,0.6193206022143596
2455,-0.9876799665732835
2456,-0.18677440860915126
2457,1.3882245342123227
2458,-0.7238827795548598
2459,-1.2212053452453306
2460,2.5325075387934524
2461,-0.062227539984059506
2462,-0.41511033442181966
2463,0.3036288866021478
2464,0.37974086187303735
2465,-0.9409748908388742
2466,-1.3457522138704228
2467,0.6694853131883551
2468,-1.2220702540552273
2469,0.7490569236988306
2470,0.5146666362168866
2471,-0.4107857903723374
2472,-0.6218235399870764
2473,0.29411488969328653
2474,-0.7645334936199941
2475,0.40568812616993133
2476,-0.15131314740339602
2477,-1.5974406775502956
2478,-0.9452994348883564
2479,-0.5889570052110105
2480,0.9203088680583318
2481,2.3162716872312363
2482,-0.5906868228308033
2483,0.5406139005137809
2484,0.5406139005137809
2485,2.5325075387934524
2486,-0.16169205312215368
2487,-0.6166340871276975
2488,2.5325075387934524
2489,-0.20580240242687364
2490,0.051940422922274784
2491,0.045886061252999384
2492,0.051940422922274784
2493,1.6537515388505393
2494,1.258488212727852
2495,0.3762812266334515
2496,2.5325075387934524
2497,2.5325075387934524
2498,2.5325075387934524
2499,-1.0516832185056226
2500,-0.3424579943905162
2501,-0.2620214750701444
2502,0.9107948711494706
2503,-0.3234300005727938
2504,-0.5984710021198717
2505,-0.36840525868741036
2506,-0.7109091474064129
2507,-1.1079022911488932
2508,0.25000454038856673
2509,2.1000444847571185
2510,-0.749830043851754
2511,0.16956802106819457
2512,-1.3180751319537356
2513,-0.13747460644505247
2514,-0.3095914596144503
2515,2.3128120519916506
2516,-0.19715331432790892
2517,-1.001518507531627
2518,0.5354244476544019
2519,-1.5619794163445404
2520,-1.2402333390630533
2521,-0.9980588722920412
2522,2.5325075387934524
2523,0.12286294533378529
2524,0.4653668340527878
2525,0.1194033100941994
2526,-1.2540718800213968
2527,1.5594764785718238
2528,-0.9703817903753542
2529,1.632993727413024
2530,0.7516516501285196
2531,1.1841060550767553
2532,0.18340656202653813
2533,2.5325075387934524
2534,-0.2940231010363138
2535,1.0708030009803178
2536,-0.41251560799213033
2537,2.436494011806846
2538,-0.5889570052110105
2539,2.196914271465523
2540,-1.1234706497270295
2541,2.5325075387934524
2542,0.11767349247440666
2543,-0.8908101798648789
2544,2.5325075387934524
2545,-0.18850422622894422
2546,2.5325075387934524
2547,-0.1703411412211184
2548,-1.01795177491966
2549,-1.0767655739926203
2550,-0.3865683436952362
2551,-0.31997036533320794
2552,-0.3580263529686527
2553,-1.170175725461439
2554,-0.10547298047888311
2555,-0.8164280222137824
2556,-0.2628863838800408
2557,0.5605068031413999
2558,2.5325075387934524
2559,1.5473677552332734
2560,-0.2231005786248031
2561,-0.5310081149479469
2562,-0.05530826950488773
2563,-0.49468194493229506
2564,-0.3865683436952362
2565,0.0640491462608252
2566,0.2984394337427688
2567,-1.1649862726020601
2568,-0.692746062398587
2569,-0.8294016543622295
2570,-1.1044426559093072
2571,0.2984394337427688
2572,1.3034634708424686
2573,-0.6797724302501399
2574,2.5325075387934524
2575,-0.9271363498805306
2576,-1.3561311195891803
2577,-1.2808840531281873
2578,0.22232745847187965
2579,0.7577060117977951
2580,-0.6676637069115893
2581,-0.03022591401789014
2582,2.5325075387934524
2583,0.49909827763875025
2584,-0.48343813040364103
2585,2.5325075387934524
2586,-0.674582977390761
2587,2.1545337397805957
2588,0.14362075677130062
2589,-0.69447588001838
2590,-0.37445962035668556
2591,-0.40646124632285496
2592,-0.49468194493229506
2593,-0.1703411412211184
2594,2.5325075387934524
2595,-0.718693326695481
2596,0.7239745682118326
2597,-1.1909335368989544
2598,-0.8717821860471564
2599,1.2628127567773344
2600,1.7324582405511182
2601,1.5343941230848264
2602,-1.0153570484899705
2603,-0.23088475791387142
2604,-1.1745002695109215
2605,1.3795754461133578
2606,0.37022686496417606
2607,1.3112476501315367
2608,-0.5483062911458764
2609,0.44028447856579017
2610,-0.8112385693544036
2611,0.29584470731307966
2612,-0.5647395585339092
2613,-0.1703411412211184
2614,2.5325075387934524
2615,-0.751559861471547
2616,-0.7749123993387518
2617,-0.19715331432790892
2618,-0.5197643004192927
2619,0.016479161716519534
2620,-0.5474413823359797
2621,0.14881020963067965
2622,0.5034228216882325
2623,-0.44278741633850677
2624,2.5325075387934524
2625,-0.013792646629857078
2626,-1.2428280654927426
2627,-1.2878033236073592
2628,-1.1001181118598249
2629,-0.4471119603879892
2630,0.6582414986597012
2631,-1.2324491597739848
2632,-0.8397805600809871
2633,-0.11585188619764077
2634,0.8407372575478564
2635,-0.38397361726554685
2636,0.5181262714564725
2637,2.5325075387934524
2638,2.1381004723925625
2639,1.0777222714594894
2640,-0.7982649372059564
2641,-0.6027955461693539
2642,-0.5664693761537022
2643,-1.3768889310266956
2644,-0.24212857244252547
2645,0.3295761508990418
2646,0.8952265125713342
2647,-0.872647094857053
2648,1.6243446393140593
2649,0.4653668340527878
2650,1.1365360705324496
2651,0.4039583085501386
2652,-1.1926633545187473
2653,0.10642967794575223
2654,0.08394204888844416
2655,0.2154081879927079
2656,0.15918911534943692
2657,0.08740168412803004
2658,0.9004159654307129
2659,1.537853758324412
2660,-0.6131744518881116
2661,-1.1961229897583332
2662,-0.41511033442181966
2663,-0.2507776605414902
2664,1.3406545496680167
2665,2.5325075387934524
2666,0.041561517203517126
2667,2.5325075387934524
2668,0.49650355120906076
2669,0.16697329463850547
2670,0.39184958521158775
2671,-0.4644101365859187
2672,-0.2412636636326291
2673,-1.0698463035134484
2674,2.0490148649732265
2675,-0.09855370999971133
2676,-1.3422925786308368
2677,0.3909846764016914
2678,0.41693194069858536
2679,-0.3554316265389632
2680,-0.9824905137139048
2681,-0.8665927331877776
2682,-0.6616093452423141
2683,0.8640897954150613
2684,-0.7420458645626858
2685,1.3536281818164637
2686,-0.013792646629857078
2687,-1.3803485662662816
2688,0.24913963157867
2689,-1.1312548290160978
2690,0.2733570782557712
2691,-0.3554316265389632
2692,-0.8190227486434718
2693,2.0628534059315697
2694,-0.44278741633850677
2695,1.1460500674413105
2696,-1.0594673977946907
2697,0.5302349947950232
2698,-0.26980565435921255
2699,-0.19282877027842668
2700,-0.5171695739896034
2701,-0.9876799665732835
2702,1.4600119654337296
2703,1.3795754461133578
2704,2.5325075387934524
2705,-0.7749123993387518
2706,-1.0343850423076932
2707,-0.023306643538718367
2708,-0.4566259572968503
2709,-0.7602089495705117
2710,-0.5249537532786714
2711,-0.24299348125242204
2712,0.09518586341709818
2713,0.2733570782557712
2714,-0.40646124632285496
2715,-0.44624705157809264
2716,2.5325075387934524
2717,-0.5785780994922528
2718,1.0189084723865294
2719,-0.11844661262733008
2720,0.12026821890409578
2721,-0.22050585219511376
2722,-0.18072004693987606
2723,-0.5854973699714245
2724,-0.9582730670368036
2725,0.08221223126865101
2726,-1.3448873050605263
2727,-0.5517659263854622
2728,-0.45143650443747146
2729,-0.8864856358153965
2730,0.16005402415933367
2731,-0.7939403931564741
2732,0.6885133070060774
2733,2.5325075387934524
2734,0.23703090824011958
2735,-0.9911396018128694
2736,0.8761985187536117
2737,-0.9262714410706343
2738,0.07269823435979011
2739,-0.23174966672376782
2740,-0.3978121582238902
2741,-0.8648629155679847
2742,-1.3258593112428037
2743,-1.04735867445614
2744,2.3162716872312363
2745,2.5325075387934524
2746,-0.6183639047474905
2747,-0.6287428104662481
2748,-0.02590136996840788
2749,1.4453085156654897
2750,0.1687031122582982
2751,-0.25164256935138674
2752,-0.3926227053645114
2753,0.051940422922274784
2754,-0.8830260005758107
2755,2.334434772239062
2756,2.5325075387934524
2757,-1.0464937656462436
2758,-0.5673342849635987
2759,-0.5630097409141163
2760,-0.28364419531755614
2761,-0.1461236945440172
2762,-1.0594673977946907
2763,0.0977805898467877
2764,2.5325075387934524
2765,-0.182449864559669
2766,0.6521871369904257
2767,-1.260126241690672
2768,-0.76799312885958
2769,-0.018117190679339343
2770,-1.1044426559093072
2771,2.5325075387934524
2772,-0.2594267486404549
2773,-0.2170462169555279
2774,2.007499242098196
2775,-0.49468194493229506
2776,-1.0240061365889355
2777,-0.8985943591539471
2778,-0.9522187053675283
2779,0.15399966249005828
2780,-0.7705878552892693
2781,-0.9409748908388742
2782,-1.2834787795578766
2783,-1.0127623220602813
2784,0.3607128680553148
2785,-0.7731825817189588
2786,-0.07174153689292061
2787,1.3337352791888448
2788,-0.558685196864634
2789,-0.9539485229873214
2790,0.47488083096164907
2791,0.19032583250570992
2792,-0.15217805621329258
2793,-1.3544013019693875
2794,-0.3995419758436832
2795,-0.009468102580374815
2796,-0.39002797893482205
2797,-1.0170868661097636
2798,0.5086122745476116
2799,-0.05876790474447362
2800,-0.45230141324736806
2801,1.6191551864546803
2802,0.21021873513332887
2803,-0.4211646960910951
2804,-0.5829026435417352
2805,-0.17553059408049723
2806,-0.6123095430782151
2807,-0.7671282200496834
2808,0.316602518750595
2809,-0.0025488321012030403
2810,-0.6866917007293116
2811,-0.5837675523516316
2812,2.5325075387934524
2813,1.1460500674413105
2814,0.21281346156301836
2815,-1.1675809990317496
2816,-0.14179915049453493
2817,-0.23001984910397485
2818,-1.2376386126333638
2819,-0.8181578398335754
2820,-0.6616093452423141
2821,0.5224508155059551
2822,-0.5050608506510528
2823,-0.1859094997992549
2824,-1.0291955894483142
2825,0.8277636253994092
2826,-0.5690641025833917
2827,-0.7852913050575094
2828,-0.6027955461693539
2829,0.2673027165864958
2830,-1.1667160902218532
2831,2.5325075387934524
2832,-0.3147809124738291
2833,-1.1407688259249589
2834,-1.1001181118598249
2835,-0.18072004693987606
2836,-0.8631330979481917
2837,-0.6322024457058341
2838,0.8597652513655786
2839,1.5101766764077251
2840,2.2799455172155847
2841,0.2621132637271172
2842,1.7999211277230425
2843,-0.2784547424581773
2844,-0.8795663653362248
2845,-0.28537401293734904
2846,1.317302011800812
2847,-0.29056346579672787
2848,-0.568199193773495
2849,-0.5284133885182574
2850,-0.1270957007262948
2851,-0.903783812013326
2852,-0.692746062398587
2853,-0.04146972854654418
2854,1.408982345649838
2855,0.25951853729742763
2856,0.16697329463850547
2857,-1.0352499511175894
2858,2.5325075387934524
2859,-1.1796897223703002
2860,-0.42375942252078436
2861,-0.6875566095392082
2862,1.0318821045349766
2863,0.23097654657084418
2864,-0.8882154534351895
2865,-1.1537424580734061
2866,-0.9184872617815659
2867,-0.7472353174220647
2868,2.5325075387934524
2869,0.17389256511767723
2870,1.225621677951786
2871,-0.8812961829560177
2872,0.4247161199876539
2873,1.965983619223165
2874,-0.12363606548670891
2875,2.1069637552362903
2876,2.5325075387934524
2877,-0.6027955461693539
2878,-1.214286074766159
2879,0.494773733589268
2880,2.5325075387934524
2881,-1.1338495554457872
2882,-0.7818316698179235
2883,-0.09076953071064298
2884,-0.025036461158511117
2885,-0.6417164426146951
2886,-0.3995419758436832
2887,-0.8804312741461212
2888,-0.5457115647161869
2889,-0.49468194493229506
2890,1.3588176346758425
2891,-1.1822844487999895
2892,2.5325075387934524
2893,0.5864540674382939
2894,-0.7593440407606152
2895,0.9730683054620165
2896,-0.07606608094240305
2897,1.8172193039209723
2898,1.8301929360694191
2899,-1.3985116512741074
2900,-0.21445149052583837
2901,-1.1943931721385403
2902,-0.4730592246848834
2903,-0.36581053225772087
2904,-1.001518507531627
2905,0.5276402683653337
2906,-1.1511477316437166
2907,-0.09163443952053955
2908,-0.6849618831095187
2909,-0.9236767146409448
2910,-0.8285367455523328
2911,-0.08644498666116072
2912,-1.0343850423076932
2913,-0.7109091474064129
2914,0.347739235906868
2915,1.6364533626526099
2916,0.218002914422397
2917,1.2853003858346423
2918,-0.5439817470963939
2919,-0.1798551381299795
2920,0.6582414986597012
2921,1.1399957057720356
2922,0.15399966249005828
2923,-0.1426640593044313
2924,-0.4912223096927092
2925,-1.152012640453613
2926,-1.0404394039769684
2927,-0.4635452277760221
2928,-0.8190227486434718
2929,-0.37532452916658215
2930,0.5181262714564725
2931,-0.8294016543622295
2932,-0.48084340397395153
2933,-0.48084340397395153
2934,-0.5258186620885681
2935,-0.3277545446222761
2936,-0.5664693761537022
2937,0.02512824981548406
2938,-1.0387095863571754
2939,-0.823347292692954
2940,-1.1753651783208179
2941,-0.9409748908388742
2942,-1.4244589155710015
2943,-0.5232239356588786
2944,-0.15044823859349965
2945,-0.6970706064480693
2946,0.37022686496417606
2947,-0.905513629633119
2948,0.7715445527561386
2949,-0.6330673545157304
2950,1.0924257212277295
2951,-0.9539485229873214
2952,-1.1104970175785824
2953,0.28633071040421837
2954,0.7732743703759318
2955,0.3503339623365571
2956,0.07096841673999697
2957,1.1192378943345203
2958,-0.6079849990287328
2959,0.7239745682118326
2960,-0.19974804075759844
2961,1.253298759868473
2962,-1.4677043560658252
2963,-1.054277944935312
2964,-0.1703411412211184
2965,0.7516516501285196
2966,-0.540522111856808
2967,0.144485665581197
2968,-0.7671282200496834
2969,0.07183332554989336
2970,2.5325075387934524
2971,-1.222935162865124
2972,0.28460089278442524
2973,-1.096658476620239
2974,2.5325075387934524
2975,-0.21791112576542426
2976,1.5594764785718238
2977,2.5325075387934524
2978,-0.2170462169555279
2979,1.3622772699154282
2980,-1.3474820314902156
2981,-0.24558820768211137
2982,-0.9271363498805306
2983,-1.2523420624016037
2984,2.1666424631191465
2985,-0.6875566095392082
2986,-1.0499534008858296
2987,0.6980273039149386
2988,-0.2196409433852172
2989,-0.29488800984621016
2990,0.10469986032595947
2991,-1.3137505879042533
2992,0.7308938386910043
2993,-1.0404394039769684
2994,-1.2263947981047096
2995,0.11075422199523488
2996,-0.8043192988752318
2997,-0.15650260026277485
2998,1.4081174368399416
2999,-0.2256953050544926
3000,-0.7282073236043423
3001,-1.1381740994952696
3002,0.045886061252999384
3003,-0.4393277810989209
3004,1.3086529237018472
3005,-0.9271363498805306
3006,0.3313059685188349
3007,-0.8432401953205729
3008,-0.42375942252078436
3009,-0.7178284178855846
3010,-0.8501594657997448
3011,-1.3163453143339425
3012,-0.5336028413776363
3013,1.9962554275695417
3014,1.2368654924804399
3015,1.0266926516755976
3016,0.16091893296923004
3017,2.5325075387934524
3018,-0.7930754843465776
3019,1.4513628773347649
3020,1.2827056594049533
3021,-0.9271363498805306
3022,-0.7697229464793729
3023,1.216107681042925
3024,-1.324129493623011
3025,0.8390074399280633
3026,-0.9807606960941119
3027,-0.8925399974846717
3028,-0.16515168836173957
3029,0.37022686496417606
3030,-0.3571614441587561
3031,-1.1753651783208179
3032,-0.3147809124738291
3033,-0.05790299593457724
3034,0.23184145538074055
3035,-0.8397805600809871
3036,-1.010167595630592
3037,-1.081955026851999
3038,0.3252516068495595
3039,-0.05530826950488773
3040,-0.37705434678637506
3041,-0.19455858789821961
3042,-0.09163443952053955
3043,-0.5379273854271187
3044,-1.0395744951670718
3045,-0.6590146188126246
3046,0.13410675986243933
3047,-0.4142454256119233
3048,0.296709616122976
3049,-1.1606617285525778
3050,-1.1537424580734061
3051,0.8026812699124116
3052,-1.0490884920759331
3053,-1.4642447208262392
3054,-0.4695995894452975
3055,0.9626893997432588
3056,-0.4116506991822338
3057,-0.9228118058310484
3058,1.1737271493579975
3059,0.6037522436362233
3060,-0.3848385260754432
3061,-0.09249934833043592
3062,-1.184879175229679
3063,0.5146666362168866
3064,1.5810991988192356
3065,-1.173635360701025
3066,0.33563051256831716
3067,0.5899137026778797
3068,-0.21272167290604543
3069,-0.6218235399870764
3070,0.29065525445370066
3071,-0.5465764735260834
3072,-0.16861132360132544
3073,-1.289533141227152
3074,-0.1703411412211184
3075,-1.1502828228338202
3076,-0.5509010175755656
3077,2.5325075387934524
3078,-0.9686519727555613
3079,-0.15390787383308552
3080,-0.7723176729090623
3081,1.0733977274100073
3082,2.5325075387934524
3083,-0.6564198923829352
3084,2.5325075387934524
3085,-0.3865683436952362
3086,-0.4912223096927092
3087,2.5325075387934524
3088,0.4904491895397854
3089,-0.6027955461693539
3090,0.20070473822446758
3091,0.6409433224617717
3092,2.1536688309707
3093,1.7212144260224642
3094,1.0759924538396963
3095,0.08221223126865101
3096,-0.3865683436952362
3097,0.902145783050506
3098,0.5432086269434705
3099,-1.168445907841646
3100,-1.0041132339613166
3101,-0.9945992370524552
3102,2.5325075387934524
3103,-1.0153570484899705
3104,-0.42375942252078436
3105,0.06923859912020422
3106,-0.8778365477164318
3107,2.5325075387934524
3108,0.6729449484279411
3109,0.8900370597119552
3110,-0.18936913503884079
3111,-0.9427047084586672
3112,-0.8665927331877776
3113,-1.0611972154144838
3114,-0.40819106394264787
3115,-0.6002008197396647
3116,0.7646252822769669
3117,-1.4123501922324508
3118,1.0405311926339411
3119,-0.990274693002973
3120,0.08048241364885826
3121,0.23789581705001595
3122,-1.3128856790943568
3123,-0.8121034781643
3124,0.15399966249005828
3125,-0.09682389237991838
3126,1.0708030009803178
3127,-0.5751184642526669
3128,-0.8579436450888129
3129,-0.9625976110862859
3130,0.5639664383809858
3131,-0.5932815492604929
3132,0.27768162230525345
3133,2.5325075387934524
3134,-0.6624742540522104
3135,0.6002926083966375
3136,-0.7109091474064129
3137,0.3832004971126232
3138,0.05280533173217116
3139,0.2621132637271172
3140,1.7021864322047418
3141,-0.5976060933099752
3142,-1.1329846466358908
3143,-1.2558016976411897
3144,-1.0715761211332413
3145,-0.3709999851170997
3146,2.5325075387934524
3147,0.5406139005137809
3148,-0.2689407455493162
3149,-0.8043192988752318
3150,2.5325075387934524
3151,0.5181262714564725
3152,-1.381213475076178
3153,-0.49900648898177735
3154,0.4532581107142374
3155,-0.077795898562196
3156,-0.5621448321042198
3157,-0.91502762654198
3158,-0.14352896811432786
3159,-0.3355387239113444
3160,0.2621132637271172
3161,-0.2784547424581773
3162,1.102804626946487
3163,0.051940422922274784
3164,1.1313466176730707
3165,-1.0266008630186247
3166,-1.1364442818754767
3167,2.5324988897053538
3168,1.1719973317382049
3169,-0.06741699284343834
3170,2.5325075387934524
3171,1.1719973317382049
3172,-1.0283306806384178
3173,-1.2558016976411897
3174,-1.3232645848131144
3175,0.30535870422194056
3176,1.3795754461133578
3177,0.5700208000502608
3178,-0.5941464580703892
3179,2.5325075387934524
3180,0.1626487505890228
3181,-0.6261480840365586
3182,-0.3095914596144503
3183,-0.2533723869711797
3184,0.9920962992797387
3185,-1.177094995940611
3186,-0.3303492710519656
3187,0.12113312771399254
3188,-1.063791941844173
3189,0.5778049793393293
3190,-0.5976060933099752
3191,-1.0231412277790388
3192,0.9678788526026375
3193,-0.08125553380178188
3194,-0.28537401293734904
3195,-0.1703411412211184
3196,-0.8380507424611942
3197,1.16334824363924
3198,-1.1433635523546484
3199,-0.7645334936199941
3200,-0.32602472700248314
3201,-0.46786977182550454
3202,-0.6287428104662481
3203,2.5325075387934524
3204,-0.22742512267428555
3205,1.6165604600249908
3206,-0.8190227486434718
3207,-0.6373918985652128
3208,-0.9072434472529118
3209,-0.1296904271559843
3210,0.4740159221517527
3211,-0.8847558181956037
3212,0.24395017871929137
3213,0.4307704816569289
3214,-0.7316669588439282
3215,-1.050818309695726
3216,0.045886061252999384
3217,-0.012062829010064327
3218,1.1408606145819318
3219,-0.8959996327242576
3220,1.155564064350172
3221,0.7551112853681056
3222,-0.08298535142157483
3223,0.03204752029465584
3224,-0.45143650443747146
3225,-0.8795663653362248
3226,-0.7939403931564741
3227,-0.9158925353518766
3228,0.15399966249005828
3229,2.4494676439552925
3230,-0.49468194493229506
3231,-0.7429107733725823
3232,1.5274748526056545
3233,0.37022686496417606
3234,0.35206377995635024
3235,-0.026766278778304255
3236,2.5325075387934524
3237,-0.8380507424611942
3238,-0.07520117213250649
3239,1.4980679530691743
3240,0.37022686496417606
3241,2.5325075387934524
3242,2.5325075387934524
3243,-0.13487988001536313
3244,-0.226560213864389
3245,-0.1703411412211184
3246,-0.5759833730625634
3247,0.8891721509020588
3248,0.8182496284905479
3249,0.35898305043552203
3250,0.9557701292640871
3251,-0.5197643004192927
3252,-0.6417164426146951
3253,2.0801515821294996
3254,1.1546991555402755
3255,0.1410260303416111
3256,0.1747574739275736
3257,-1.1433635523546484
3258,-1.1433635523546484
3259,-1.2082317130968838
3260,1.3622772699154282
3261,-0.6996653328777588
3262,-0.3649456234478245
3263,-0.42462433133068095
3264,-0.3761894379764785
3265,-0.9375152555992883
3266,0.05885969340144656
3267,-1.0222763189691424
3268,0.023398432195691307
3269,2.4053572946505724
3270,-0.2170462169555279
3271,-0.1703411412211184
3272,0.2785465311151502
3273,0.5354244476544019
3274,-0.8553489186591235
3275,-0.7109091474064129
3276,-1.2004475338078153
3277,-0.7939403931564741
3278,-0.02763118758820063
3279,0.25000454038856673
3280,-0.08903971309085004
3281,-1.0352499511175894
3282,0.5864540674382939
3283,-0.28883364817693497
3284,-0.4280839665702668
3285,-1.2644507857401546
3286,0.11161913080513125
3287,-1.2021773514276086
3288,-0.15044823859349965
3289,-0.3234300005727938
3290,-0.07693098975229944
3291,2.5325075387934524
3292,0.525910450745541
3293,-0.4548961396770574
3294,-0.24212857244252547
3295,-0.6979355152579658
3296,-0.09336425714033249
3297,-0.2473180253019043
3298,-1.0335201334977966
3299,-1.1943931721385403
3300,0.7499218325087269
3301,0.8303583518290988
3302,1.0889660859881436
3303,-0.2403987548227325
3304,2.1000444847571185
3305,-1.024871045398832
3306,0.02858788505506995
3307,0.5959680643471551
3308,-0.6564198923829352
3309,0.9107948711494706
3310,-1.3379680345813545
3311,-0.49468194493229506
3312,-0.7783720345783377
3313,-0.9132978089221871
3314,-1.094928659000446
3315,-0.9738414256149401
3316,0.10037531627647721
3317,1.2048638665142706
3318,-0.8977294503440506
3319,2.1060988464263932
3320,-0.8406454688908834
3321,-0.1703411412211184
3322,-1.2921278676568415
3323,-0.5483062911458764
3324,0.1721627474978841
3325,-0.5059257594609491
3326,1.7142951555432924
3327,0.4152021230787926
3328,2.5324988897053538
3329,0.0856718665082369
3330,-0.3960823406040973
3331,-0.7904807579168883
3332,0.4368248433262043
3333,0.08221223126865101
3334,0.006965164807658247
3335,-0.5457115647161869
3336,-1.2679104209797405
3337,-0.8942698151044647
3338,0.09605077222699457
3339,1.431469974707146
3340,-0.6097148166485258
3341,-0.7913456667267846
3342,1.0941555388475226
3343,-0.7541545879012365
3344,-0.26115656626024786
3345,0.20416437346405344
3346,-0.6840969742996224
3347,-0.9288661675003236
3348,0.9332825002067786
3349,2.5325075387934524
3350,-0.5759833730625634
3351,-0.29748273627589966
3352,0.5302349947950232
3353,-0.8856207270055
3354,-0.9548134317972178
3355,1.273191662496092
3356,0.5051526393080257
3357,-0.257696931020662
3358,2.5325075387934524
3359,-0.8951347239143613
3360,-0.4168401520416126
3361,-0.2689407455493162
3362,-0.5872271875912175
3363,1.0621539128813529
3364,-0.11325715976795125
3365,-0.718693326695481
3366,-0.4704644982551939
3367,-0.1703411412211184
3368,0.5328297212247127
3369,-0.777507125768441
3370,-0.9176223529716695
3371,1.1244273471938988
3372,-1.1468231875942343
3373,0.6893782158159741
3374,0.6945676686753527
3375,0.2759518046854607
3376,1.1979445960350987
3377,-0.17553059408049723
3378,0.7525165589384164
3379,-1.4028361953235897
3380,-0.4280839665702668
3381,0.9618244909333624
3382,-0.4548961396770574
3383,0.6063469700659128
3384,-1.1130917440082717
3385,-0.2940231010363138
3386,-0.03714518449706192
3387,-0.6953407888282763
3388,-1.168445907841646
3389,0.981717393560981
3390,-0.3865683436952362
3391,0.051075514112378026
3392,0.6435380488914608
3393,1.9123592730095844
3394,0.4108775790293103
3395,-1.1753651783208179
3396,-0.2784547424581773
3397,0.4705562869121668
3398,-0.1980182231378055
3399,-0.20320767599718434
3400,-0.2620214750701444
3401,-0.9107030824924978
3402,2.2721613379265158
3403,-0.47911358635415857
3404,-0.11066243333826194
3405,1.6572111740901252
3406,-1.0093026868206953
3407,-0.9452994348883564
3408,-1.0188166837295565
3409,-0.5361975678073257
3410,-1.0352499511175894
3411,0.6634309515190797
3412,0.46882646929237365
3413,0.5535875326622282
3414,-1.3163453143339425
3415,0.2897903456438043
3416,-0.20493749361697727
3417,0.2612483549172208
3418,-0.7948053019663706
3419,-0.44624705157809264
3420,1.421955977798285
3421,-0.9703817903753542
3422,-0.5993359109297681
3423,-1.0240061365889355
3424,1.2896249298841251
3425,0.9834472111807742
3426,-1.1217408321072366
3427,-0.9738414256149401
3428,0.11594367485461352
3429,0.500828095258543
3430,-0.029361005207993767
3431,-1.0352499511175894
3432,2.5325075387934524
3433,-1.286073505987566
3434,-0.3208352741431043
3435,-0.6953407888282763
3436,-0.751559861471547
3437,-1.052548127315519
3438,-0.03282064044757965
3439,-0.9937343282425589
3440,-0.5811728259219423
3441,-0.1859094997992549
3442,0.30016925136256195
3443,1.9720379808924409
3444,0.20502928227395023
3445,0.9263632297276069
3446,0.9125246887692633
3447,0.15399966249005828
3448,-0.5310081149479469
3449,0.3875250411621055
3450,0.1661083858286087
3451,0.5172613626465761
3452,-0.3649456234478245
3453,1.2878951122643318
3454,-0.01638737305954659
3455,-0.2256953050544926
3456,0.13583657748223246
3457,0.6210504198341528
3458,-0.37186489392699623
3459,0.47747555739133857
3460,-0.6027955461693539
3461,-0.40646124632285496
3462,-1.0032483251514202
3463,-1.210826439526573
3464,-0.9842203313336976
3465,-0.8077789341148177
3466,0.32265688041987
3467,-0.09682389237991838
3468,-0.10460807166898653
3469,0.18340656202653813
3470,-1.1269302849666154
3471,0.48439482787051036
3472,0.6167258757846704
3473,-0.5163046651797067
3474,-0.4868977656432269
3475,-0.5266835708984644
3476,-0.16601659717163614
3477,-0.12623079191639844
3478,-1.1416337347348555
3479,0.4281757552272398
3480,-1.04735867445614
3481,1.5663957490509957
3482,-1.0421692215967613
3483,1.3622772699154282
3484,0.5760751617195362
3485,1.199674413654892
3486,0.2759518046854607
3487,0.28373598397452887
3488,-0.8475647393700553
3489,-1.0534130361254153
3490,-0.7411809557527893
3491,-1.197852807378126
3492,0.29152016326359703
3493,-0.9504888877477354
3494,0.5622366207611926
3495,-0.40646124632285496
3496,-0.5327379325677398
3497,-0.8432401953205729
3498,0.06145441983113569
3499,-0.9790308784743189
3500,-0.883890909385707
3501,0.1470803920108865
3502,-0.2784547424581773
3503,0.05280533173217116
3504,0.5285051771752302
3505,-0.8985943591539471
3506,-0.7610738583804082
3507,-0.9245416234508413
3508,-0.7109091474064129
3509,2.5325075387934524
3510,-0.33380890629155147
3511,-0.7532896790913399
3512,-1.0387095863571754
3513,0.7568411029878988
3514,0.3044937954120442
3515,-1.1252004673468226
3516,-0.11585188619764077
3517,-0.18158495574977243
3518,-0.9617327022763895
3519,2.5325075387934524
3520,2.5325075387934524
3521,-0.5439817470963939
3522,2.5325075387934524
3523,1.7177547907828778
3524,0.09259113698740867
3525,0.9644192173630516
3526,-1.2540718800213968
3527,0.8026812699124116
3528,-1.2082317130968838
3529,1.7955965836735601
3530,2.5325075387934524
3531,0.4973684600189571
3532,-0.8337261984117117
3533,0.4549879283340301
3534,-0.3217001829530009
3535,-0.5361975678073257
3536,-0.9184872617815659
3537,2.5324988897053538
3538,2.5325075387934524
3539,0.7732743703759318
3540,-1.1779599047505074
3541,-0.9703817903753542
3542,0.2742219870656676
3543,2.5325075387934524
3544,-1.2696402385995331
3545,0.18946092369581352
3546,-0.7697229464793729
3547,-0.31910545652331135
3548,-0.49295212731250215
3549,0.5215859066960583
3550,1.9348469020668926
3551,0.922903594488021
3552,0.7862480025243785
3553,0.7334885651206938
3554,0.10469986032595947
3555,-0.9937343282425589
3556,0.32265688041987
3557,-0.8190227486434718
3558,-0.8328612896018153
3559,-0.9132978089221871
3560,1.2351356748606472
3561,1.5205555821264827
3562,0.16178384177912644
3563,0.45152829309444426
3564,0.845926710407235
3565,1.2757863889257814
3566,-1.001518507531627
3567,1.26627239201692
3568,1.9054400025304126
3569,0.211948552753122
3570,-0.1305553359658807
3571,2.5325075387934524
3572,2.5325075387934524
3573,0.37022686496417606
3574,0.5146666362168866
3575,-0.9107030824924978
3576,0.8606301601754753
3577,-0.3069967331847608
3578,-0.45835577491664325
3579,1.153834246730379
3580,0.2828710751646325
3581,-1.080225209232206
3582,1.3899543518321154
3583,-0.12882551834608774
3584,-0.9842203313336976
3585,-0.49468194493229506
3586,0.6660256779487692
3587,2.5325075387934524
3588,-0.7489651350418576
3589,-0.5353326589974292
3590,0.31833233637038777
3591,-0.4436523251484033
3592,-1.2644507857401546
3593,0.016479161716519534
3594,1.3129774677513295
3595,-0.5465764735260834
3596,0.15399966249005828
3597,-0.9807606960941119
3598,2.5325075387934524
3599,-0.4912223096927092
3600,0.9254983209177104
3601,2.5325075387934524
3602,-1.006707960391006
3603,-0.1703411412211184
3604,0.2084889175135361
3605,-0.2378040283930432
3606,0.04761587887279214
3607,1.219567316282511
3608,0.39617412926107004
3609,-0.3121861860441396
3610,-0.1763955028903936
3611,0.3105481570813196
3612,1.4375243363764214
3613,-1.3786187486464887
3614,-0.5811728259219423
3615,-0.15390787383308552
3616,-0.1703411412211184
3617,0.3416848742375926
3618,0.16437856820881594
3619,-1.063791941844173
3620,-0.45143650443747146
3621,-0.8095087517346107
3622,0.353793597576143
3623,-0.18936913503884079
3624,-0.8095087517346107
3625,2.3162716872312363
3626,1.273191662496092
3627,-0.9254065322607377
3628,-0.6200937223672834
3629,0.29324998088339016
3630,0.22405727609167242
3631,0.001775711948279223
3632,0.2525992668182559
3633,-0.5119801211302245
3634,-0.872647094857053
3635,-0.615769178317801
3636,-0.7169635090756881
3637,-0.8579436450888129
3638,-0.9141627177320837
3639,-1.2393684302531567
3640,0.6089416964956019
3641,0.051075514112378026
3642,-0.07087662808302422
3643,-0.4280839665702668
3644,0.15572948010985102
3645,0.2811412575448394
3646,-1.2748296914589121
3647,0.8883072420921625
3648,-0.8466998305601589
3649,-1.3526714843495944
3650,-0.1859094997992549
3651,0.13670148629212883
3652,-0.8371858336512976
3653,-0.44884177800778213
3654,-0.9824905137139048
3655,-0.09509407476012544
3656,0.15399966249005828
3657,-0.28623892174724547
3658,0.5864540674382939
3659,2.5212550751767
3660,-0.07347135451271354
3661,-0.3796490732160644
3662,-0.8787014565263283
3663,-0.33207908867175856
3664,-0.5214941180390856
3665,0.7689498263264491
3666,0.9670139437927411
3667,-0.18158495574977243
3668,-0.705719694547034
3669,0.6383485960320822
3670,0.5734804352898467
3671,-1.2125562571463662
3672,0.13324185105254296
3673,1.3129774677513295
3674,0.5293700859851269
3675,2.5325075387934524
3676,2.5325075387934524
3677,-1.080225209232206
3678,0.761165647037381
3679,1.8189491215407652
3680,0.5068824569278184
3681,-0.887350544625293
3682,-0.3519719912993773
3683,-0.06049772236426675
3684,-0.28623892174724547
3685,0.18686619726612402
3686,2.5325075387934524
3687,0.311413065891216
3688,-1.171905543081232
3689,0.003505529568072359
3690,1.8578700179861063
3691,0.24654490514898086
3692,0.19811001179477844
3693,2.5325075387934524
3694,-0.006008467340788928
3695,-0.47392413349477974
3696,-1.0283306806384178
3697,1.3138423765612262
3698,-0.062227539984059506
3699,-0.5517659263854622
3700,0.8485214368369245
3701,0.2897903456438043
3702,-0.15044823859349965
3703,1.0024752049984964
3704,-0.7671282200496834
3705,-0.9003241767737401
3706,1.2974091091731932
3707,-0.34764744724989505
3708,-0.3165107300936221
3709,0.8355478046884773
3710,-0.24299348125242204
3711,0.2828710751646325
3712,0.18513637964633126
3713,1.3432492760977062
3714,-0.40819106394264787
3715,0.5086122745476116
3716,-0.9435696172685637
3717,-0.5163046651797067
3718,-0.6123095430782151
3719,2.5325075387934524
3720,1.261082939157541
3721,-0.4920872185026057
3722,-0.44019268990881744
3723,-1.0456288568363472
3724,-0.2170462169555279
3725,0.2361659994302232
3726,0.7127307536831785
3727,-1.0499534008858296
3728,-1.1277951937765118
3729,-0.29229328341652083
3730,-1.2869384147974625
3731,-0.6027955461693539
3732,1.0189084723865294
3733,2.072367402840431
3734,-0.5656044673438058
3735,1.6476971771812639
3736,-0.7602089495705117
3737,-0.903783812013326
3738,0.15399966249005828
3739,-0.17726041170029017
3740,-0.1392044240648454
3741,2.5325075387934524
3742,-0.9349205291695988
3743,2.5325075387934524
3744,-0.4004068846535797
3745,-0.7065846033569306
3746,-1.3085611350448743
3747,0.3062236130318373
3748,-0.18936913503884079
3749,-0.8830260005758107
3750,1.9720379808924409
3751,2.5325075387934524
3752,-0.46095050134633275
3753,0.9912313904698423
3754,-0.25164256935138674
3755,0.15399966249005828
3756,1.3588176346758425
3757,-0.8830260005758107
3758,-0.18850422622894422
3759,-0.8051842076851282
3760,-0.08903971309085004
3761,-0.25164256935138674
3762,1.010259384287565
3763,-0.9963290546722484
3764,-0.08039062499188532
3765,-0.23174966672376782
3766,0.8684143394645435
3767,-0.7636685848100976
3768,-0.9894097841930766
3769,-0.9859501489534908
3770,0.06577896388061834
3771,-0.24818293411180087
3772,0.311413065891216
3773,-1.3448873050605263
3774,-0.8622681891382954
3775,0.46882646929237365
3776,2.5325075387934524
3777,-1.0715761211332413
3778,1.2835705682148497
3779,-0.7403160469428929
3780,1.018043563576633
3781,0.8952265125713342
3782,0.45671774595382325
3783,2.1545337397805957
3784,-0.748100226231961
3785,-0.8146982045939895
3786,-1.2878033236073592
3787,-0.4211646960910951
3788,-0.8510243746096411
3789,1.420226160178492
3790,-0.4998713977916739
3791,0.6288345991232209
3792,-0.16947623241122203
3793,0.421256484748068
3794,1.2870302034544354
3795,-0.3891630701249255
3796,-0.7264775059845493
3797,-1.1338495554457872
3798,0.25865362848753126
3799,-1.199582624997919
3800,-0.19369367908832305
3801,-0.1115273421481583
3802,1.7757036810459417
3803,-0.6088499078386291
3804,-1.2402333390630533
3805,-0.9271363498805306
3806,-0.36754034987751383
3807,-1.3293189464823896
3808,-0.14093424168463836
3809,-0.9003241767737401
3810,-0.9729765168050436
3811,-0.13747460644505247
3812,0.25086944919846316
3813,-1.1165513792478576
3814,0.13929621272181836
3815,0.009559891237347759
3816,0.19032583250570992
3817,-0.5725237378229775
3818,-0.31132127723424324
3819,0.03810188196393124
3820,-0.5007363066015703
3821,-1.037844677547279
3822,0.4376897521361007
3823,0.3996337645006559
3824,-0.49468194493229506
3825,0.48007028382102773
3826,-1.1433635523546484
3827,0.9419315883057435
3828,-0.05530826950488773
3829,2.5325075387934524
3830,-1.1693108166515427
3831,-0.645176077854281
3832,1.1754569669777908
3833,-0.7109091474064129
3834,-1.0888742973311707
3835,-1.276559509078705
3836,-0.9072434472529118
3837,-0.8069140253049212
3838,2.5325075387934524
3839,-0.4695995894452975
3840,0.09605077222699457
3841,-0.35370180891917025
3842,0.4420142961855833
3843,-1.368239842927731
3844,-0.7671282200496834
3845,1.6675900798088827
3846,-0.36235089701813494
3847,-0.213586581715942
3848,-0.538792294237015
3849,-1.0326552246879
3850,-0.7446405909923751
3851,-0.558685196864634
3852,-1.0352499511175894
3853,-0.5128450299401209
3854,-0.0656871752236454
3855,2.5324988897053538
3856,-1.1753651783208179
3857,-0.8553489186591235
3858,-0.3831087084556503
3859,0.045886061252999384
3860,2.0654481323612597
3861,-0.3554316265389632
3862,-0.933190711549806
3863,-0.3156458212837255
3864,-0.04752409021581958
3865,-0.029361005207993767
3866,-1.2359087950135708
3867,-0.5526308351953586
3868,1.0733977274100073
3869,-0.7645334936199941
3870,-0.8190227486434718
3871,0.9471210411651222
3872,-0.37445962035668556
3873,2.5325075387934524
3874,0.5864540674382939
3875,0.8441968927874423
3876,0.4670966516725809
3877,0.09605077222699457
3878,-0.9409748908388742
3879,0.6599713162794939
3880,1.9313872668273062
3881,0.5302349947950232
3882,-0.3511070824894809
3883,1.7610002312777013
3884,-0.2784547424581773
3885,1.5802342900093391
3886,1.7238091524521537
3887,1.114048441475141
3888,-0.36840525868741036
3889,1.8120298510615933
3890,-0.23866893720293958
3891,-0.7109091474064129
3892,-0.7645334936199941
3893,-1.294722594086531
3894,-1.0975233854301356
3895,2.5325075387934524
3896,-0.34072817677072326
3897,-0.696205697638173
3898,-1.291262958846945
3899,-0.8034543900653353
3900,0.14275584796140425
3901,1.0708030009803178
3902,2.5325075387934524
3903,-0.7109091474064129
3904,-1.111361926388479
3905,0.6962974862951455
3906,-0.7169635090756881
3907,-1.1329846466358908
3908,-0.318240547713415
3909,0.1038349515160631
3910,-0.5465764735260834
3911,0.8666845218447503
3912,-1.1649862726020601
3913,-0.872647094857053
3914,0.10037531627647721
3915,1.2913547475039178
3916,-0.7048547857371377
3917,0.7032167567743173
3918,-0.5638746497240128
3919,-0.017252281869442967
3920,0.5579120767117104
3921,1.1417255233918282
3922,0.6625660427091834
3923,-0.4289488753801632
3924,0.45931247238351275
3925,-0.6209586311771798
3926,-0.6123095430782151
3927,-0.28277928650765954
3928,-0.7377213205132034
3929,-0.6019306373594576
3930,1.2939494739336073
3931,-0.9574081582269073
3932,-1.1710406342713355
3933,-0.43673305466923157
3934,-1.2082317130968838
3935,0.40049867331055267
3936,-0.11585188619764077
3937,-0.718693326695481
3938,-1.0404394039769684
3939,0.3261165156594559
3940,-0.2075322200466666
3941,0.741272744409762
3942,0.2577887196776349
3943,-0.19888313194770188
3944,0.07442805197958287
3945,0.4740159221517527
3946,2.286864787694756
3947,1.261947847967438
3948,-0.21791112576542426
3949,-0.5517659263854622
3950,-0.28364419531755614
3951,2.5325075387934524
3952,-0.36235089701813494
3953,0.43336520808661844
3954,-1.2350438862036743
3955,-0.7247476883647564
3956,2.5325075387934524
3957,0.37022686496417606
3958,2.1035041199967037
3959,2.5325075387934524
3960,-0.37272980273689266
3961,-1.1623915461723708
3962,-0.6071200902188363
3963,-1.1892037192791614
3964,-0.7904807579168883
3965,-0.22742512267428555
3966,-0.28364419531755614
3967,0.5648313471908821
3968,-0.558685196864634
3969,0.5864540674382939
3970,-0.7688580376694764
3971,-0.349377264869688
3972,-0.8536191010393306
3973,-0.5413870206667045
3974,-1.2981822293261167
3975,1.199674413654892
3976,0.024263341005587684
3977,-0.6408515338047988
3978,-0.872647094857053
3979,-1.0888742973311707
3980,-0.004278649720995792
3981,-0.5327379325677398
3982,2.1000444847571185
3983,0.8891721509020588
3984,-0.2784547424581773
3985,0.3598479592454184
3986,-0.8778365477164318
3987,-1.305966408615185
3988,-0.02590136996840788
3989,-0.6486357130938669
3990,-0.434138328239542
3991,0.8666845218447503
3992,1.8405718417881771
3993,-0.9807606960941119
3994,-0.4566259572968503
3995,2.5325075387934524
3996,1.3060581972721577
3997,0.5976978819669478
3998,-0.36754034987751383
3999,-0.07260644570281717
4000,1.8656541972751748
4001,0.6651607691388729
4002,-1.1200110144874436
4003,0.045886061252999384
4004,-1.157202093312992
4005,-0.7455054998022718
4006,2.5325075387934524
4007,-0.6693935245313822
4008,-0.5310081149479469
4009,-0.19369367908832305
4010,-0.3701350763072033
4011,-0.7013951504975517
4012,0.22059764085208652
4013,0.02858788505506995
4014,0.15399966249005828
4015,0.2214625496619829
4016,-0.8596734627086058
4017,0.5769400705294325
4018,0.2707623518260817
4019,0.2577887196776349
4020,0.9626893997432588
4021,2.5325075387934524
4022,-1.0188166837295565
4023,-0.32688963581237973
4024,-0.8985943591539471
4025,1.7255389700719466
4026,-0.08903971309085004
4027,1.9478205342153392
4028,-0.9470292525081496
4029,0.1998398294145712
4030,0.07875259602906513
4031,-0.2784547424581773
4032,-0.5483062911458764
4033,0.1937854677452958
4034,-0.6512304395235564
4035,1.6762391679078472
4036,-0.1210413390570196
4037,0.3996337645006559
4038,0.13324185105254296
4039,-0.39002797893482205
4040,0.22232745847187965
4041,-0.422894513710888
4042,-0.49468194493229506
4043,-0.6027955461693539
4044,0.5501278974226422
4045,-0.6996653328777588
4046,-0.43673305466923157
4047,-0.6270129928464552
4048,-1.1104970175785824
4049,0.390119767591795
4050,-0.44884177800778213
4051,-1.1252004673468226
4052,1.0258277428657012
4053,-0.47997849516405516
4054,-0.5266835708984644
4055,-0.7904807579168883
4056,-0.3156458212837255
4057,0.41693194069858536
4058,0.5864540674382939
4059,1.2723267536861955
4060,0.902145783050506
4061,0.5907786114877761
4062,-0.8190227486434718
4063,-0.2066673112367702
4064,-0.7109091474064129
4065,1.4911486825900024
4066,-0.7160986002657916
4067,2.5325075387934524
4068,2.5325075387934524
4069,-0.9790308784743189
4070,0.7222447505920399
4071,-1.1952580809484368
4072,-1.0620621242243802
4073,2.492713084450116
4074,-1.4028361953235897
4075,-0.04752409021581958
4076,-0.046659181405923206
4077,-0.3865683436952362
4078,-0.4548961396770574
4079,1.0344768309646657
4080,2.5325075387934524
4081,-0.4782486775442622
4082,0.17129783868798773
4083,-0.7697229464793729
4084,-0.43327341942964565
4085,2.5325075387934524
4086,0.36330759448500427
4087,0.06750878150041109
4088,-1.335373308151665
4089,-1.1935282633286437
4090,0.113348948424924
4091,0.045886061252999384
4092,2.5325075387934524
4093,0.01907388814620866
4094,2.5325075387934524
4095,-0.5673342849635987
4096,-0.29488800984621016
4097,2.5325075387934524
4098,-0.8709172772372601
4099,1.603586827876544
4100,-0.507655577080742
4101,0.9946910257094282
4102,-0.10460807166898653
4103,-0.21531639933573493
4104,1.6053166454963368
4105,-0.49468194493229506
4106,-0.010333011390271192
4107,0.9782577583213952
4108,0.6080767876857055
4109,-0.9418397996487706
4110,-0.8501594657997448
4111,1.3250861910898803
4112,-0.4133805168020267
4113,0.9808524847510847
4114,1.5231503085561722
4115,-0.2784547424581773
4116,-0.1703411412211184
4117,-1.3137505879042533
4118,-0.40213670227337267
4119,-0.5517659263854622
4120,-0.883890909385707
4121,-0.3511070824894809
4122,1.3103827413216405
4123,-0.31737563890351844
4124,0.8312232606389951
4125,-0.9427047084586672
4126,0.07269823435979011
4127,-0.9444345260784601
4128,2.0836112173690853
4129,-1.3267242200527003
4130,-0.8294016543622295
4131,2.5325075387934524
4132,0.38925485878189825
4133,0.7507867413186233
4134,2.5325075387934524
4135,0.43855466094599743
4136,0.5112070009773007
4137,-0.3459176296301021
4138,-0.3779192555962715
4139,-0.14439387692422423
4140,-0.5811728259219423
4141,-0.19628840551801255
4142,1.7411073286500829
4143,-0.3865683436952362
4144,-1.2333140685838815
4145,-0.2594267486404549
4146,1.5810991988192356
4147,-0.9271363498805306
4148,2.5325075387934524
4149,-1.1044426559093072
4150,-1.190068628089058
4151,-0.391757796554615
4152,-1.1104970175785824
4153,0.812195266821273
4154,-0.062227539984059506
4155,-0.1763955028903936
4156,-0.45835577491664325
4157,0.11680858366450989
4158,-0.9020539943935331
4159,-1.3076962262349778
4160,-0.2992125538956926
4161,-1.1018479294796177
4162,-0.5664693761537022
4163,-1.3448873050605263
4164,-0.32948436224206906
4165,0.5475331709929527
4166,-0.7230178707449635
4167,0.15399966249005828
4168,-0.6183639047474905
4169,0.45931247238351275
4170,-0.30440200675507145
4171,-0.8043192988752318
4172,0.7784638232353104
4173,0.21281346156301836
4174,0.16956802106819457
4175,-1.0784953916124131
4176,0.2811412575448394
4177,0.31487270113080185
4178,-1.3569960283990767
4179,-0.1642867795518432
4180,-0.38224379964575395
4181,0.7447323796493479
4182,0.012154617667036885
4183,-1.324129493623011
4184,-0.5396572030469116
4185,2.5325075387934524
4186,-1.2298544333442956
4187,-0.8389156512710905
4188,0.7706796439462422
4189,-0.8752418212867423
4190,-0.2646162014998337
4191,-0.28537401293734904
4192,0.2058941910838466
4193,-0.7705878552892693
4194,-1.199582624997919
4195,-1.170175725461439
4196,1.137400979342346
4197,-1.2653156945500508
4198,0.24308526990939497
4199,0.4394195697558938
4200,-1.0534130361254153
4201,0.04415624363320664
4202,0.30276397779225145
4203,-0.0016839232913066645
4204,1.425415613037871
4205,-0.9677870639456649
4206,-1.2134211659562626
4207,2.448602735145396
4208,-0.8812961829560177
4209,-0.3779192555962715
4210,-0.9271363498805306
4211,-0.031090822827786517
4212,0.6807291277170092
4213,-1.0646568506540697
4214,-0.4548961396770574
4215,-0.3649456234478245
4216,-0.4263541489504739
4217,-0.422894513710888
4218,-0.12450097429660548
4219,-1.2653156945500508
4220,1.2446496717695086
4221,-1.5048954348913732
4222,0.741272744409762
4223,0.5501278974226422
4224,1.2264865867616828
4225,0.6962974862951455
4226,-0.8242122015028506
4227,-0.6815022478699329
4228,0.8243039901598234
4229,0.788842728954068
4230,-0.38829816131502914
4231,-0.09336425714033249
4232,0.43855466094599743
4233,-1.201312442617712
4234,0.35898305043552203
4235,-0.7031249681173447
4236,-0.9349205291695988
4237,-0.1210413390570196
4238,0.3788759530631406
4239,-0.2602916574503515
4240,-0.4116506991822338
4241,-0.40300161108326904
4242,-0.9401099820289778
4243,0.01734407052641591
4244,-0.7904807579168883
4245,-0.44624705157809264
4246,-0.8735120036669494
4247,0.877063427563508
4248,-0.4350032370494386
4249,0.6885133070060774
4250,0.013884435286830022
4251,-1.0586024889847945
4252,1.1469149762512072
4253,1.0621539128813529
4254,-1.1087671999587896
4255,-0.2689407455493162
4256,-1.0006535987217307
4257,0.1963801941749853
4258,-1.0041132339613166
4259,-0.9487590701279424
4260,-0.3277545446222761
4261,-0.22742512267428555
4262,-0.5266835708984644
4263,1.4444436068555933
4264,0.40049867331055267
4265,-1.1139566528181684
4266,-0.09336425714033249
4267,-0.3978121582238902
4268,-0.3217001829530009
4269,-0.5041959418411561
4270,-0.37272980273689266
4271,-0.5785780994922528
4272,0.15399966249005828
4273,-0.6866917007293116
4274,2.5325075387934524
4275,0.16351365939891957
4276,1.0725328186001104
4277,0.08826659293792641
4278,0.5864540674382939
4279,-1.0387095863571754
4280,-0.22396548743469966
4281,-1.2039071690474012
4282,0.5605068031413999
4283,-1.3639152988782486
4284,2.0317166887752975
4285,0.19119074131560668
4286,-0.748100226231961
4287,-0.2784547424581773
4288,0.038966790773827614
4289,-0.6027955461693539
4290,-0.09422916595022887
4291,0.29152016326359703
4292,-0.6512304395235564
4293,1.2723267536861955
4294,2.5325075387934524
4295,0.8960914213812305
4296,-0.9305959851201165
4297,1.5560168433322379
4298,0.7421376532196587
4299,-0.5214941180390856
4300,0.8113303580113762
4301,-0.10374316285909016
4302,0.23876072585991234
4303,-0.9773010608545261
4304,1.3294107351393625
4305,-0.2715354719790055
4306,-1.2298544333442956
4307,0.37022686496417606
4308,-0.3364036327212408
4309,-1.3215347671933215
4310,0.15918911534943692
4311,-0.9600028846565966
4312,-0.8389156512710905
4313,-0.2819143776977632
4314,-0.8345911072216082
4315,-0.8051842076851282
4316,0.5933733379174656
4317,1.2238918603319933
4318,0.5864540674382939
4319,0.25346417562815265
4320,-1.01795177491966
4321,0.20762400870363934
4322,0.2058941910838466
4323,-0.6866917007293116
4324,-0.7109091474064129
4325,-0.568199193773495
4326,0.7931672730035504
4327,0.1937854677452958
4328,-1.0784953916124131
4329,-0.1642867795518432
4330,0.5267753595554374
4331,-1.085414662091585
4332,-0.7031249681173447
4333,-0.32602472700248314
4334,-0.6918811535886905
4335,-0.7247476883647564
4336,0.2275169113312583
4337,-0.15650260026277485
4338,-0.10979752452836536
4339,-1.1070373823389965
4340,-0.19888313194770188
4341,-1.2903980500370484
4342,0.2664378077765994
4343,-0.3865683436952362
4344,1.299138926792986
4345,0.21886782323229376
4346,-0.32688963581237973
4347,-0.19628840551801255
4348,0.6288345991232209
4349,2.067177949981052
4350,1.3432492760977062
4351,0.19032583250570992
4352,-0.3095914596144503
4353,-0.2784547424581773
4354,-0.2378040283930432
4355,-0.6901513359688976
4356,-0.4479768691978856
4357,-0.1028782540491936
4358,1.010259384287565
4359,-0.4133805168020267
4360,-1.3232645848131144
4361,-0.7974000283960601
4362,-1.2333140685838815
4363,0.09691568103689133
4364,1.1201028031444165
4365,0.6469976841310466
4366,-0.1296904271559843
4367,2.5325075387934524
4368,-0.7610738583804082
4369,-1.1122268351983755
4370,1.1045344445662801
4371,-0.2628863838800408
4372,-1.1909335368989544
4373,0.39530922045117367
4374,2.391518753692229
4375,-0.435868145859335
4376,-1.2808840531281873
4377,-1.173635360701025
4378,1.107994079805866
4379,0.16091893296923004
4380,-0.15477278264298192
4381,0.5769400705294325
4382,-0.9600028846565966
4383,0.557047167901814
4384,-1.0430341304066577
4385,-0.2170462169555279
4386,-0.6365269897553163
4387,0.07269823435979011
4388,-0.6027955461693539
4389,1.632993727413024
4390,0.14016112153171473
4391,0.5172613626465761
4392,-1.2203404364354344
4393,-0.10720279809867604
4394,1.5975324662072687
4395,-0.8501594657997448
4396,-1.001518507531627
4397,-0.571658829013081
4398,0.37022686496417606
4399,-0.8389156512710905
4400,0.8026812699124116
4401,-0.9305959851201165
4402,0.6712151308081479
4403,-1.152012640453613
4404,-0.7532896790913399
4405,-0.1668815059815325
4406,2.5325075387934524
4407,-0.507655577080742
4408,0.5103420921674043
4409,0.7032167567743173
4410,-0.933190711549806
4411,-0.6079849990287328
4412,-0.7359915028934104
4413,-1.186608992849472
4414,0.47834046620123494
4415,-0.6261480840365586
4416,-0.435868145859335
4417,-0.42202960490099145
4418,0.4134723054589995
4419,0.28373598397452887
4420,-0.7826965786278199
4421,-0.4618154101562291
4422,-0.2663460191196267
4423,1.4946083178295884
4424,0.8943616037614375
4425,0.7032167567743173
4426,-0.19109895265863372
4427,0.2621132637271172
4428,0.7931672730035504
4429,0.4575826547637196
4430,0.006100255997761871
4431,-1.3016418645657026
4432,2.5325075387934524
4433,2.1000444847571185
4434,-1.186608992849472
4435,-0.1296904271559843
4436,-0.5526308351953586
4437,1.0336119221547693
4438,-1.1753651783208179
4439,-0.3666754410676174
4440,-1.3198049495735285
4441,-1.0560077625551048
4442,-0.20147785837739138
4443,-0.9773010608545261
4444,0.10037531627647721
4445,0.14621548320099012
4446,0.09518586341709818
4447,2.226321171002003
4448,-0.6495006219037635
4449,-0.9539485229873214
4450,-0.6097148166485258
4451,0.39617412926107004
4452,-0.6322024457058341
4453,0.9358772266364681
4454,0.2361659994302232
4455,-0.7074495121668269
4456,-0.3865683436952362
4457,-0.4574908661067469
4458,0.2664378077765994
4459,-0.03541536687726878
4460,2.4563869144344643
4461,-1.1649862726020601
4462,0.9012808742406092
4463,0.16697329463850547
4464,-0.36840525868741036
4465,-1.0438990392165544
4466,-0.34072817677072326
4467,1.3181669206107085
4468,-0.25164256935138674
4469,-0.8804312741461212
4470,2.496172719689702
4471,-0.3078616419946573
4472,1.3795754461133578
4473,-0.6624742540522104
4474,1.0301522869151833
4475,1.26627239201692
4476,-0.05444336069499135
4477,-0.9798957872842153
4478,1.6018570102567509
4479,0.051940422922274784
4480,0.9341474090166754
4481,0.1998398294145712
4482,-1.0447639480264508
4483,2.5325075387934524
4484,-0.4574908661067469
4485,-1.096658476620239
4486,1.2757863889257814
4487,-0.5647395585339092
4488,0.3339006949485244
4489,-1.222935162865124
4490,-0.22829003148418192
4491,0.09518586341709818
4492,-0.7922105755366812
4493,1.869978741324657
4494,0.2327063641906373
4495,-0.046659181405923206
4496,-0.062227539984059506
4497,-0.8588085538987095
4498,1.802515854152732
4499,-0.9686519727555613
4500,-0.4350032370494386
4501,-0.3865683436952362
4502,0.9609595821234657
4503,-0.883890909385707
4504,-0.9738414256149401
4505,0.10210513389626996
4506,-1.3422925786308368
4507,-0.23520930196335368
4508,-0.6313375368959374
4509,-0.3078616419946573
4510,0.2456799963390841
4511,2.5325075387934524
4512,2.4269800148979845
4513,-0.9478941613180459
4514,-0.8086438429247141
4515,0.5527226238523314
4516,-0.6910162447787941
4517,-1.2748296914589121
4518,0.45152829309444426
4519,-0.560415014484427
4520,-0.2620214750701444
4521,4.5894328486471366e-05
4522,-0.2784547424581773
4523,-0.5993359109297681
4524,-0.20926203766645954
4525,0.30016925136256195
4526,-1.0464937656462436
4527,-0.07174153689292061
4528,2.4148712915594337
4529,1.3224914646601909
4530,1.5568817521421343
4531,-0.36321580582803153
4532,0.9099299623395741
4533,-1.0387095863571754
4534,0.8381425311181668
4535,-0.18763931741904782
4536,1.9270627227778239
4537,-0.5310081149479469
4538,0.8874423332822657
4539,-0.4618154101562291
4540,0.21108364394322524
4541,0.01734407052641591
4542,-0.6261480840365586
4543,2.5325075387934524
4544,-0.08471516904136778
4545,-0.6676637069115893
4546,-0.4825732215937445
4547,1.1979445960350987
4548,-0.45143650443747146
4549,0.29152016326359703
4550,0.6495924105607362
4551,-0.3701350763072033
4552,0.5873189762481902
4553,-0.2689407455493162
4554,-1.0733059387530344
4555,2.4373589206167416
4556,-0.9582730670368036
4557,0.15399966249005828
4558,-1.1597968197426816
4559,-0.8190227486434718
4560,0.7291640210712116
4561,-0.07433626332261012
4562,2.199508997895213
4563,-1.0110325044404884
4564,-0.2879687393670384
4565,-0.2006129495674948
4566,0.5250455419356442
4567,-1.1796897223703002
4568,2.5325075387934524
4569,-0.8345911072216082
4570,1.6087762807359227
4571,-0.3960823406040973
4572,0.5397489917038846
4573,2.5325075387934524
4574,-0.04925390783561233
4575,-0.7870211226773024
4576,-0.05184863426530184
4577,-0.33207908867175856
4578,0.060589511021239315
4579,-0.7887509402970954
4580,1.6675900798088827
4581,-1.3396978522011473
4582,0.9635543085531553
4583,0.016479161716519534
4584,1.8215438479704547
4585,-0.44970668681767856
4586,0.041561517203517126
4587,0.5198560890762656
4588,2.1735617335983184
4589,-0.7109091474064129
4590,-1.3595907548287662
4591,0.1937854677452958
4592,-1.2125562571463662
4593,-0.6979355152579658
4594,-1.2653156945500508
4595,-0.9842203313336976
4596,1.690077708866191
4597,-0.7826965786278199
4598,-0.9314608939300129
4599,2.5325075387934524
4600,-1.222935162865124
4601,-0.7411809557527893
4602,0.5544524414721245
4603,0.16437856820881594
4604,-0.8994592679638436
4605,-0.24299348125242204
4606,2.5325075387934524
4607,1.8405718417881771
4608,-0.674582977390761
4609,-0.8172929310236788
4610,0.18513637964633126
4611,0.6833238541466987
4612,-0.4920872185026057
4613,-0.009468102580374815
4614,-0.5214941180390856
4615,-0.1703411412211184
4616,-0.6564198923829352
4617,1.2550285774882661
4618,-0.36235089701813494
4619,2.5325075387934524
4620,1.2783811153554705
4621,-0.527548479708361
4622,1.1918902343658238
4623,-0.3588912617785491
4624,-0.2715354719790055
4625,0.9107948711494706
4626,0.2949797985031829
4627,0.7239745682118326
4628,-0.32515981819258677
4629,-0.6027955461693539
4630,-0.1703411412211184
4631,-0.27672492483838435
4632,0.6392135048419786
4633,2.5325075387934524
4634,-0.5491711999557727
4635,-0.6642040716720033
4636,-0.257696931020662
4637,-0.8190227486434718
4638,-1.2696402385995331
4639,-0.41597524323171625
4640,0.18513637964633126
4641,-0.3640807146379279
4642,2.5325075387934524
4643,-0.8025894812554388
4644,-0.8345911072216082
4645,-0.4600855925364362
4646,-0.5725237378229775
4647,-1.292992776466738
4648,-0.6339322633256269
4649,-1.291262958846945
4650,-0.31997036533320794
4651,-1.3163453143339425
4652,0.46277210762309867
4653,1.3761158108737719
4654,-1.122605740917133
4655,-0.2992125538956926
4656,0.6945676686753527
4657,-0.8025894812554388
4658,1.9910659747101627
4659,2.000579971619024
4660,1.3294107351393625
4661,0.3927144940214841
4662,-0.5552255616250481
4663,-0.3147809124738291
4664,2.1329110195331844
4665,-0.9971939634821447
4666,-1.0369797687373825
4667,0.5103420921674043
4668,-0.454031230867161
4669,-0.0873098954710571
4670,0.47228610453195957
4671,2.5325075387934524
4672,-0.5041959418411561
4673,-0.4073261551327515
4674,-0.3121861860441396
4675,-0.5119801211302245
4676,2.051609591402916
4677,0.31227797470111235
4678,-0.7965351195861635
4679,-0.6027955461693539
4680,1.261947847967438
4681,-0.16255696193205024
4682,0.5656962560007786
4683,0.16178384177912644
4684,-0.5759833730625634
4685,-0.8043192988752318
4686,-0.4280839665702668
4687,0.8917668773317483
4688,1.4081174368399416
4689,-1.0888742973311707
4690,-0.19628840551801255
4691,2.3724907598745073
4692,0.8943616037614375
4693,-1.0196815925394531
4694,0.9574999468838798
4695,-1.0309254070681073
4696,1.4513628773347649
4697,2.5325075387934524
4698,-0.28883364817693497
4699,1.2351356748606472
4700,2.5325075387934524
4701,0.12199803652388891
4702,0.14621548320099012
4703,0.40482321736003496
4704,0.10210513389626996
4705,0.5016930040684398
4706,2.5325075387934524
4707,0.1989749206046748
4708,-0.9219468970211518
4709,-0.8769716389065353
4710,-1.0118974132503846
4711,-1.3457522138704228
4712,-0.9444345260784601
4713,-0.9608677934664931
4714,-0.19282877027842668
4715,-0.2170462169555279
4716,-1.0568726713650012
4717,-0.12190624786691596
4718,1.0405311926339411
4719,-0.2075322200466666
4720,0.3434146918573853
4721,1.841436750598073
4722,0.8640897954150613
4723,-0.6512304395235564
4724,-1.2748296914589121
4725,2.5325075387934524
4726,-0.9271363498805306
4727,-0.13142024477577727
4728,0.23876072585991234
4729,0.23530109062032645
4730,-0.6564198923829352
4731,-0.4661399542057116
4732,-0.6546900747631422
4733,-0.24212857244252547
4734,-0.7584791319507187
4735,-0.1703411412211184
4736,-0.3614859882082386
4737,-0.45230141324736806
4738,0.500828095258543
4739,0.4420142961855833
4740,1.7142951555432924
4741,0.007830073617554622
4742,-0.8302665631721258
4743,-0.23174966672376782
4744,2.5325075387934524
4745,1.4306050658972496
4746,0.8026812699124116
4747,-0.9383801644091847
4748,-0.9556783406071141
4749,-0.9790308784743189
4750,-0.34678253843999846
4751,0.42212139355796435
4752,-1.0093026868206953
4753,-0.5266835708984644
4754,-0.050983725455405464
4755,-0.6797724302501399
4756,-0.6737180685808647
4757,0.38666013235220914
4758,-1.2220702540552273
4759,-0.31045636842434665
4760,-0.5284133885182574
4761,-0.5950113668802858
4762,-1.197852807378126
4763,-0.7628036760002012
4764,-0.2784547424581773
4765,-0.28883364817693497
4766,-0.5560904704349445
4767,0.2456799963390841
4768,-0.5465764735260834
4769,0.051940422922274784
4770,-1.1269302849666154
4771,1.7947316748636641
4772,-0.19023404384873716
4773,0.6902431246258705
4774,-0.3865683436952362
4775,-0.3208352741431043
4776,0.3044937954120442
4777,1.160753517209551
4778,-1.0266008630186247
4779,-1.0776304828025165
4780,-0.44019268990881744
4781,0.6245100550737386
4782,-0.5759833730625634
4783,1.2212971339023035
4784,-0.5759833730625634
4785,1.152104429110586
4786,1.2351356748606472
4787,-0.37272980273689266
4788,-0.38397361726554685
4789,0.15399966249005828
4790,0.01734407052641591
4791,-0.4531663220572644
4792,-0.6988004240678622
4793,-0.20147785837739138
4794,-0.0016839232913066645
4795,0.5042877304981289
4796,2.5325075387934524
4797,-0.3502421736795844
4798,2.5325075387934524
4799,-0.5872271875912175
4800,-0.1642867795518432
4801,-0.9089732648727048
4802,-1.010167595630592
4803,0.001775711948279223
4804,-1.2082317130968838
4805,-1.2082317130968838
4806,0.08048241364885826
4807,-0.6685286157214858
4808,-0.8484296481799518
4809,-0.9565432494170107
4810,0.1349716686723361
4811,-0.8164280222137824
4812,-0.9271363498805306
4813,0.43855466094599743
4814,2.345678586767716
4815,-1.096658476620239
4816,0.5708857088601575
4817,-0.8345911072216082
4818,-1.3440223962506297
4819,-0.17207095884091134
4820,-0.3865683436952362
4821,-0.9003241767737401
4822,0.6573765898498044
4823,1.6191551864546803
4824,-0.6200937223672834
4825,0.6798642189071128
4826,0.25605890205784176
4827,-0.44538214276819627
4828,-0.434138328239542
4829,-0.7826965786278199
4830,-0.5240888444687751
4831,-0.8190227486434718
4832,0.15399966249005828
4833,1.2446496717695086
4834,-1.2410982478729498
4835,-0.6460409866641775
4836,0.06750878150041109
4837,-0.20839712885656317
4838,-0.9184872617815659
4839,-0.7602089495705117
4840,0.7075413008238
4841,1.4946083178295884
4842,1.0076646578578754
4843,-0.8406454688908834
4844,0.9107948711494706
4845,-0.28277928650765954
4846,2.1545337397805957
4847,-0.4073261551327515
4848,-0.5318730237578433
4849,-1.0888742973311707
4850,-0.2170462169555279
4851,1.6736444414781577
4852,-0.018117190679339343
4853,1.3406545496680167
4854,0.07183332554989336
4855,-0.18417968217946196
4856,-1.1433635523546484
4857,-0.42375942252078436
4858,0.06145441983113569
4859,0.22578709371146555
4860,-0.7584791319507187
4861,0.4973684600189571
4862,-0.34678253843999846
4863,-0.6754478862006577
4864,0.012154617667036885
4865,0.5535875326622282
4866,-0.300077462705589
4867,0.008694982427450999
4868,-0.47997849516405516
4869,0.6357538696023927
4870,-0.7532896790913399
4871,-0.852754192229434
4872,1.585423742868718
4873,-1.0940637501905497
4874,-0.5673342849635987
4875,-0.3865683436952362
4876,-0.3234300005727938
4877,-0.8977294503440506
4878,-0.36927016749730673
4879,-0.7922105755366812
4880,2.5325075387934524
4881,2.5325075387934524
4882,-0.6624742540522104
4883,-0.15909732669246435
4884,-1.3742942045970061
4885,-0.8959996327242576
4886,-0.8674576419976742
4887,2.5325075387934524
4888,0.9047405094801951
4889,2.1000444847571185
4890,0.975663031891706
4891,0.11248403961502763
4892,-0.1919638614685301
4893,0.45671774595382325
4894,1.137400979342346
4895,1.7047811586344312
4896,2.5325075387934524
4897,1.5880184692984074
4898,-1.234178977393778
4899,0.09605077222699457
4900,0.3460094182870749
4901,-0.10374316285909016
4902,0.41693194069858536
4903,-0.2006129495674948
4904,0.7568411029878988
4905,2.0031746980487135
4906,-1.3267242200527003
4907,0.032912429104552214
4908,-1.1347144642556837
4909,-1.0058430515811094
4910,-0.5958762756901822
4911,-0.11585188619764077
4912,-0.9271363498805306
4913,-0.2533723869711797
4914,1.7540809607985295
4915,-0.5258186620885681
4916,0.416067031888689
4917,-0.6538251659532457
4918,1.7895422220042851
4919,0.12199803652388891
4920,-0.3666754410676174
4921,1.1425904322017246
4922,2.5325075387934524
4923,1.16334824363924
4924,-0.42202960490099145
4925,2.5325075387934524
4926,-0.32948436224206906
4927,-0.4843030392135374
4928,-1.0499534008858296
4929,-0.6564198923829352
4930,0.4134723054589995
4931,-0.6027955461693539
4932,-0.24472329887221497
4933,2.5325075387934524
4934,-0.7844263962476129
4935,-0.5327379325677398
4936,-0.4825732215937445
4937,0.8026812699124116
4938,1.6736444414781577
4939,0.21281346156301836
4940,-1.067251577083759
4941,-0.3891630701249255
4942,-0.404731428703062
4943,1.261947847967438
4944,-1.063791941844173
4945,-0.07260644570281717
4946,-0.7662633112397871
4947,0.5042877304981289
4948,-0.7671282200496834
4949,0.9056054182900919
4950,0.3529286887662466
4951,-1.3102909526646673
4952,1.5309344878452404
4953,-1.2454227919224319
4954,1.5940728309676828
4955,-0.7766422169585447
4956,-0.3147809124738291
4957,-0.4185699696614055
4958,-0.8847558181956037
4959,1.948685443025236
4960,-1.2212053452453306
4961,-0.7541545879012365
4962,-0.98854487538318
4963,0.6245100550737386
4964,1.5914781045379933
4965,0.47834046620123494
4966,-0.07347135451271354
4967,-0.9271363498805306
4968,-0.9582730670368036
4969,2.5325075387934524
4970,-0.9651923375159754
4971,2.1830757305071797
4972,0.8364127134983741
4973,-0.7290722324142387
4974,-0.6512304395235564
4975,0.3382252389980067
4976,-0.8501594657997448
4977,-0.8449700129403659
4978,-0.6676637069115893
4979,-0.9305959851201165
4980,0.05367024054206754
4981,-0.872647094857053
4982,-0.021576825918925232
4983,0.625374963883635
4984,-0.5214941180390856
4985,0.4645019252428914
4986,-1.1779599047505074
4987,0.01734407052641591
4988,0.3806057706829337
4989,0.27941143992504663
4990,2.5325075387934524
4991,-0.5310081149479469
4992,0.1842714708364349
4993,2.5325075387934524
4994,0.19551528536508894
4995,-0.7048547857371377
4996,-0.42375942252078436
4997,-0.0025488321012030403
4998,-1.0880093885212743
4999,-0.2914283746066243
5000,-0.6053902725990433
5001,-0.4073261551327515
5002,-0.4912223096927092
5003,0.7239745682118326
5004,2.5325075387934524
5005,1.3977385311211838
5006,-1.0793603004223098
5007,2.290324422934342
5008,-0.9158925353518766
5009,-0.1703411412211184
5010,-1.1433635523546484
5011,0.38666013235220914
5012,-0.9686519727555613
5013,-1.1364442818754767
5014,-1.2004475338078153
5015,2.3465434955776128
5016,-0.40905597275254446
5017,0.16005402415933367
5018,0.7395429267899692
5019,-1.0032483251514202
5020,-0.4548961396770574
5021,-0.23174966672376782
5022,-0.050118816645509094
5023,-0.5777131906823564
5024,-0.33121417986186197
5025,-1.0733059387530344
5026,-1.219475527625538
5027,-0.4211646960910951
5028,-0.07866080737209237
5029,0.03723697315403486
5030,-0.2784547424581773
5031,-0.4687346806354009
5032,0.12113312771399254
5033,-0.4566259572968503
5034,-1.3198049495735285
5035,-1.4201343715215193
5036,2.5325075387934524
5037,-0.6918811535886905
5038,0.4039583085501386
5039,-0.36840525868741036
5040,-1.2333140685838815
5041,-0.35629653534885974
5042,1.4954732266394852
5043,-0.213586581715942
5044,-0.9807606960941119
5045,0.09864549865668408
5046,-0.3865683436952362
5047,-0.7826965786278199
5048,0.47488083096164907
5049,0.4091477614095172
5050,-0.825077110312747
5051,-0.9617327022763895
5052,-0.7333967764637211
5053,-0.39002797893482205
5054,-0.7576142231408224
5055,0.3460094182870749
5056,2.111288299285772
5057,-0.9574081582269073
5058,1.1166431679048305
5059,1.4228208866081815
5060,-0.5638746497240128
5061,0.08134732245875465
5062,0.2638430813469099
5063,-0.6079849990287328
5064,0.6331591431727032
5065,-1.3760240222167992
5066,0.26297817253701355
5067,0.018208979336312284
5068,-1.3526714843495944
5069,0.684188762956595
5070,0.6859185805763882
5071,-0.8475647393700553
5072,-0.5872271875912175
5073,-0.454031230867161
5074,0.7421376532196587
5075,-0.7256125971746528
5076,2.5325075387934524
5077,0.1626487505890228
5078,-0.1270957007262948
5079,1.063883730501146
5080,-0.6616093452423141
5081,-1.197852807378126
5082,-0.43154360180985274
5083,-0.018117190679339343
5084,-0.28277928650765954
5085,1.2688671184466096
5086,-0.6737180685808647
5087,-1.0283306806384178
5088,-0.22483039624459603
5089,0.7110009360633858
5090,0.37368650020376193
5091,-0.2724003807889021
5092,2.2237264445723137
5093,-1.0568726713650012
5094,0.21108364394322524
5095,-0.1703411412211184
5096,0.054535149351963914
5097,1.1745920581678944
5098,1.7186196995927747
5099,-0.16169205312215368
5100,0.4065530349798277
5101,0.1349716686723361
5102,0.04761587887279214
5103,-0.4280839665702668
5104,1.0223681076261153
5105,-0.8423752865106764
5106,0.15399966249005828
5107,-1.3414276698209404
5108,-0.1366096976351561
5109,-0.3147809124738291
5110,-0.6149042695079046
5111,-1.2090966219067802
5112,2.5325075387934524
5113,0.12978221581295707
5114,-0.15131314740339602
5115,0.08307714007854777
5116,-0.8285367455523328
5117,-1.2056369866671943
5118,0.11594367485461352
5119,-0.8190227486434718
5120,0.002640620758175983
5121,0.37974086187303735
5122,-0.6607444364324175
5123,0.7871129113342753
5124,0.735218382740487
5125,-0.05790299593457724
5126,0.10556476913585586
5127,-0.7801018521981307
5128,-0.07347135451271354
5129,0.04675097006289576
5130,-0.9591379758467
5131,-0.9297310763102201
5132,-0.23693911958314665
5133,-0.2412636636326291
5134,-0.2801845600779702
5135,-1.222935162865124
5136,-0.9868150577633871
5137,-1.318940040763632
5138,-0.1798551381299795
5139,-0.3709999851170997
5140,-0.7230178707449635
5141,0.13410675986243933
5142,2.5325075387934524
5143,-0.23866893720293958
5144,-0.3666754410676174
5145,-1.2627209681203613
5146,-0.5483062911458764
5147,-0.9349205291695988
5148,0.5077473657377148
5149,-0.6027955461693539
5150,1.394278895881598
5151,0.3105481570813196
5152,-0.13142024477577727
5153,1.3605474522956356
5154,-0.4843030392135374
5155,-0.12450097429660548
5156,-0.19023404384873716
5157,2.5324988897053538
5158,0.15399966249005828
5159,-0.018982099489236102
5160,-0.9686519727555613
5161,-1.281748961938084
5162,-0.5777131906823564
5163,-0.5509010175755656
5164,-0.1392044240648454
5165,-0.07433626332261012
5166,-1.1537424580734061
5167,-0.10720279809867604
5168,0.43336520808661844
5169,-0.8553489186591235
5170,-0.8553489186591235
5171,-0.4600855925364362
5172,1.2022691400845815
5173,-1.1615266373624742
5174,-0.6192288135573868
5175,2.5325075387934524
5176,0.8528459808864068
5177,-0.2438583900623184
5178,-0.3796490732160644
5179,-0.9764361520446294
5180,0.05280533173217116
5181,-1.085414662091585
5182,-0.5543606528151516
5183,0.6409433224617717
5184,0.027722976245173572
5185,2.5325075387934524
5186,-1.1433635523546484
5187,-0.12796060953619137
5188,0.5362893564642986
5189,0.5864540674382939
5190,-0.4185699696614055
5191,-0.6667987981016928
5192,-0.07001171927312766
5193,0.10556476913585586
5194,0.8450618015973387
5195,-1.2212053452453306
5196,1.056964460021974
5197,-1.0352499511175894
5198,0.5734804352898467
5199,0.5146666362168866
5200,-0.40127179346347613
5201,-0.5033310330312598
5202,-0.20320767599718434
5203,-1.1597968197426816
5204,-1.261856059310465
5205,0.7032167567743173
5206,-1.3881327455553496
5207,-1.0438990392165544
5208,-0.7705878552892693
5209,-1.2454227919224319
5210,-1.294722594086531
5211,-0.9634625198961825
5212,0.10469986032595947
5213,-1.0274657718285214
5214,-1.1001181118598249
5215,-0.24212857244252547
5216,0.46623174286268454
5217,2.5325075387934524
5218,1.26627239201692
5219,-1.3163453143339425
5220,0.35206377995635024
5221,-0.44451723395829973
5222,-0.49900648898177735
5223,2.5325075387934524
5224,-0.47911358635415857
5225,-1.0231412277790388
5226,-1.2082317130968838
5227,-0.2507776605414902
5228,-0.46700486301560795
5229,-1.1917984457088509
5230,0.6677554955685621
5231,-0.40127179346347613
5232,0.005235347187865111
5233,-0.23693911958314665
5234,-1.204772077857298
5235,0.23703090824011958
5236,1.304328379652365
5237,1.8103000334418005
5238,-0.23088475791387142
5239,-0.2879687393670384
5240,-1.2921278676568415
5241,-1.184879175229679
5242,1.1183729855246238
5243,-0.062227539984059506
5244,-0.43673305466923157
5245,-0.4912223096927092
5246,1.5343941230848264
5247,1.2351356748606472
5248,-0.6823671566798294
5249,-0.2784547424581773
5250,-0.4618154101562291
5251,0.7438674708394516
5252,-1.0231412277790388
5253,-0.20234276718728778
5254,-0.16515168836173957
5255,-1.1468231875942343
5256,-1.190068628089058
5257,-0.6702584333412788
5258,-0.25683202221076556
5259,-0.3147809124738291
5260,-1.3249944024329074
5261,-1.0759006651827239
5262,2.5325075387934524
5263,0.7516516501285196
5264,2.5325075387934524
5265,-0.6936109712084835
5266,-0.8069140253049212
5267,0.525910450745541
5268,-0.9418397996487706
5269,-1.2834787795578766
5270,-0.3831087084556503
5271,1.2394602189101294
5272,-0.16947623241122203
5273,0.06837369031030746
5274,0.3857952235423124
5275,-0.7956702107762671
5276,1.2939494739336073
5277,-0.8190227486434718
5278,1.0085295666677718
5279,-0.6356620809454199
5280,-0.44019268990881744
5281,1.3415194584779133
5282,2.5325075387934524
5283,-0.3865683436952362
5284,-0.9383801644091847
5285,-0.7109091474064129
5286,-0.6183639047474905
5287,-0.558685196864634
5288,-0.7420458645626858
5289,0.45152829309444426
5290,0.12372785414368166
5291,2.473685090632394
5292,1.1105888062355553
5293,-0.21272167290604543
5294,0.7620305558472773
5295,-0.22396548743469966
5296,-0.23001984910397485
5297,-0.8034543900653353
5298,2.1000444847571185
5299,0.8796581539931976
5300,-0.8164280222137824
5301,2.5325075387934524
5302,0.4420142961855833
5303,1.8198140303506618
5304,-0.8051842076851282
5305,-0.8639980067580882
5306,-0.9600028846565966
5307,-0.26980565435921255
5308,-0.749830043851754
5309,0.1721627474978841
5310,-0.8155631134038859
5311,1.1988095048449956
5312,-1.1745002695109215
5313,-0.5829026435417352
5314,-0.7264775059845493
5315,1.4591470566238331
5316,-1.2488824271620178
5317,-1.0707112123233449
5318,1.0413961014438375
5319,-0.45835577491664325
5320,0.5561822590919172
5321,-0.8363209248414012
5322,2.5325075387934524
5323,0.015614252906622774
5324,-1.1987177161880227
5325,0.316602518750595
5326,0.23530109062032645
5327,0.5509928062325385
5328,0.6798642189071128
5329,1.3432492760977062
5330,0.6063469700659128
5331,1.0085295666677718
5332,-0.9747063344248367
5333,-0.22742512267428555
5334,0.1315120334327502
5335,1.0811819066990753
5336,0.5146666362168866
5337,2.113018116905565
5338,-0.905513629633119
5339,0.6098066053054987
5340,-0.6192288135573868
5341,-1.3163453143339425
5342,-1.0629270330342766
5343,-0.8882154534351895
5344,-0.3701350763072033
5345,0.32265688041987
5346,-0.31737563890351844
5347,1.3138423765612262
5348,-0.6027955461693539
5349,1.4703908711524871
5350,1.9149539994392732
5351,-0.6408515338047988
5352,0.07096841673999697
5353,-0.3078616419946573
5354,2.5325075387934524
5355,-0.49468194493229506
5356,-0.9764361520446294
5357,0.3935794028313809
5358,-0.5214941180390856
5359,0.15399966249005828
5360,0.26297817253701355
5361,-0.2879687393670384
5362,-0.3995419758436832
5363,0.6296995079331172
5364,-0.4073261551327515
5365,-0.9798957872842153
5366,-0.674582977390761
5367,-0.1859094997992549
5368,-0.44019268990881744
5369,-0.5050608506510528
5370,0.08221223126865101
5371,-0.748100226231961
5372,2.5325075387934524
5373,-0.13142024477577727
5374,0.2396256346698091
5375,-0.8190227486434718
5376,-0.5163046651797067
5377,-0.14006933287474196
5378,-1.170175725461439
5379,2.5325075387934524
5380,-0.507655577080742
5381,-0.5759833730625634
5382,-0.6209586311771798
5383,2.5325075387934524
5384,-0.062227539984059506
5385,1.1071291709959694
5386,-1.0317903158780037
5387,-0.11585188619764077
5388,-0.5759833730625634
5389,0.13756639510202523
5390,0.0701035079301006
5391,-0.2066673112367702
5392,-1.1061724735291
5393,-0.3147809124738291
5394,0.6911080334357669
5395,-0.8086438429247141
5396,0.6478625929409434
5397,0.04329133482330987
5398,0.9254983209177104
5399,0.6980273039149386
5400,0.035507155534241726
5401,0.7006220303446281
5402,-0.2784547424581773
5403,-0.5361975678073257
5404,-0.916757444161773
5405,-1.260126241690672
5406,-0.49295212731250215
5407,0.33995505661779946
5408,-0.06828190165333471
5409,-1.3120207702844602
5410,-0.14179915049453493
5411,2.4676307289631185
5412,-0.8371858336512976
5413,2.5325075387934524
5414,-0.9305959851201165
5415,0.3434146918573853
5416,-0.4574908661067469
5417,-0.5872271875912175
5418,1.4513628773347649
5419,2.5325075387934524
5420,-0.6027955461693539
5421,-1.155472275693199
5422,-0.18158495574977243
5423,-0.12796060953619137
5424,0.2621132637271172
5425,1.532664305465033
5426,-0.5327379325677398
5427,0.6954325774852491
5428,0.07702277840927238
5429,-1.2082317130968838
5430,-0.9271363498805306
5431,-0.6347971721355233
5432,1.153834246730379
5433,-0.4843030392135374
5434,-0.044064454976233694
5435,-0.7922105755366812
5436,-1.2082317130968838
5437,-0.9020539943935331
5438,-1.1027128382895142
5439,-0.9971939634821447
5440,-0.44970668681767856
5441,-0.720423144315274
5442,-0.8121034781643
5443,-0.4254892401405773
5444,-0.01984700829913248
5445,-0.7178284178855846
5446,-1.0845497532816883
5447,0.9860419376104637
5448,-0.00860319377047844
5449,-0.8977294503440506
5450,-0.4877626744531233
5451,-0.2006129495674948
5452,-1.1476880964041307
5453,-1.368239842927731
5454,1.5888833781083038
5455,1.2558934862981626
5456,-0.7982649372059564
5457,0.9929612080896355
5458,-0.8518892834195377
5459,1.4617417830535226
5460,-0.8328612896018153
5461,-1.2661806033599472
5462,-0.692746062398587
5463,-0.7420458645626858
5464,-1.1675809990317496
5465,-0.47911358635415857
5466,-0.6027955461693539
5467,-0.37445962035668556
5468,0.981717393560981
5469,-0.720423144315274
5470,-0.41770506085150916
5471,-0.589821914020907
5472,-0.8389156512710905
5473,-0.06049772236426675
5474,-0.8605383715185024
5475,-0.27672492483838435
5476,-0.20320767599718434
5477,-0.03887500211685467
5478,0.24913963157867
5479,-1.094928659000446
5480,0.28373598397452887
5481,-1.1961229897583332
5482,0.1315120334327502
5483,1.1849709638866521
5484,-1.199582624997919
5485,-1.1044426559093072
5486,-0.4644101365859187
5487,1.1901604167460307
5488,0.25086944919846316
5489,0.039831699583723984
5490,-0.0873098954710571
5491,0.797491817053033
5492,-0.6079849990287328
5493,-0.507655577080742
5494,0.3875250411621055
5495,0.09086131936761592
5496,-1.2255298892948132
5497,-0.3735947115467892
5498,-0.779236943388234
5499,-0.7282073236043423
5500,1.2403251277200258
5501,0.5042877304981289
5502,0.489584280729889
5503,2.5325075387934524
5504,-0.672853159770968
5505,0.09605077222699457
5506,-1.0888742973311707
5507,0.25605890205784176
5508,0.4956386423991644
5509,0.12372785414368166
5510,-0.7887509402970954
5511,0.7819234584748963
5512,-0.6391217161850058
5513,-0.6053902725990433
5514,-0.3052669155649678
5515,0.7231096594019362
5516,1.5810991988192356
5517,0.6322942343628067
5518,-1.0741708475629306
5519,-0.6737180685808647
5520,-0.7610738583804082
5521,-0.22396548743469966
5522,0.6582414986597012
5523,-0.5041959418411561
5524,-0.9029189032034294
5525,-0.9790308784743189
5526,-0.8285367455523328
5527,2.5325075387934524
5528,0.7196500241623504
5529,-0.34505272082020555
5530,-0.1980182231378055
5531,-0.8190227486434718
5532,2.5325075387934524
5533,-0.3952174317942009
5534,-0.6581497100027281
5535,-0.48862758326301986
5536,1.095020447657419
5537,0.17043292987809133
5538,-0.49468194493229506
5539,-0.3995419758436832
5540,0.9471210411651222
5541,2.1597231926399747
5542,-0.3061318243748644
5543,-0.44451723395829973
5544,-0.7247476883647564
5545,1.1711324229283084
5546,-0.568199193773495
5547,0.23097654657084418
5548,-1.1139566528181684
5549,-0.6693935245313822
5550,0.5674260736205716
5551,-0.45143650443747146
5552,-0.4903574008828128
5553,1.0906959036079367
5554,-0.8812961829560177
5555,-0.4912223096927092
5556,-0.3009423715154856
5557,-0.8129683869741966
5558,-0.49468194493229506
5559,-0.6304726280860411
5560,-0.6088499078386291
5561,-0.2066673112367702
5562,-1.01795177491966
5563,-0.6027955461693539
5564,-1.0352499511175894
5565,-0.7922105755366812
5566,-0.19109895265863372
5567,0.010424800047244134
5568,-0.05530826950488773
5569,1.8120298510615933
5570,0.7308938386910043
5571,-1.2082317130968838
5572,0.2396256346698091
5573,-0.057038087124680864
5574,-0.7039898769272411
5575,-0.9582730670368036
5576,-0.3485123560597914
5577,-0.9435696172685637
5578,-0.2914283746066243
5579,0.8078707227717903
5580,-0.4471119603879892
5581,-1.294722594086531
5582,2.5325075387934524
5583,-0.11585188619764077
5584,-0.40559633751295854
5585,1.541313393563998
5586,-0.15823241788256778
5587,-0.8553489186591235
5588,2.5325075387934524
5589,0.8978212390010234
5590,2.5325075387934524
5591,-1.4677043560658252
5592,-0.09422916595022887
5593,0.6149960581648773
5594,2.436494011806846
5595,0.006965164807658247
5596,0.7966269082431362
5597,2.5325075387934524
5598,-0.7506949526616505
5599,-0.8605383715185024
5600,-0.2845091041274525
5601,-0.41597524323171625
5602,-1.260126241690672
5603,0.27768162230525345
5604,-0.6088499078386291
5605,-0.8086438429247141
5606,1.0240979252459081
5607,-0.9176223529716695
5608,0.22405727609167242
5609,-0.2646162014998337
5610,0.2828710751646325
5611,1.0708030009803178
5612,-0.48949249207291623
5613,2.20988790361397
5614,-0.854484009849227
5615,0.10642967794575223
5616,-0.5768482818724598
5617,1.0829117243188682
5618,-0.7766422169585447
5619,0.04329133482330987
5620,-0.42462433133068095
5621,-0.22396548743469966
5622,0.15399966249005828
5623,0.4428792049954797
5624,-1.0317903158780037
5625,-0.1115273421481583
5626,-0.1980182231378055
5627,1.6874829824365014
5628,-0.1028782540491936
5629,-0.7731825817189588
5630,0.6573765898498044
5631,0.17129783868798773
5632,-0.213586581715942
5633,0.5155315450267833
5634,0.1254576717634748
5635,0.9791226671312919
5636,-0.9271363498805306
5637,0.20935382632343247
5638,-0.2101269464763561
5639,-0.2879687393670384
5640,2.5325075387934524
5641,-0.5673342849635987
5642,-0.391757796554615
5643,-0.14352896811432786
5644,0.4904491895397854
5645,-0.7048547857371377
5646,-0.4600855925364362
5647,-0.8190227486434718
5648,-0.2749951072185914
5649,-0.6347971721355233
5650,1.1780516934074803
5651,0.7326236563107975
5652,1.2809758417851602
5653,-0.38137889083585735
5654,-0.6183639047474905
5655,-0.47997849516405516
5656,-0.485167948023434
5657,-0.6088499078386291
5658,-0.7532896790913399
5659,1.1348062529126564
5660,-0.44019268990881744
5661,0.039831699583723984
5662,0.6660256779487692
5663,-0.49468194493229506
5664,-0.08298535142157483
5665,0.812195266821273
5666,2.5325075387934524
5667,-0.6027955461693539
5668,0.7862480025243785
5669,0.4653668340527878
5670,-1.1909335368989544
5671,0.11075422199523488
5672,0.29324998088339016
5673,-0.8977294503440506
5674,0.15918911534943692
5675,-0.2966178274660031
5676,-0.23520930196335368
5677,0.06923859912020422
5678,-0.275860016028488
5679,-0.6417164426146951
5680,2.5325075387934524
5681,-0.5059257594609491
5682,0.03204752029465584
5683,-0.8371858336512976
5684,1.4003332575508731
5685,-0.2066673112367702
5686,-0.5794430083021493
5687,-0.9755712432347331
5688,0.023398432195691307
5689,-0.4644101365859187
5690,1.1495097026808965
5691,-0.990274693002973
5692,-0.2196409433852172
5693,-0.4211646960910951
5694,-1.2134211659562626
5695,0.31487270113080185
5696,-0.6027955461693539
5697,-0.15909732669246435
5698,0.7213798417821434
5699,-0.10806770690857243
5700,0.027722976245173572
5701,1.2956792915534001
5702,-0.7956702107762671
5703,-1.0352499511175894
5704,1.9140890906293773
5705,-0.4280839665702668
5706,-0.5249537532786714
5707,-0.5543606528151516
5708,-0.6287428104662481
5709,-0.7506949526616505
5710,0.29584470731307966
5711,-1.214286074766159
5712,-0.06049772236426675
5713,-1.0810901180421024
5714,-0.1703411412211184
5715,2.5325075387934524
5716,-0.3891630701249255
5717,-1.1649862726020601
5718,-1.0084377780107987
5719,-0.7826965786278199
5720,-1.2834787795578766
5721,-0.04233463735644056
5722,-0.5059257594609491
5723,0.8026812699124116
5724,-0.38224379964575395
5725,-0.9729765168050436
5726,-0.1703411412211184
5727,-0.9634625198961825
5728,1.6675900798088827
5729,-0.9383801644091847
5730,0.39530922045117367
5731,-0.25683202221076556
5732,-0.33813345034103376
5733,-0.2594267486404549
5734,-1.1234706497270295
5735,-0.16774641479142907
5736,0.9609595821234657
5737,-0.8276718367424365
5738,2.1000444847571185
5739,-0.17812532051018654
5740,-0.6806373390600364
5741,-0.8691874596174671
5742,-0.9755712432347331
5743,-0.5214941180390856
5744,-0.946164343698253
5745,-0.21185676409614904
5746,-0.12450097429660548
5747,-1.381213475076178
5748,0.11853840128430303
5749,-0.8908101798648789
5750,-1.0888742973311707
5751,-1.0767655739926203
5752,2.5325075387934524
5753,0.2084889175135361
5754,1.6139657335953017
5755,0.09345604579730543
5756,-0.5595501056745303
5757,0.5821295233888116
5758,-1.216015892385952
5759,0.37022686496417606
5760,0.8191145373004447
5761,1.4029279839805626
5762,2.5325075387934524
5763,0.15399966249005828
5764,0.5501278974226422
5765,-0.1426640593044313
5766,1.1019397181365906
5767,0.7014869391545245
5768,1.7532160519886335
5769,-1.1745002695109215
5770,-1.2082317130968838
5771,0.25605890205784176
5772,-0.32602472700248314
5773,-0.28969855698683133
5774,2.0317166887752975
5775,-0.11844661262733008
5776,0.4705562869121668
5777,-1.2281246157245025
5778,0.5302349947950232
5779,1.3916841694519084
5780,0.5181262714564725
5781,1.7653247753271843
5782,2.5325075387934524
5783,-0.7645334936199941
5784,-0.062227539984059506
5785,-0.04579427259602644
5786,1.2351356748606472
5787,0.2923850720734938
5788,-0.5560904704349445
5789,0.6158609669747737
5790,-1.273099873839119
5791,-1.1070373823389965
5792,-0.7109091474064129
5793,-0.6979355152579658
5794,-0.24818293411180087
5795,-0.663339162862107
5796,0.5432086269434705
5797,-0.40213670227337267
5798,-0.062227539984059506
5799,1.2351356748606472
5800,-0.9132978089221871
5801,-0.39694724941399384
5802,0.3140077923209055
5803,-0.7299371412241352
5804,-1.1796897223703002
5805,-0.9029189032034294
5806,-0.7757773081486482
5807,-0.44019268990881744
5808,0.5250455419356442
5809,-1.0058430515811094
5810,-1.2938576852766344
5811,0.9376070442562613
5812,-0.5647395585339092
5813,2.5325075387934524
5814,-0.19369367908832305
5815,-0.7887509402970954
5816,-1.188338810469265
5817,-1.2488824271620178
5818,0.19292055893539942
5819,-1.2428280654927426
5820,-0.2966178274660031
5821,-0.08817480428095366
5822,-0.5327379325677398
5823,-1.3794836574563851
5824,-0.6564198923829352
5825,1.2065936841340636
5826,-1.0845497532816883
5827,2.5325075387934524
5828,0.9376070442562613
5829,0.46363701643299504
5830,-1.0707112123233449
5831,-0.9703817903753542
5832,-1.0300604982582107
5833,0.7291640210712116
5834,0.22405727609167242
5835,1.2351356748606472
5836,-0.9210819882112554
5837,2.3352996810489586
5838,0.17735220035726312
5839,0.316602518750595
5840,1.326816008709673
5841,-1.065521759463966
5842,-0.5232239356588786
5843,1.0206382900063222
5844,-0.9677870639456649
5845,0.38666013235220914
5846,0.5501278974226422
5847,0.045886061252999384
5848,-0.9401099820289778
5849,-0.8190227486434718
5850,1.2351356748606472
5851,-0.823347292692954
5852,-1.1623915461723708
5853,-0.062227539984059506
5854,0.024263341005587684
5855,-1.273099873839119
5856,-1.0023834163415235
5857,0.8026812699124116
5858,0.09432095460720182
5859,-0.08385026023147121
5860,2.5325075387934524
5861,-0.5188993916093962
5862,0.5198560890762656
5863,-0.6252831752266622
5864,0.7205149329722467
5865,0.568290982430468
5866,-1.0759006651827239
5867,-0.2170462169555279
5868,-0.8077789341148177
5869,0.0363720643441381
5870,2.5325075387934524
5871,-0.6356620809454199
5872,-0.6200937223672834
5873,0.26557289896670305
5874,-1.0611972154144838
5875,0.4861246454903031
5876,-0.7455054998022718
5877,-0.5794430083021493
5878,-0.5509010175755656
5879,-0.3761894379764785
5880,-0.3554316265389632
5881,-0.4782486775442622
5882,-0.4142454256119233
5883,0.2923850720734938
5884,0.0977805898467877
5885,-0.29229328341652083
5886,-0.4073261551327515
5887,1.4513628773347649
5888,2.5325075387934524
5889,0.9574999468838798
5890,-0.27067056316910915
5891,2.5325075387934524
5892,1.513636311647311
5893,-1.0810901180421024
5894,-0.19109895265863372
5895,-0.26115656626024786
5896,0.5587769855216067
5897,1.479039959251452
5898,0.9990155697589105
5899,-0.1703411412211184
5900,1.1719973317382049
5901,-0.8190227486434718
5902,-1.0058430515811094
5903,-0.062227539984059506
5904,-0.36321580582803153
5905,-1.2921278676568415
5906,-0.4868977656432269
5907,0.15399966249005828
5908,-0.777507125768441
5909,-0.6806373390600364
5910,0.9402017706859503
5911,0.8511161632666141
5912,-0.3865683436952362
5913,-0.8294016543622295
5914,-1.3085611350448743
5915,-0.5137099387500175
5916,1.690077708866191
5917,-0.43067869299995615
5918,0.7144605713029717
5919,-0.9141627177320837
5920,-1.2082317130968838
5921,1.1270220736235883
5922,0.4835299190606136
5923,-0.6296077192761445
5924,2.244484256009829
5925,1.2351356748606472
5926,-0.7896158491069917
5927,-0.12623079191639844
5928,1.7757036810459417
5929,-0.7671282200496834
5930,1.2351356748606472
5931,2.5325075387934524
5932,-1.2393684302531567
5933,0.10988931318533812
5934,-1.305966408615185
5935,-0.6737180685808647
5936,-0.8916750886747754
5937,-0.39694724941399384
5938,1.4980679530691743
5939,0.15399966249005828
5940,-0.46786977182550454
5941,0.6020224260164302
5942,1.7713791369964593
5943,1.4444436068555933
5944,0.8891721509020588
5945,-0.27672492483838435
5946,-0.422894513710888
5947,-0.6296077192761445
5948,0.024263341005587684
5949,-1.2454227919224319
5950,2.5325075387934524
5951,-1.2428280654927426
5952,-0.11585188619764077
5953,0.09951040746658045
5954,0.7144605713029717
5955,-0.213586581715942
5956,-1.0352499511175894
5957,-0.8778365477164318
5958,-0.8942698151044647
5959,-0.44451723395829973
5960,-0.4133805168020267
5961,-0.1919638614685301
5962,-1.2583964240708791
5963,0.2456799963390841
5964,0.30968324827142324
5965,1.3986034399310803
5966,-1.1675809990317496
5967,0.43336520808661844
5968,0.7577060117977951
5969,1.7757036810459417
5970,2.5325075387934524
5971,-0.20839712885656317
5972,0.0363720643441381
5973,-0.07606608094240305
5974,-0.9496239789378389
5975,0.970473579032327
5976,2.5325075387934524
5977,0.4420142961855833
5978,0.5310999036049197
5979,1.3813052637331509
5980,0.9211737768682282
5981,1.73937751103029
5982,-0.16774641479142907
5983,-0.3796490732160644
5984,0.32179197160997364
5985,-0.2231005786248031
5986,-1.0534130361254153
5987,-0.9375152555992883
5988,0.04415624363320664
5989,0.4420142961855833
5990,-1.118281196867651
5991,-1.0594673977946907
5992,0.22059764085208652
5993,1.3717912668242895
5994,-0.6607444364324175
5995,-0.32602472700248314
5996,-0.44019268990881744
5997,0.2993043425526656
5998,1.16334824363924
5999,-1.0551428537452086
6000,-0.9548134317972178
6001,-0.7109091474064129
6002,-0.6590146188126246
6003,-1.0283306806384178
6004,2.5325075387934524
6005,-0.7757773081486482
6006,0.6651607691388729
6007,-0.1461236945440172
6008,1.1867007815064448
6009,-0.5863622787813211
6010,-0.6797724302501399
6011,-0.8441051041304694
6012,1.8336525713090053
6013,-0.6027955461693539
6014,-0.9124329001122907
6015,-0.6002008197396647
6016,0.5440735357533668
6017,-0.7411809557527893
6018,-0.5872271875912175
6019,0.16005402415933367
6020,-0.49468194493229506
6021,0.4679615604824773
6022,0.21886782323229376
6023,-0.8614032803283987
6024,0.6262398726935313
6025,0.04415624363320664
6026,-1.0447639480264508
6027,-0.3147809124738291
6028,1.114048441475141
6029,-0.2378040283930432
6030,-0.8190227486434718
6031,-0.11844661262733008
6032,-1.2834787795578766
6033,-0.9954641458623519
6034,-0.062227539984059506
6035,0.2880605280240111
6036,0.3252516068495595
6037,-0.16601659717163614
6038,-0.6123095430782151
6039,-0.936650346789392
6040,-0.8415103777007801
6041,-0.5785780994922528
6042,-0.9548134317972178
6043,0.042426426013413496
6044,1.3648719963451177
6045,2.244484256009829
6046,-0.13401497120546657
6047,2.5325075387934524
6048,-0.8415103777007801
6049,-0.5327379325677398
6050,-0.43673305466923157
6051,0.1254576717634748
6052,0.6219153286440491
6053,-1.0733059387530344
6054,-0.025036461158511117
6055,0.3935794028313809
6056,0.22405727609167242
6057,-0.02590136996840788
6058,0.1782171091671595
6059,-0.9574081582269073
6060,-0.380513982025961
6061,-0.946164343698253
6062,-0.9107030824924978
6063,-0.6719882509610717
6064,0.9825823023708777
6065,-0.5984710021198717
6066,-0.3891630701249255
6067,-1.3336434905318721
6068,0.520720997886162
6069,-0.9582730670368036
6070,-0.9677870639456649
6071,-0.41597524323171625
6072,0.5778049793393293
6073,0.9825823023708777
6074,-1.0594673977946907
6075,-0.8510243746096411
6076,0.5864540674382939
6077,-0.6149042695079046
6078,1.6113710071656122
6079,-0.38829816131502914
6080,0.03810188196393124
6081,-0.2066673112367702
6082,-0.12882551834608774
6083,-0.1305553359658807
6084,-1.006707960391006
6085,-0.5509010175755656
6086,-0.5361975678073257
6087,-0.31305109485403615
6088,-0.9660572463258718
6089,1.5551519345223417
6090,0.2084889175135361
6091,-1.4201343715215193
6092,0.31487270113080185
6093,0.6002926083966375
6094,-0.6719882509610717
6095,0.2690325342062889
6096,-1.2263947981047096
6097,0.13670148629212883
6098,-1.0240061365889355
6099,-0.7930754843465776
6100,-0.9496239789378389
6101,-0.6555549835730387
6102,-0.5145748475599138
6103,-0.2473180253019043
6104,0.6746747660477338
6105,-0.9349205291695988
6106,0.7161903889227644
6107,0.5224508155059551
6108,-0.3865683436952362
6109,-0.9435696172685637
6110,1.0621539128813529
6111,-0.33294399748165493
6112,-0.9072434472529118
6113,2.1000444847571185
6114,-0.16255696193205024
6115,-0.32688963581237973
6116,-0.2646162014998337
6117,-0.5284133885182574
6118,0.24395017871929137
6119,-0.6244182664167657
6120,1.7973264012933539
6121,0.5285051771752302
6122,0.3200621539901809
6123,-1.1909335368989544
6124,2.5325075387934524
6125,0.7274342034514185
6126,-1.0240061365889355
6127,0.37022686496417606
6128,-0.8588085538987095
6129,0.8199794461103411
6130,-1.0888742973311707
6131,-0.23001984910397485
6132,0.5743453440997435
6133,-0.20926203766645954
6134,-1.2082317130968838
6135,0.0701035079301006
6136,-0.44538214276819627
6137,-1.2082317130968838
6138,-0.8095087517346107
6139,0.4420142961855833
6140,-0.6884215183491046
6141,-0.6529602571433494
6142,1.1131835326652448
6143,-0.6624742540522104
6144,0.20502928227395023
6145,-0.3511070824894809
6146,-0.318240547713415
6147,1.3795754461133578
6148,0.48439482787051036
6149,-1.3232645848131144
6150,-0.11758170381743371
6151,0.4956386423991644
6152,2.5325075387934524
6153,0.2327063641906373
6154,-1.096658476620239
6155,0.8960914213812305
6156,0.13670148629212883
6157,-1.1892037192791614
6158,-0.5102503035104315
6159,-0.2845091041274525
6160,-1.407160739373072
6161,2.5325075387934524
6162,-0.4618154101562291
6163,0.09259113698740867
6164,-1.1969878985682296
6165,-1.126065376156719
6166,-0.2256953050544926
6167,-0.5915517316407
6168,-0.722152961935067
6169,-1.1788248135604036
6170,0.35638832400583254
6171,-0.3865683436952362
6172,0.08134732245875465
6173,-0.6607444364324175
6174,-0.18504459098935833
6175,-0.05184863426530184
6176,2.5325075387934524
6177,-0.20147785837739138
6178,-0.1859094997992549
6179,2.5325075387934524
6180,-0.8752418212867423
6181,-0.349377264869688
6182,1.645967359561471
6183,-0.21531639933573493
6184,-0.1115273421481583
6185,0.7127307536831785
6186,0.6893782158159741
6187,-0.3095914596144503
6188,-0.9496239789378389
6189,0.9471210411651222
6190,-1.186608992849472
6191,-0.6097148166485258
6192,-0.5413870206667045
6193,0.6115364229252914
6194,0.5527226238523314
6195,2.277350790785895
6196,0.09432095460720182
6197,0.17302765630778047
6198,-1.1597968197426816
6199,-0.3511070824894809
6200,0.1747574739275736
6201,0.0856718665082369
6202,-0.5976060933099752
6203,-0.3831087084556503
6204,-0.5534957440052551
6205,-0.4254892401405773
6206,-0.3779192555962715
6207,-0.9963290546722484
6208,-0.19974804075759844
6209,2.5325075387934524
6210,0.2335712730005337
6211,-0.2196409433852172
6212,0.17994692678695223
6213,0.7646252822769669
6214,1.051775007162595
6215,0.3624426856751079
6216,-0.9695168815654577
6217,-1.2514771535917073
6218,-0.3796490732160644
6219,-0.5794430083021493
6220,1.194484960795513
6221,2.5325075387934524
6222,-1.0456288568363472
6223,-0.45835577491664325
6224,1.5343941230848264
6225,-0.7861562138674059
6226,1.903710184910619
6227,2.5325075387934524
6228,2.5325075387934524
6229,-0.20234276718728778
6230,-0.5664693761537022
6231,0.15572948010985102
6232,1.3640070875352215
6233,0.2024345558442607
6234,-0.9228118058310484
6235,1.319031829420605
6236,-0.7602089495705117
6237,0.19032583250570992
6238,-0.6702584333412788
6239,-0.29748273627589966
6240,-1.0127623220602813
6241,-0.8423752865106764
6242,-0.825077110312747
6243,-0.6737180685808647
6244,-0.6823671566798294
6245,-1.4339729124798628
6246,-1.2082317130968838
6247,0.2647079901568067
6248,-0.46786977182550454
6249,-0.9401099820289778
6250,0.8381425311181668
6251,-0.404731428703062
6252,0.9116597799593669
6253,-1.273099873839119
6254,-0.08039062499188532
6255,0.37022686496417606
6256,-1.1156864704379614
6257,-0.422894513710888
6258,-0.4298137841900598
6259,-0.2784547424581773
6260,-0.3078616419946573
6261,1.7142951555432924
6262,0.6184556934044632
6263,-0.8129683869741966
6264,-0.24212857244252547
6265,1.0621539128813529
6266,-0.012062829010064327
6267,0.19551528536508894
6268,-1.0741708475629306
6269,-1.1667160902218532
6270,0.9964208433292213
6271,0.20329946465415707
6272,2.5325075387934524
6273,0.6279696903133245
6274,-0.7826965786278199
6275,2.5325075387934524
6276,-0.8890803622450859
6277,0.47834046620123494
6278,2.5325075387934524
6279,0.5726155264799503
6280,-0.2403987548227325
6281,1.242054945339819
6282,-1.2246649804849166
6283,-0.1703411412211184
6284,-0.3580263529686527
6285,-0.5344677501875328
6286,1.4176314337488025
6287,-0.4730592246848834
6288,-0.22396548743469966
6289,-0.8925399974846717
6290,-0.2473180253019043
6291,-0.8060491164950248
6292,-0.14439387692422423
6293,-0.2594267486404549
6294,0.5864540674382939
6295,1.156428973160068
6296,-0.7377213205132034
6297,1.1322115264829669
6298,-1.184879175229679
6299,-0.28623892174724547
6300,0.03204752029465584
6301,0.525910450745541
6302,0.6997571215347314
6303,1.1789166022173767
6304,-0.40992088156244083
6305,0.3970390380709668
6306,-1.0880093885212743
6307,1.2861652946445392
6308,-0.4202997872811985
6309,-1.3128856790943568
6310,-0.9392450732190812
6311,0.5864540674382939
6312,0.8614950689853718
6313,-0.28969855698683133
6314,0.6426731400815644
6315,-0.2628863838800408
6316,-0.7316669588439282
6317,-1.222935162865124
6318,-0.32688963581237973
6319,-1.0266008630186247
6320,2.5325075387934524
6321,2.4460080087157072
6322,0.4420142961855833
6323,0.025993158625380437
6324,-0.8207525662632646
6325,-0.8968645415341542
6326,0.5838593410086044
6327,-0.6174989959375939
6328,2.1000444847571185
6329,-1.1917984457088509
6330,-1.2393684302531567
6331,1.4513628773347649
6332,-0.7472353174220647
6333,-1.081955026851999
6334,-0.21877603457532083
6335,-0.6979355152579658
6336,-0.7844263962476129
6337,0.17043292987809133
6338,0.5760751617195362
6339,-0.10114843642940065
6340,-0.32429490938269023
6341,-0.5803079171120457
6342,-0.28623892174724547
6343,-0.9496239789378389
6344,1.8682489237048643
6345,1.0794520890792823
6346,-0.08298535142157483
6347,-1.0888742973311707
6348,-0.538792294237015
6349,1.4928785002097957
6350,-0.9755712432347331
6351,-0.6590146188126246
6352,-0.5301432061380503
6353,0.7499218325087269
6354,-0.35370180891917025
6355,-0.09855370999971133
6356,-0.4384628722890245
6357,0.7308938386910043
6358,0.500828095258543
6359,0.21108364394322524
6360,-0.2784547424581773
6361,1.269732027256506
6362,1.3873596254024263
6363,0.8528459808864068
6364,-0.3554316265389632
6365,-0.615769178317801
6366,-0.872647094857053
6367,-0.2784547424581773
6368,-0.9548134317972178
6369,0.8026812699124116
6370,-0.13401497120546657
6371,1.950415260645029
6372,-0.9738414256149401
6373,-0.04146972854654418
6374,-0.9634625198961825
6375,-1.1104970175785824
6376,-0.11585188619764077
6377,-1.1649862726020601
6378,-0.6892864271590011
6379,-0.21791112576542426
6380,0.16178384177912644
6381,-1.1623915461723708
6382,0.09345604579730543
6383,-1.0352499511175894
6384,-0.9418397996487706
6385,-0.43673305466923157
6386,-0.40300161108326904
6387,-0.5889570052110105
6388,-1.1053075647192037
6389,-0.5768482818724598
6390,-0.257696931020662
6391,-0.7472353174220647
6392,-0.393487614174408
6393,0.16178384177912644
6394,2.5325075387934524
6395,0.6591064074695975
6396,-0.5578202880547374
6397,-1.294722594086531
6398,0.6945676686753527
6399,-1.129525011396305
6400,0.27768162230525345
6401,2.5325075387934524
6402,0.6945676686753527
6403,-1.0352499511175894
6404,-0.5534957440052551
6405,-0.8190227486434718
6406,2.2963787846036174
6407,-0.16169205312215368
6408,-0.2066673112367702
6409,-0.9548134317972178
6410,-1.2168808011958485
6411,-0.9945992370524552
6412,2.5325075387934524
6413,-1.1277951937765118
6414,-0.15131314740339602
6415,-0.7558844055210294
6416,0.9047405094801951
6417,-0.9807606960941119
6418,0.6634309515190797
6419,2.5325075387934524
6420,0.25605890205784176
6421,-0.435868145859335
6422,-1.2039071690474012
6423,0.8727388835140257
6424,1.0906959036079367
6425,-0.5336028413776363
6426,1.9512801694549256
6427,0.9895015728500496
6428,-0.4635452277760221
6429,0.05885969340144656
6430,0.8606301601754753
6431,0.40482321736003496
6432,-0.4324085106197491
6433,-0.20234276718728778
6434,-0.23953384601283614
6435,1.8103000334418005
6436,-0.5543606528151516
6437,-0.29229328341652083
6438,-0.7247476883647564
6439,0.054535149351963914
6440,-1.0317903158780037
6441,-1.2203404364354344
6442,-0.31737563890351844
6443,-0.5517659263854622
6444,0.9410666794958471
6445,-0.023306643538718367
6446,-0.5059257594609491
6447,-1.1104970175785824
6448,-1.0499534008858296
6449,0.9038756006702987
6450,2.5325075387934524
6451,-1.1831493576098862
6452,-0.3666754410676174
6453,-1.2687753297896367
6454,0.09259113698740867
6455,-0.18072004693987606
6456,-0.9418397996487706
6457,1.8595998356058998
6458,0.08134732245875465
6459,0.812195266821273
6460,-1.0594673977946907
6461,-1.2808840531281873
6462,2.5325075387934524
6463,-0.05184863426530184
6464,2.1000444847571185
6465,-0.7472353174220647
6466,-0.9271363498805306
6467,1.0578293688318705
6468,0.6997571215347314
6469,0.4022284909303454
6470,-0.8095087517346107
6471,0.5146666362168866
6472,0.3503339623365571
6473,0.9324175913968822
6474,0.211948552753122
6475,0.3390901478079031
6476,0.6945676686753527
6477,0.35811814162562566
6478,0.04502115244310301
6479,2.5325075387934524
6480,1.9703081632726474
6481,-1.3301838552922862
6482,2.5325075387934524
6483,0.3408199654276962
6484,1.16334824363924
6485,-0.39002797893482205
6486,-0.36062107939834204
6487,-0.31045636842434665
6488,-0.28537401293734904
6489,-0.06914681046323128
6490,-0.37532452916658215
6491,0.144485665581197
6492,-1.3379680345813545
6493,-0.40646124632285496
6494,0.27508689587556434
6495,-0.69447588001838
6496,-0.1028782540491936
6497,-0.6840969742996224
6498,-0.12882551834608774
6499,-0.1703411412211184
6500,-0.3865683436952362
6501,-1.1399039171150624
6502,-0.5872271875912175
6503,0.8822528804228871
6504,-0.9833554225238013
6505,-0.4384628722890245
6506,0.5016930040684398
6507,-1.494516529172616
6508,0.9159843240088492
6509,-0.6062551814089399
6510,-0.3277545446222761
6511,2.5325075387934524
6512,-1.1796897223703002
6513,0.47834046620123494
6514,-0.5993359109297681
6515,-0.0656871752236454
6516,-0.7550194967111328
6517,-0.7463704086121681
6518,0.37022686496417606
6519,1.7921369484339746
6520,1.394278895881598
6521,0.054535149351963914
6522,-0.9677870639456649
6523,-0.13142024477577727
6524,0.12372785414368166
6525,-1.0490884920759331
6526,-0.7740474905288552
6527,-0.09768880118981475
6528,-1.1961229897583332
6529,-0.7135038738361021
6530,-0.7368564117033071
6531,-1.063791941844173
6532,0.36330759448500427
6533,-0.19888313194770188
6534,-1.1917984457088509
6535,-0.3865683436952362
6536,1.2576233039179552
6537,1.9988501539992312
6538,0.18946092369581352
6539,-0.4324085106197491
6540,1.689212800056295
6541,-1.1762300871307143
6542,-0.5829026435417352
6543,-0.3865683436952362
6544,0.316602518750595
6545,-0.36581053225772087
6546,-1.190068628089058
6547,0.07702277840927238
6548,1.3103827413216405
6549,-0.7645334936199941
6550,1.2455145805794048
6551,1.4245507042279744
6552,-0.1703411412211184
6553,-0.22396548743469966
6554,1.6615357181396073
6555,1.1019397181365906
6556,1.0941555388475226
6557,-0.8043192988752318
6558,-1.0352499511175894
6559,-0.18158495574977243
6560,-0.15996223550236074
6561,-0.9107030824924978
6562,-1.2298544333442956
6563,2.5325075387934524
6564,-0.0025488321012030403
6565,0.05021060530248165
6566,-1.1753651783208179
6567,-0.27067056316910915
6568,-1.3483469403001123
6569,-0.33813345034103376
6570,-0.04233463735644056
6571,-0.6313375368959374
6572,0.845926710407235
6573,0.1470803920108865
6574,0.28719561921411474
6575,0.045886061252999384
6576,-0.13228515358567364
6577,-0.2784547424581773
6578,1.8959260056215514
6579,-0.6027955461693539
6580,1.0016102961886
6581,-1.085414662091585
6582,-0.6598795276225211
6583,-0.41251560799213033
6584,0.46277210762309867
6585,0.10556476913585586
6586,-1.1537424580734061
6587,-0.21531639933573493
6588,1.1512395203006895
6589,0.2084889175135361
6590,-0.5560904704349445
6591,0.2058941910838466
6592,2.5325075387934524
6593,-1.037844677547279
6594,-0.3908928877447184
6595,-0.12277115667681254
6596,-0.36840525868741036
6597,0.2551939932479454
6598,-0.6884215183491046
6599,-1.0170868661097636
6600,-0.11585188619764077
6601,-0.7645334936199941
6602,-0.6901513359688976
6603,0.44028447856579017
6604,1.7220793348323602
6605,-0.03887500211685467
6606,-0.020711917109028855
6607,-0.07087662808302422
6608,1.4020630751706662
6609,-0.3908928877447184
6610,2.5325075387934524
6611,-0.031955731637682894
6612,-0.8034543900653353
6613,0.2621132637271172
6614,-0.8025894812554388
6615,-0.7472353174220647
6616,0.22405727609167242
6617,-0.8510243746096411
6618,0.19032583250570992
6619,-0.8605383715185024
6620,-0.8916750886747754
6621,0.09432095460720182
6622,-0.9487590701279424
6623,-0.3554316265389632
6624,0.46104229000330554
6625,-0.8934049062945684
6626,2.5325075387934524
6627,1.0967502652772116
6628,-0.024171552348614744
6629,0.28633071040421837
6630,0.3339006949485244
6631,-0.2784547424581773
6632,0.31833233637038777
6633,0.9341474090166754
6634,0.5864540674382939
6635,-1.109632108768686
6636,-0.11412206857784782
6637,0.8026812699124116
6638,-1.1753651783208179
6639,-0.9089732648727048
6640,0.5596418943315031
6641,1.756675687228219
6642,0.3832004971126232
6643,-0.8908101798648789
6644,-0.14352896811432786
6645,-1.0352499511175894
6646,-1.037844677547279
6647,-0.9340556203597025
6648,-0.4298137841900598
6649,1.2801109329752638
6650,0.045886061252999384
6651,-1.0335201334977966
6652,1.0699380921704214
6653,0.625374963883635
6654,2.5325075387934524
6655,-0.8458349217502623
6656,-1.0352499511175894
6657,2.5325075387934524
6658,0.8917668773317483
6659,-0.45835577491664325
6660,-0.8423752865106764
6661,-0.226560213864389
6662,0.4705562869121668
6663,-0.7697229464793729
6664,-0.674582977390761
6665,0.22578709371146555
6666,0.5380191740840914
6667,-0.23693911958314665
6668,-0.9020539943935331
6669,1.2316760396210613
6670,-0.672853159770968
6671,1.3216265558502944
6672,-0.09076953071064298
6673,-0.5232239356588786
6674,-0.6486357130938669
6675,0.5163964538366798
6676,0.1687031122582982
6677,1.2481093070090943
6678,-0.9937343282425589
6679,-0.050983725455405464
6680,0.7213798417821434
6681,1.3112476501315367
6682,1.7514862343688409
6683,0.17043292987809133
6684,0.12199803652388891
6685,-0.45230141324736806
6686,-0.5664693761537022
6687,-0.7230178707449635
6688,-0.274130198408695
6689,0.17908201797705586
6690,-0.9945992370524552
6691,0.29411488969328653
6692,-0.3926227053645114
6693,-1.3223996760032177
6694,1.6675900798088827
6695,0.353793597576143
6696,-0.992004510622766
6697,-0.9496239789378389
6698,-0.26980565435921255
6699,-0.11844661262733008
6700,-1.3820783838860744
6701,-0.8190227486434718
6702,0.7957619994332399
6703,-1.0075728692009025
6704,0.9955559345193246
6705,-1.1727704518911284
6706,0.29584470731307966
6707,-1.2246649804849166
6708,2.5325075387934524
6709,0.32784633327924906
6710,0.32438669803966313
6711,-1.1243355585369261
6712,-1.1044426559093072
6713,-1.3111558614745638
6714,0.8026812699124116
6715,-0.003413740911099416
6716,2.0663130411711563
6717,0.42904066403713614
6718,1.5127714028374146
6719,0.6824589453368023
6720,-1.006707960391006
6721,-0.2784547424581773
6722,2.5325075387934524
6723,1.8275982096397296
6724,-1.129525011396305
6725,-0.37186489392699623
6726,-0.7212880531251705
6727,0.2984394337427688
6728,-0.15217805621329258
6729,-1.1667160902218532
6730,-0.8769716389065353
6731,2.5325075387934524
6732,2.5325075387934524
6733,-0.872647094857053
6734,-1.1667160902218532
6735,-0.06828190165333471
6736,-1.2826138707479804
6737,-0.748100226231961
6738,1.1884305991262378
6739,0.7343534739305903
6740,-1.0023834163415235
6741,-1.3293189464823896
6742,-0.038010093306958294
6743,-0.9046487208232223
6744,1.0543697335922846
6745,1.7584055048480125
6746,-0.9375152555992883
6747,-0.3364036327212408
6748,0.8260338077796164
6749,-0.38743325250513255
6750,-0.1487184209737067
6751,-0.16169205312215368
6752,0.5553173502820209
6753,-0.810373660544507
6754,-0.24212857244252547
6755,1.1201028031444165
6756,0.3754163178235547
6757,1.152104429110586
6758,-0.6088499078386291
6759,1.3830350813529435
6760,1.1789166022173767
6761,-1.0940637501905497
6762,0.4376897521361007
6763,-0.9132978089221871
6764,-1.3293189464823896
6765,-0.6659338892917963
6766,-1.2082317130968838
6767,1.0059348402380823
6768,-0.029361005207993767
6769,1.7540809607985295
6770,0.5432086269434705
6771,-0.9349205291695988
6772,-0.5197643004192927
6773,0.03723697315403486
6774,-0.6027955461693539
6775,-1.3128856790943568
6776,-0.2378040283930432
6777,1.73937751103029
6778,0.10210513389626996
6779,1.3821701725430473
6780,-1.1070373823389965
6781,-0.06741699284343834
6782,-0.5526308351953586
6783,-0.49468194493229506
6784,-0.8959996327242576
6785,2.4036274770307795
6786,-0.9271363498805306
6787,-0.3277545446222761
6788,-0.6806373390600364
6789,0.5734804352898467
6790,-0.540522111856808
6791,-1.2679104209797405
6792,-0.21531639933573493
6793,0.14621548320099012
6794,-0.7299371412241352
6795,0.7153254801128681
6796,0.26557289896670305
6797,-0.226560213864389
6798,-0.40127179346347613
6799,-0.9132978089221871
6800,0.01907388814620866
6801,-0.9807606960941119
6802,-0.8025894812554388
6803,-0.8311314719820223
6804,-1.2713700562193262
6805,-0.7316669588439282
6806,0.4558528371439269
6807,-0.8908101798648789
6808,-0.8492945569898481
6809,-1.230719342154192
6810,-1.050818309695726
6811,-0.4661399542057116
6812,-1.1546073668833026
6813,-1.1433635523546484
6814,0.015614252906622774
6815,-0.2533723869711797
6816,0.7257043858316258
6817,-0.9894097841930766
6818,1.0759924538396963
6819,-0.5379273854271187
6820,2.07755685569981
6821,1.2342707660507508
6822,-1.2324491597739848
6823,0.5925084291075693
6824,-0.5534957440052551
6825,0.06318423745092883
6826,0.31833233637038777
6827,-1.2263947981047096
6828,0.9471210411651222
6829,-0.006008467340788928
6830,-0.7749123993387518
6831,-0.062227539984059506
6832,0.18946092369581352
6833,-0.9712466991852509
6834,-0.17899022932008313
6835,-0.571658829013081
6836,0.568290982430468
6837,2.5325075387934524
6838,-0.4877626744531233
6839,-0.12536588310650185
6840,-0.5759833730625634
6841,1.2039989577043742
6842,-1.0784953916124131
6843,-1.2056369866671943
6844,-1.0058430515811094
6845,-0.4116506991822338
6846,0.21367837037291473
6847,0.3935794028313809
6848,-0.32948436224206906
6849,-0.2533723869711797
6850,0.22319236728177602
6851,0.4117424878392067
6852,-0.422894513710888
6853,0.22924672895105144
6854,0.076157869599376
6855,-0.48084340397395153
6856,-0.8259420191226435
6857,-0.7671282200496834
6858,-0.43154360180985274
6859,-0.6590146188126246
6860,-1.278289326698498
6861,-0.7714527640991659
6862,-0.4661399542057116
6863,-1.2583964240708791
6864,0.8381425311181668
6865,-0.5258186620885681
6866,-0.6624742540522104
6867,-1.1130917440082717
6868,0.6642958603289761
6869,0.6426731400815644
6870,-0.31045636842434665
6871,0.15140493606036876
6872,2.5325075387934524
6873,-0.2499127517315938
6874,-0.003413740911099416
6875,2.5325075387934524
6876,0.4835299190606136
6877,-0.46527504539581505
6878,-0.643446260234488
6879,0.5535875326622282
6880,-0.44019268990881744
6881,0.599427699586741
6882,-0.568199193773495
6883,0.8692792482744399
6884,1.363142178725325
6885,0.026858067435277196
6886,-0.8354560160315047
6887,-0.5258186620885681
6888,-0.8588085538987095
6889,0.4247161199876539
6890,0.13410675986243933
6891,0.8857125156624729
6892,-0.9029189032034294
6893,0.5864540674382939
6894,1.7653247753271843
6895,2.5325075387934524
6896,0.48266501025071723
6897,-1.1693108166515427
6898,1.2351356748606472
6899,1.261082939157541
6900,-1.0447639480264508
6901,-1.2774244178886014
6902,-0.779236943388234
6903,-1.1433635523546484
6904,-0.12190624786691596
6905,-0.9271363498805306
6906,-0.4713294070650904
6907,0.4956386423991644
6908,-0.4704644982551939
6909,0.6149960581648773
6910,-0.5543606528151516
6911,-0.7299371412241352
6912,-0.7238827795548598
6913,-0.6910162447787941
6914,0.4091477614095172
6915,-0.13228515358567364
6916,-0.6270129928464552
6917,-0.5820377347318386
6918,-0.44451723395829973
6919,0.013884435286830022
6920,-0.7826965786278199
6921,-1.0291955894483142
6922,0.6037522436362233
6923,-0.031955731637682894
6924,-0.5465764735260834
6925,0.29065525445370066
6926,0.3970390380709668
6927,-0.9530836141774248
6928,-0.7290722324142387
6929,0.19724510298488168
6930,-0.2040725848070807
6931,-0.46527504539581505
6932,-1.0023834163415235
6933,-0.9271363498805306
6934,-0.5803079171120457
6935,-0.20839712885656317
6936,0.04069660839362075
6937,-0.7532896790913399
6938,-1.171905543081232
6939,-0.8294016543622295
6940,-0.44019268990881744
6941,0.4679615604824773
6942,-0.49468194493229506
6943,-0.1980182231378055
6944,-0.7264775059845493
6945,-0.6097148166485258
6946,-0.15131314740339602
6947,-1.1104970175785824
6948,1.0189084723865294
6949,1.2982740179830896
6950,0.5345595388445056
6951,-0.15823241788256778
6952,0.5665611648106749
6953,-0.10114843642940065
6954,-1.281748961938084
6955,0.12026821890409578
6956,0.6080767876857055
6957,-0.5016012154114668
6958,2.5325075387934524
6959,0.7897076377639645
6960,-1.2886682324172558
6961,-0.5656044673438058
6962,-1.1667160902218532
6963,1.6070464631161299
6964,0.7845181849045858
6965,1.3683316315847036
6966,-0.7878860314871987
6967,0.35465850638603974
6968,-0.13401497120546657
6969,-0.9452994348883564
6970,-1.1433635523546484
6971,-1.1667160902218532
6972,2.5325075387934524
6973,0.5129368185970938
6974,-0.6045253637891469
6975,-0.4600855925364362
6976,-1.0594673977946907
6977,-0.44019268990881744
6978,0.02512824981548406
6979,-0.8034543900653353
6980,-0.21099185528625247
6981,0.3909846764016914
6982,-0.018982099489236102
6983,-1.1667160902218532
6984,0.09259113698740867
6985,-0.692746062398587
6986,-0.5958762756901822
6987,0.5371542652741951
6988,-0.8614032803283987
6989,0.7282991122613153
6990,-1.3146154967141497
6991,1.7878124043844925
6992,-0.5292782973281539
6993,-0.4004068846535797
6994,-0.08385026023147121
6995,-0.5560904704349445
6996,0.45931247238351275
6997,2.5325075387934524
6998,-0.6027955461693539
6999,-0.9980588722920412
7000,0.2828710751646325
7001,-0.7109091474064129
7002,-0.8371858336512976
7003,-0.6330673545157304
7004,-0.3709999851170997
7005,1.107994079805866
7006,-0.9634625198961825
7007,0.47488083096164907
7008,-0.8190227486434718
7009,-0.14352896811432786
7010,0.3909846764016914
7011,-0.14525878573412082
7012,-0.7074495121668269
7013,0.076157869599376
7014,2.5325075387934524
7015,1.5620712050015133
7016,-0.4600855925364362
7017,1.372656175634186
7018,-0.5690641025833917
7019,0.05540005816186067
7020,-1.3595907548287662
7021,0.15399966249005828
7022,-0.4194348784713021
7023,-0.6936109712084835
7024,-1.3163453143339425
7025,1.1546991555402755
7026,-0.3165107300936221
7027,0.10124022508637359
7028,0.7006220303446281
7029,-1.2973173205162203
7030,-0.48084340397395153
7031,-0.9271363498805306
7032,0.21367837037291473
7033,-0.2499127517315938
7034,1.0016102961886
7035,-1.3128856790943568
7036,0.22319236728177602
7037,-0.7455054998022718
7038,-0.7117740562163092
7039,-0.3831087084556503
7040,0.18773110607602078
7041,0.14621548320099012
7042,-1.0681164858936554
7043,-0.07260644570281717
7044,-1.2125562571463662
7045,-0.17899022932008313
7046,-0.2594267486404549
7047,2.5325075387934524
7048,-1.0620621242243802
7049,-0.4782486775442622
7050,-0.5483062911458764
7051,0.008694982427450999
7052,1.0742626362199037
7053,-1.0568726713650012
7054,0.22578709371146555
7055,-0.9755712432347331
7056,-0.5137099387500175
7057,-0.25164256935138674
7058,2.5325075387934524
7059,0.5968329731570515
7060,0.23443618181043008
7061,1.0388013750141483
7062,0.32871124208914543
7063,-0.9677870639456649
7064,2.5325075387934524
7065,-0.825077110312747
7066,0.3857952235423124
7067,0.6020224260164302
7068,-1.1917984457088509
7069,-1.1087671999587896
7070,-0.3511070824894809
7071,0.37022686496417606
7072,-1.338832943391251
7073,-0.571658829013081
7074,1.6511568124208498
7075,0.30968324827142324
7076,-0.0656871752236454
7077,1.191025325555927
7078,-0.9089732648727048
7079,-0.7394511381329963
7080,2.5325075387934524
7081,0.23789581705001595
7082,0.1842714708364349
7083,0.045886061252999384
7084,2.5325075387934524
7085,-0.7645334936199941
7086,0.15399966249005828
7087,0.6997571215347314
7088,-0.1703411412211184
7089,-0.300077462705589
7090,-0.1703411412211184
7091,-0.8787014565263283
7092,2.2721613379265158
7093,-1.278289326698498
7094,-0.5785780994922528
7095,-0.013792646629857078
7096,-0.674582977390761
7097,-0.15131314740339602
7098,0.761165647037381
7099,-0.5820377347318386
7100,-0.7541545879012365
7101,-0.4920872185026057
7102,-0.7749123993387518
7103,-0.4868977656432269
7104,-0.46786977182550454
7105,-1.0499534008858296
7106,-0.4574908661067469
7107,0.20416437346405344
7108,0.939336861876054
7109,2.3647065805854384
7110,-0.6131744518881116
7111,-0.0051435585308925525
7112,1.253298759868473
7113,0.3788759530631406
7114,2.5325075387934524
7115,-1.1632564549822675
7116,-0.6278779016563516
7117,-0.14093424168463836
7118,-0.9478941613180459
7119,0.3062236130318373
7120,-0.40213670227337267
7121,-0.91502762654198
7122,-0.8934049062945684
7123,-1.068981394703552
7124,-0.28277928650765954
7125,-0.5552255616250481
7126,1.300868744412779
7127,-0.6417164426146951
7128,-0.8121034781643
7129,1.6208850040744736
7130,-0.5258186620885681
7131,1.6269393657437485
7132,-0.38397361726554685
7133,-0.6114446342683186
7134,-0.3433229032004126
7135,-0.2879687393670384
7136,-0.8190227486434718
7137,-0.44278741633850677
7138,-0.07606608094240305
7139,-1.006707960391006
7140,-0.9548134317972178
7141,-1.1027128382895142
7142,-1.0646568506540697
7143,-0.03973991092675143
7144,0.7646252822769669
7145,0.6885133070060774
7146,-1.4192694627116227
7147,-0.6226884487969727
7148,-0.9254065322607377
7149,0.7274342034514185
7150,-0.1668815059815325
7151,-0.4298137841900598
7152,-0.8977294503440506
7153,-0.7757773081486482
7154,-1.4460816358184134
7155,-0.6953407888282763
7156,-1.1649862726020601
7157,2.5325075387934524
7158,-1.0387095863571754
7159,-0.4133805168020267
7160,2.5325075387934524
7161,-0.9202170794013589
7162,2.1242619314342193
7163,0.2569238108677385
7164,-1.0291955894483142
7165,0.27249216944587484
7166,-0.527548479708361
7167,0.13324185105254296
7168,-1.114821561628065
7169,0.30016925136256195
7170,0.4653668340527878
7171,-0.8735120036669494
7172,-0.1392044240648454
7173,-0.5310081149479469
7174,-0.4548961396770574
7175,1.0682082745506283
7176,1.684023347196916
7177,-1.3301838552922862
7178,0.045886061252999384
7179,-0.7152336914558951
7180,-0.6382568073751093
7181,2.5325075387934524
7182,-0.674582977390761
7183,1.3181669206107085
7184,-1.241963156682846
7185,2.5325075387934524
7186,-1.1174162880577543
7187,-0.8492945569898481
7188,1.9763625249419232
7189,0.6919729422456632
7190,-1.2315842509640884
7191,0.4921790071595785
7192,-0.2066673112367702
7193,-1.0084377780107987
7194,-0.9695168815654577
7195,0.018208979336312284
7196,-0.8034543900653353
7197,-1.0127623220602813
7198,-0.9876799665732835
7199,-0.9245416234508413
7200,0.7049465743941103
7201,2.5325075387934524
7202,-0.4168401520416126
7203,-1.1857440840395754
7204,0.6478625929409434
7205,-0.19888313194770188
7206,0.10729458675564899
7207,-1.093198841380653
7208,-1.168445907841646
7209,-0.6287428104662481
7210,-0.41511033442181966
7211,-0.496411762552088
7212,-0.5396572030469116
7213,-0.3926227053645114
7214,-0.6002008197396647
7215,0.37022686496417606
7216,-0.15823241788256778
7217,-0.13747460644505247
7218,-0.5803079171120457
7219,-0.2784547424581773
7220,0.5838593410086044
7221,-0.19715331432790892
7222,-0.062227539984059506
7223,-0.04579427259602644
7224,-0.6322024457058341
7225,-1.0240061365889355
7226,1.682293529577123
7227,-0.7922105755366812
7228,0.17994692678695223
7229,-0.062227539984059506
7230,-1.1035777470994108
7231,-0.14093424168463836
7232,1.219567316282511
7233,2.1225321138144264
7234,0.6746747660477338
7235,0.3909846764016914
7236,-0.8337261984117117
7237,-0.9158925353518766
7238,2.4935779932600126
7239,-0.8397805600809871
7240,0.6444029577013576
7241,-0.3139160036639325
7242,-1.1364442818754767
7243,-0.41597524323171625
7244,0.8026812699124116
7245,0.41001267021941357
7246,-1.0274657718285214
7247,0.35898305043552203
7248,-0.8268069279325398
7249,2.135505745962874
7250,-0.3580263529686527
7251,0.9107948711494706
7252,-0.6347971721355233
7253,0.5656962560007786
7254,1.7082407938740167
7255,-0.9937343282425589
7256,-0.3865683436952362
7257,0.347739235906868
7258,0.7161903889227644
7259,-0.722152961935067
7260,0.9730683054620165
7261,0.37455140901365835
7262,0.07356314316968648
7263,-1.423594006761105
7264,2.5325075387934524
7265,-1.0663866682738625
7266,-1.065521759463966
7267,0.10815949556554537
7268,-1.0093026868206953
7269,0.8891721509020588
7270,-1.1969878985682296
7271,-1.2938576852766344
7272,-1.4331080036699662
7273,0.048480787682688896
7274,0.0701035079301006
7275,2.5325075387934524
7276,-0.1859094997992549
7277,-0.04752409021581958
7278,-0.4644101365859187
7279,0.07529296078947924
7280,2.029986871155504
7281,1.431469974707146
7282,-0.36754034987751383
7283,-0.5007363066015703
7284,0.5501278974226422
7285,0.05626496697175705
7286,-0.8942698151044647
7287,-0.6218235399870764
7288,-0.8579436450888129
7289,-0.35370180891917025
7290,0.4394195697558938
7291,0.6556467722300116
7292,-0.40819106394264787
7293,-1.3076962262349778
7294,0.6219153286440491
7295,2.5325075387934524
7296,0.9652841261729483
7297,-0.18677440860915126
7298,0.29584470731307966
7299,-1.1606617285525778
7300,-1.2021773514276086
7301,0.5864540674382939
7302,-0.9989237811019377
7303,0.5864540674382939
7304,-0.5552255616250481
7305,-0.4133805168020267
7306,-1.294722594086531
7307,-0.19888313194770188
7308,0.6348889607924962
7309,-0.7446405909923751
7310,0.2456799963390841
7311,-1.3111558614745638
7312,-0.0025488321012030403
7313,1.5482326640431698
7314,-0.9764361520446294
7315,-0.08212044261167827
7316,-0.14525878573412082
7317,-0.23953384601283614
7318,1.2351356748606472
7319,0.49650355120906076
7320,-0.6546900747631422
7321,-1.1606617285525778
7322,-1.324129493623011
7323,1.0007453873787036
7324,0.021668614575898172
7325,-0.5396572030469116
7326,0.37022686496417606
7327,-0.40213670227337267
7328,-0.8709172772372601
7329,-0.40992088156244083
7330,1.216107681042925
7331,-1.3146154967141497
7332,0.5414788093236773
7333,-0.46786977182550454
7334,-0.7342616852736175
7335,-0.3485123560597914
7336,-0.9911396018128694
7337,-0.6027955461693539
7338,0.40309339974024183
7339,0.11075422199523488
7340,-0.6443111690443846
7341,-0.7117740562163092
7342,-0.4618154101562291
7343,-0.2403987548227325
7344,-1.2082317130968838
7345,-0.6529602571433494
7346,-0.8985943591539471
7347,0.3883899499720019
7348,0.009559891237347759
7349,-0.5872271875912175
7350,-0.7749123993387518
7351,1.3423843672878097
7352,0.24481508752918774
7353,-0.2663460191196267
7354,-0.1703411412211184
7355,-0.8155631134038859
7356,-0.5258186620885681
7357,1.1642131524491366
7358,-0.9773010608545261
7359,-1.2558016976411897
7360,-0.45143650443747146
7361,-0.4107857903723374
7362,0.4342301168965148
7363,-0.6174989959375939
7364,-0.9876799665732835
7365,1.0759924538396963
7366,-0.6892864271590011
7367,-0.034550458067372405
7368,0.05021060530248165
7369,-0.020711917109028855
7370,1.649426994801057
7371,-1.3526714843495944
7372,-1.3163453143339425
7373,0.06318423745092883
7374,0.8805230628030939
7375,0.7127307536831785
7376,-0.6918811535886905
7377,1.111453715045452
7378,-0.4635452277760221
7379,1.1979445960350987
7380,-0.3026721891352785
7381,-0.38397361726554685
7382,0.6945676686753527
7383,2.5325075387934524
7384,-0.20234276718728778
7385,0.15399966249005828
7386,-1.1606617285525778
7387,-0.9522187053675283
7388,-0.435868145859335
7389,2.5325075387934524
7390,-0.12623079191639844
7391,0.11507876604471715
7392,1.4946083178295884
7393,-0.748100226231961
7394,-0.8778365477164318
7395,-1.3742942045970061
7396,-0.507655577080742
7397,-0.7870211226773024
7398,0.03723697315403486
7399,2.5325075387934524
7400,1.2014042312746847
7401,0.29324998088339016
7402,-0.26980565435921255
7403,-0.16255696193205024
7404,0.8260338077796164
7405,-0.7861562138674059
7406,2.5325075387934524
7407,-0.5863622787813211
7408,-0.663339162862107
7409,0.11680858366450989
7410,-0.6304726280860411
7411,-1.364780207688145
7412,-1.0759006651827239
7413,-0.32688963581237973
7414,-0.47997849516405516
7415,0.016479161716519534
7416,0.8891721509020588
7417,-0.2499127517315938
7418,-1.0110325044404884
7419,-0.09682389237991838
7420,0.11161913080513125
7421,0.311413065891216
7422,-0.7922105755366812
7423,-0.538792294237015
7424,-1.1831493576098862
7425,-0.9729765168050436
7426,-1.1450933699744414
7427,-0.6970706064480693
7428,0.5215859066960583
7429,0.5864540674382939
7430,1.111453715045452
7431,-1.1364442818754767
7432,0.8640897954150613
7433,-0.5163046651797067
7434,1.2896249298841251
7435,-0.22742512267428555
7436,1.5534221169025484
7437,-0.7299371412241352
7438,-0.06482226641374883
7439,-1.0222763189691424
7440,0.1816767444067454
7441,-1.0568726713650012
7442,-0.6391217161850058
7443,2.5325075387934524
7444,1.6113710071656122
7445,2.5324988897053538
7446,-0.32948436224206906
7447,-1.2609911505005686
7448,-0.038010093306958294
7449,0.26557289896670305
7450,-0.645176077854281
7451,2.5325075387934524
7452,1.7264038788818425
7453,-1.1355793730655803
7454,-0.7247476883647564
7455,-0.1573675090726714
7456,-0.3865683436952362
7457,-1.1329846466358908
7458,-0.9271363498805306
7459,2.5325075387934524
7460,-0.614039360698008
7461,-0.7602089495705117
7462,-1.0438990392165544
7463,2.1242619314342193
7464,0.6158609669747737
7465,-1.1667160902218532
7466,-0.09855370999971133
7467,0.15399966249005828
7468,-1.1753651783208179
7469,0.3529286887662466
7470,-0.1296904271559843
7471,-0.9600028846565966
7472,-0.40127179346347613
7473,1.1815113286470662
7474,0.9670139437927411
7475,-0.40819106394264787
7476,0.6521871369904257
7477,-0.4471119603879892
7478,0.599427699586741
7479,2.5325075387934524
7480,-0.496411762552088
7481,2.5325075387934524
7482,-0.44019268990881744
7483,1.6675900798088827
7484,0.22578709371146555
7485,1.2507040334387836
7486,-0.8579436450888129
7487,-1.4279185508105874
7488,1.3856298077826332
7489,0.23876072585991234
7490,1.0621539128813529
7491,-0.15131314740339602
7492,-0.29056346579672787
7493,0.8787932451833012
7494,-0.9911396018128694
7495,0.6945676686753527
7496,-0.9271363498805306
7497,0.1782171091671595
7498,-0.18158495574977243
7499,-1.3076962262349778
7500,-0.40559633751295854
7501,-0.6780426126303469
7502,0.02858788505506995
7503,-0.7290722324142387
7504,-0.4479768691978856
7505,0.4696913781022704
7506,1.0725328186001104
7507,-0.3502421736795844
7508,0.2664378077765994
7509,-0.7256125971746528
7510,1.8250034832100408
7511,-1.210826439526573
7512,-1.3163453143339425
7513,-0.4903574008828128
7514,-0.8069140253049212
7515,-1.364780207688145
7516,-1.0914690237608602
7517,1.813759668681386
7518,-0.6149042695079046
7519,-0.6192288135573868
7520,0.0640491462608252
7521,0.023398432195691307
7522,-0.3865683436952362
7523,-0.8778365477164318
7524,2.5325075387934524
7525,0.29065525445370066
7526,0.41952666712827485
7527,-0.27672492483838435
7528,-0.5560904704349445
7529,-1.0352499511175894
7530,-0.35370180891917025
7531,0.10210513389626996
7532,-1.181419539990093
7533,0.4679615604824773
7534,-1.3267242200527003
7535,-0.3069967331847608
7536,-0.29488800984621016
7537,-0.25423729578107607
7538,-1.331913672912079
7539,-1.0352499511175894
7540,0.9626893997432588
7541,0.1410260303416111
7542,-1.2480175183521214
7543,-0.7965351195861635
7544,-0.4107857903723374
7545,1.0275575604854938
7546,0.6288345991232209
7547,1.2472443981991976
7548,-0.5569553792448411
7549,-0.32515981819258677
7550,0.14967511844057602
7551,0.792302364193654
7552,1.1053993533761766
7553,-0.6866917007293116
7554,0.76635509989676
7555,-0.4626803189661257
7556,-1.2480175183521214
7557,-0.8821610917659141
7558,1.1546991555402755
7559,0.03118261148475946
7560,-0.7169635090756881
7561,1.152104429110586
7562,-0.3735947115467892
7563,2.5325075387934524
7564,-0.7524247702814435
7565,-0.33207908867175856
7566,-0.44538214276819627
7567,-0.21272167290604543
7568,-0.6564198923829352
7569,1.4600119654337296
7570,0.5172613626465761
7571,-0.14525878573412082
7572,-0.275860016028488
7573,-0.013792646629857078
7574,0.3486041447167644
7575,-0.9911396018128694
7576,-0.053578451885094976
7577,-0.8908101798648789
7578,-0.6027955461693539
7579,-0.8665927331877776
7580,-0.4531663220572644
7581,-0.2724003807889021
7582,2.5325075387934524
7583,-0.16255696193205024
7584,-0.9634625198961825
7585,-0.3701350763072033
7586,0.14967511844057602
7587,-1.0759006651827239
7588,1.3501685465768778
7589,2.5325075387934524
7590,-0.07520117213250649
7591,0.10902440437544174
7592,0.28633071040421837
7593,-0.9418397996487706
7594,-0.07001171927312766
7595,0.7801936408551036
7596,2.5325075387934524
7597,1.8120298510615933
7598,-0.22396548743469966
7599,-0.6027955461693539
7600,-0.9894097841930766
7601,-0.8319963807919187
7602,0.16091893296923004
7603,-0.2594267486404549
7604,2.5325075387934524
7605,0.6911080334357669
7606,-0.023306643538718367
7607,-0.8570787362789165
7608,0.36417250329490064
7609,0.834682895878581
7610,1.0189084723865294
7611,-0.059632813554369994
7612,-0.5188993916093962
7613,-0.4531663220572644
7614,-0.40127179346347613
7615,-0.3960823406040973
7616,-0.6027955461693539
7617,0.5362893564642986
7618,2.1562635574003894
7619,0.296709616122976
7620,-1.1649862726020601
7621,2.5325075387934524
7622,-0.990274693002973
7623,0.40049867331055267
7624,-0.9989237811019377
7625,-1.3483469403001123
7626,0.9946910257094282
7627,0.0579947845915498
7628,-0.00773828496058168
7629,0.5042877304981289
7630,0.15399966249005828
7631,-0.8458349217502623
7632,-0.9011890855836365
7633,0.26816762539639255
7634,-0.380513982025961
7635,-0.3095914596144503
7636,-0.37445962035668556
7637,-0.08385026023147121
7638,-0.9513537965576319
7639,-1.0352499511175894
7640,-1.3915923807949355
7641,1.26627239201692
7642,0.4878544631100962
7643,-0.07606608094240305
7644,0.2889254368339079
7645,-0.9971939634821447
7646,0.582994432198708
7647,2.5325075387934524
7648,2.143289925251942
7649,-1.0309254070681073
7650,-0.6564198923829352
7651,-1.2082317130968838
7652,-1.222935162865124
7653,-0.12536588310650185
7654,-1.0784953916124131
7655,1.2429198541497153
7656,-1.2497473359719145
7657,-0.9894097841930766
7658,-1.1606617285525778
7659,-1.2558016976411897
7660,-0.29834764508579603
7661,1.4496330597149722
7662,1.7635949577073908
7663,1.4011981663607698
7664,-0.7143687826459988
7665,-1.2696402385995331
7666,-0.8423752865106764
7667,0.44028447856579017
7668,0.316602518750595
7669,-0.5759833730625634
7670,-0.705719694547034
7671,0.35465850638603974
7672,2.5325075387934524
7673,2.5325075387934524
7674,-1.3742942045970061
7675,-1.0300604982582107
7676,-1.170175725461439
7677,-1.0663866682738625
7678,0.5094771833575079
7679,1.1875656903163412
7680,-0.2040725848070807
7681,0.6850536717664915
7682,0.45931247238351275
7683,-0.26980565435921255
7684,0.24654490514898086
7685,0.13237694224264657
7686,-1.261856059310465
7687,-1.1433635523546484
7688,0.9713384878422233
7689,1.1201028031444165
7690,-1.5109497965606487
7691,-0.5534957440052551
7692,-0.4713294070650904
7693,0.7577060117977951
7694,0.4229863023678608
7695,-0.6278779016563516
7696,-0.601065728549561
7697,-0.9271363498805306
7698,2.5325075387934524
7699,1.1979445960350987
7700,-1.0231412277790388
7701,-0.7636685848100976
7702,1.6926724352958804
7703,2.5324988897053538
7704,-0.15044823859349965
7705,-0.006873376150685304
7706,1.052639915972492
7707,-0.22137076100501016
7708,-1.3111558614745638
7709,-0.4471119603879892
7710,0.002640620758175983
7711,-0.4272190577603703
7712,-0.1703411412211184
7713,0.24308526990939497
7714,-0.4410575987187138
7715,0.3105481570813196
7716,-0.5630097409141163
7717,-1.0551428537452086
7718,0.28373598397452887
7719,-1.1312548290160978
7720,-0.9262714410706343
7721,0.6106715141153951
7722,-0.43673305466923157
7723,1.8838172822830006
7724,-0.992004510622766
7725,0.5674260736205716
7726,0.057129875781653426
7727,-0.9271363498805306
7728,-0.4574908661067469
7729,-0.8190227486434718
7730,0.2024345558442607
7731,0.5639664383809858
7732,-0.5310081149479469
7733,-0.7247476883647564
7734,-0.7965351195861635
7735,-0.4877626744531233
7736,1.6364533626526099
7737,0.6193206022143596
7738,-0.47911358635415857
7739,2.5325075387934524
7740,-0.380513982025961
7741,-0.33121417986186197
7742,-0.37445962035668556
7743,0.43163539046682564
7744,-1.2748296914589121
7745,1.091560812417833
7746,1.0976151740871085
7747,0.9237685032979177
7748,1.6675900798088827
7749,-0.5707939202031846
7750,-0.23866893720293958
7751,2.5324988897053538
7752,-0.062227539984059506
7753,0.9955559345193246
7754,-0.2732652895987985
7755,0.10556476913585586
7756,-0.7956702107762671
7757,-0.015522464249650215
7758,-1.2246649804849166
7759,-0.9470292525081496
7760,-1.060332306604587
7761,-0.44538214276819627
7762,1.9201434522986522
7763,1.3380598232383274
7764,-0.5759833730625634
7765,-0.8994592679638436
7766,0.22578709371146555
7767,-1.1537424580734061
7768,1.1780516934074803
7769,-0.7429107733725823
7770,0.26816762539639255
7771,0.9696086702224306
7772,0.009559891237347759
7773,0.761165647037381
7774,-0.887350544625293
7775,-0.33121417986186197
7776,-0.020711917109028855
7777,0.045886061252999384
7778,0.12199803652388891
7779,-0.7619387671903046
7780,1.3164371029909154
7781,0.27941143992504663
7782,-0.10979752452836536
7783,0.13237694224264657
7784,-0.6027955461693539
7785,-0.435868145859335
7786,1.1088589886157625
7787,-0.3865683436952362
7788,-1.0283306806384178
7789,0.34687432709697125
7790,0.3814706794928301
7791,0.280276348734943
7792,0.2768167134953571
7793,0.6063469700659128
7794,2.5325075387934524
7795,-1.2238000716750201
7796,1.9711730720825442
7797,0.3970390380709668
7798,-0.48170831278384807
7799,0.32179197160997364
7800,1.010259384287565
7801,0.15572948010985102
7802,-1.3163453143339425
7803,-0.6503655307136599
7804,-0.6840969742996224
7805,-0.4644101365859187
7806,0.5475331709929527
7807,-0.12277115667681254
7808,-0.7039898769272411
7809,0.9315526825869859
7810,-0.0994186188096077
7811,-0.03368554925747603
7812,-1.1433635523546484
7813,1.2472443981991976
7814,-0.32602472700248314
7815,-1.0767655739926203
7816,-0.21185676409614904
7817,0.2154081879927079
7818,0.38925485878189825
7819,0.3806057706829337
7820,-1.2981822293261167
7821,-0.00773828496058168
7822,2.5325075387934524
7823,-0.5102503035104315
7824,-0.16861132360132544
7825,-0.568199193773495
7826,0.6002926083966375
7827,-0.7152336914558951
7828,0.08394204888844416
7829,2.5325075387934524
7830,-1.234178977393778
7831,-0.44624705157809264
7832,0.12459276295357842
7833,-1.2462877007323285
7834,-1.1494179140239238
7835,-1.1537424580734061
7836,0.4394195697558938
7837,-0.6858267919194153
7838,1.010259384287565
7839,0.08913150174782279
7840,0.013019526476933645
7841,0.01128970885714051
7842,0.21454327918281113
7843,-1.1822844487999895
7844,-0.393487614174408
7845,-0.7489651350418576
7846,2.5325075387934524
7847,-0.8622681891382954
7848,-0.3865683436952362
7849,-0.4419225075286104
7850,0.8234390813499269
7851,-0.19109895265863372
7852,-1.0041132339613166
7853,-0.08903971309085004
7854,0.2716272606359785
7855,2.5325075387934524
7856,2.5324988897053538
7857,-0.3485123560597914
7858,-0.22742512267428555
7859,0.5959680643471551
7860,-1.3327785817219755
7861,1.7298635141214287
7862,1.7514862343688409
7863,0.5674260736205716
7864,-0.7273424147944457
7865,-0.568199193773495
7866,-0.8639980067580882
7867,1.300868744412779
7868,0.1289173070030607
7869,1.6252095481239557
7870,-0.6027955461693539
7871,2.5325075387934524
7872,-0.42375942252078436
7873,1.2385953101002332
7874,-0.43759796347912794
7875,-0.6027955461693539
7876,1.0154488371469435
7877,0.08221223126865101
7878,-0.3459176296301021
7879,-0.5413870206667045
7880,-1.0430341304066577
7881,1.0388013750141483
7882,1.9063049113403085
7883,2.5325075387934524
7884,1.4245507042279744
7885,2.1000444847571185
7886,-0.36927016749730673
7887,-0.4419225075286104
7888,-1.0551428537452086
7889,0.23530109062032645
7890,-0.15650260026277485
7891,2.5325075387934524
7892,-0.32515981819258677
7893,-0.050118816645509094
7894,2.5325075387934524
7895,2.5325075387934524
7896,0.37022686496417606
7897,0.3486041447167644
7898,-0.25423729578107607
7899,-0.9383801644091847
7900,-0.422894513710888
7901,-0.9591379758467
7902,-0.8449700129403659
7903,-0.6226884487969727
7904,1.4885539561603134
7905,-0.30353709794517486
7906,-1.0084377780107987
7907,-0.2196409433852172
7908,-0.19023404384873716
7909,-0.8691874596174671
7910,-0.26375129268993736
7911,-0.40992088156244083
7912,-0.11585188619764077
7913,-1.2402333390630533
7914,1.95992925755389
7915,-0.9755712432347331
7916,1.8578700179861063
7917,-1.083684844471792
7918,2.1597231926399747
7919,-0.6027955461693539
7920,-0.9755712432347331
7921,-0.39694724941399384
7922,-0.1495833297836031
7923,0.045886061252999384
7924,-0.5638746497240128
7925,-0.5846324611615281
7926,-0.5889570052110105
7927,-0.5924166404505963
7928,-0.49468194493229506
7929,0.04415624363320664
7930,0.07269823435979011
7931,2.5325075387934524
7932,2.0507446825930193
7933,0.520720997886162
7934,-0.8899452710549824
7935,-0.6261480840365586
7936,0.1289173070030607
7937,-1.1641213637921637
7938,0.3927144940214841
7939,1.1330764352928637
7940,-0.023306643538718367
7941,-0.5560904704349445
7942,-0.8761067300966389
7943,0.08740168412803004
7944,-1.201312442617712
7945,0.9185790504385387
7946,-0.7645334936199941
7947,-1.1563371845030956
7948,1.06042409526156
7949,-0.3709999851170997
7950,-1.3163453143339425
7951,-0.4903574008828128
7952,-0.810373660544507
7953,0.045886061252999384
7954,-0.7377213205132034
7955,2.5325075387934524
7956,0.9609595821234657
7957,-0.8830260005758107
7958,2.061988497121674
7959,0.47315101334185633
7960,-1.2532069712115004
7961,-0.40992088156244083
7962,-0.4877626744531233
7963,1.2178374986627178
7964,-0.2585618398305585
7965,-0.9781659696644226
7966,0.7118658448732822
7967,-0.6910162447787941
7968,-0.44019268990881744
7969,1.6615357181396073
7970,0.27508689587556434
7971,0.05885969340144656
7972,-1.2082317130968838
7973,2.5325075387934524
7974,2.5325075387934524
7975,-1.1710406342713355
7976,0.9107948711494706
7977,-0.31045636842434665
7978,-0.3831087084556503
7979,0.9177141416286423
7980,0.2621132637271172
7981,0.6262398726935313
7982,-0.7948053019663706
7983,0.4809351926309245
7984,-1.0395744951670718
7985,-0.44278741633850677
7986,-1.2255298892948132
7987,1.3544930906263601
7988,2.5325075387934524
7989,-0.6027955461693539
7990,-0.9556783406071141
7991,0.18946092369581352
7992,-0.8069140253049212
7993,-1.2903980500370484
7994,-1.1892037192791614
7995,-0.9132978089221871
7996,-0.8821610917659141
7997,0.4766106485814422
7998,-1.0326552246879
7999,2.5325075387934524
8000,-0.42375942252078436
8001,-0.08903971309085004
8002,0.18513637964633126
8003,0.06491405507072158
8004,0.6426731400815644
8005,0.40309339974024183
8006,0.09605077222699457
8007,0.8026812699124116
8008,-0.422894513710888
8009,-0.3649456234478245
8010,2.5325075387934524
8011,-0.20234276718728778
8012,-0.7610738583804082
8013,-1.0170868661097636
8014,-0.41251560799213033
8015,-0.19974804075759844
8016,-1.3163453143339425
8017,-0.5811728259219423
8018,-0.9003241767737401
8019,-0.5560904704349445
8020,-0.7299371412241352
8021,-0.6659338892917963
8022,-1.006707960391006
8023,-0.6270129928464552
8024,-0.8614032803283987
8025,0.11767349247440666
8026,-0.7861562138674059
8027,-0.9556783406071141
8028,-0.28537401293734904
8029,0.035507155534241726
8030,1.6675900798088827
8031,1.7938667660537675
8032,1.477310141631659
8033,-0.7939403931564741
8034,0.5864540674382939
8035,0.1661083858286087
8036,-0.5457115647161869
8037,1.3432492760977062
8038,0.5864540674382939
8039,-0.7956702107762671
8040,0.698892212724835
8041,-0.7109091474064129
8042,2.5325075387934524
8043,-0.9184872617815659
8044,-0.24212857244252547
8045,-0.11931152143722665
8046,-0.8389156512710905
8047,-0.9003241767737401
8048,0.20416437346405344
8049,-1.1727704518911284
8050,-1.184879175229679
8051,-0.29488800984621016
8052,0.21281346156301836
8053,-0.5266835708984644
8054,-1.2177457100057447
8055,-0.6737180685808647
8056,-0.8121034781643
8057,0.045886061252999384
8058,-0.2473180253019043
8059,-0.8856207270055
8060,-0.674582977390761
8061,-0.6287428104662481
8062,-0.5630097409141163
8063,-0.9997886899118343
8064,-0.6183639047474905
8065,1.5439081199936875
8066,-0.46786977182550454
8067,0.6971623951050423
8068,-0.498141580171881
8069,-0.8328612896018153
8070,0.40482321736003496
8071,1.2014042312746847
8072,-1.1070373823389965
8073,2.5324988897053538
8074,-0.8129683869741966
8075,-0.1296904271559843
8076,-0.2006129495674948
8077,-0.6624742540522104
8078,1.3311405527591558
8079,-0.21877603457532083
8080,2.141560107632149
8081,0.1038349515160631
8082,0.7516516501285196
8083,-1.3595907548287662
8084,-0.287103830557142
8085,-0.5041959418411561
8086,-0.2784547424581773
8087,-0.569929011393288
8088,1.7480265991292545
8089,-0.0899046219007466
8090,-1.0352499511175894
8091,-0.46095050134633275
8092,-0.5007363066015703
8093,-0.8190227486434718
8094,2.146749560491528
8095,0.07961750483896189
8096,-0.5829026435417352
8097,-0.6789075214402435
8098,-1.0750357563728272
8099,-0.8060491164950248
8100,1.0318821045349766
8101,0.6193206022143596
8102,1.4435786980456968
8103,-0.5863622787813211
8104,1.2351356748606472
8105,0.3062236130318373
8106,-0.3485123560597914
8107,0.9912313904698423
8108,2.3309751369994762
8109,-1.1234706497270295
8110,-1.2030422602375048
8111,2.5325075387934524
8112,-0.19023404384873716
8113,0.16697329463850547
8114,-0.8423752865106764
8115,0.49390882477937126
8116,-0.44019268990881744
8117,1.326816008709673
8118,-0.06828190165333471
8119,-0.39002797893482205
8120,-0.15563769145287848
8121,0.10037531627647721
8122,-0.5846324611615281
8123,-0.20839712885656317
8124,0.4549879283340301
8125,1.0932906300376257
8126,0.01907388814620866
8127,-1.0594673977946907
8128,0.32871124208914543
8129,2.5325075387934524
8130,-0.6027955461693539
8131,1.0189084723865294
8132,0.285465801594322
8133,0.6236451462638423
8134,-1.1139566528181684
8135,0.37022686496417606
8136,-0.8501594657997448
8137,0.5423437181335737
8138,-0.10893261571846899
8139,-1.2030422602375048
8140,-0.5310081149479469
8141,-0.8536191010393306
8142,0.4921790071595785
8143,0.15399966249005828
8144,-0.3415930855806196
8145,0.14362075677130062
8146,-0.7740474905288552
8147,-0.2075322200466666
8148,-0.28277928650765954
8149,1.3691965403946
8150,-0.2602916574503515
8151,-0.9600028846565966
8152,-0.9574081582269073
8153,1.5880184692984074
8154,-0.5751184642526669
8155,0.45152829309444426
8156,-0.37705434678637506
8157,-1.2082317130968838
8158,-0.9383801644091847
8159,-0.018982099489236102
8160,-0.18158495574977243
8161,2.1796160952675936
8162,0.76635509989676
8163,-0.6123095430782151
8164,-1.2246649804849166
8165,-0.8761067300966389
8166,0.4921790071595785
8167,0.5241806331257479
8168,-0.6296077192761445
8169,0.5276402683653337
8170,-0.9816256049040083
8171,2.267836793877034
8172,-0.5292782973281539
8173,1.2351356748606472
8174,2.5325075387934524
8175,-1.0975233854301356
8176,2.5325075387934524
8177,2.5325075387934524
8178,0.2742219870656676
8179,-0.03714518449706192
8180,2.5325075387934524
8181,-0.32515981819258677
8182,2.5325075387934524
8183,-0.1296904271559843
8184,-0.720423144315274
8185,-0.3865683436952362
8186,-0.7143687826459988
8187,1.1918902343658238
8188,0.8208443549202374
8189,-0.43327341942964565
8190,-0.1426640593044313
8191,-0.6296077192761445
8192,0.5864540674382939
8193,1.0958853564673152
8194,-0.9677870639456649
8195,0.1652434770187123
8196,0.08913150174782279
8197,-0.9677870639456649
8198,-0.6027955461693539
8199,-0.7688580376694764
8200,-0.3502421736795844
8201,-0.2784547424581773
8202,0.027722976245173572
8203,-0.8466998305601589
8204,-0.19628840551801255
8205,-0.3779192555962715
8206,0.26038344610732445
8207,-0.3952174317942009
8208,1.1927551431757202
8209,-0.5041959418411561
8210,-0.4185699696614055
8211,-0.9020539943935331
8212,-0.6252831752266622
8213,0.8571705249358894
8214,-0.5759833730625634
8215,-1.3760240222167992
8216,0.07961750483896189
8217,2.5325075387934524
8218,-1.0352499511175894
8219,-0.4272190577603703
8220,2.1000444847571185
8221,-0.6079849990287328
8222,0.9661490349828448
8223,-0.9807606960941119
8224,1.9703081632726474
8225,-1.0975233854301356
8226,0.7161903889227644
8227,0.009559891237347759
8228,-0.4384628722890245
8229,2.5325075387934524
8230,-0.5906868228308033
8231,2.5325075387934524
8232,-0.44884177800778213
8233,-0.40559633751295854
8234,-0.10806770690857243
8235,-1.186608992849472
8236,-1.2082317130968838
8237,-0.8674576419976742
8238,0.7161903889227644
8239,-0.2507776605414902
8240,2.5325075387934524
8241,1.2351356748606472
8242,2.5325075387934524
8243,0.6513222281805293
8244,1.5698553842905816
8245,0.4887193719199926
8246,-0.03022591401789014
8247,0.7948970906233435
8248,-0.32861945343217264
8249,1.0189084723865294
8250,-0.6970706064480693
8251,2.19777918027542
8252,-0.012062829010064327
8253,-0.5223590268489822
8254,-0.47911358635415857
8255,1.8431665682178666
8256,-0.9868150577633871
8257,-0.15390787383308552
8258,1.160753517209551
8259,-0.1392044240648454
8260,0.7343534739305903
8261,-0.3087265508045537
8262,-0.1461236945440172
8263,0.20416437346405344
8264,0.1721627474978841
8265,-0.5846324611615281
8266,-0.7870211226773024
8267,-1.1693108166515427
8268,-0.6918811535886905
8269,1.6926724352958804
8270,-0.8752418212867423
8271,0.7248394770217294
8272,0.2664378077765994
8273,2.5325075387934524
8274,2.5325075387934524
8275,-1.1208759232973402
8276,-1.085414662091585
8277,-0.43673305466923157
8278,-0.9876799665732835
8279,-0.9859501489534908
8280,2.5325075387934524
8281,-0.3217001829530009
8282,-0.4721943158749868
8283,-0.378784164406168
8284,2.0542043178326055
8285,0.7084062096336963
8286,0.8493863456468209
8287,-1.0845497532816883
8288,-1.1494179140239238
8289,2.5325075387934524
8290,1.5049872235483461
8291,-0.9202170794013589
8292,-0.8925399974846717
8293,0.4022284909303454
8294,-0.3865683436952362
8295,-1.0906041149509638
8296,-1.2177457100057447
8297,-0.936650346789392
8298,-0.5560904704349445
8299,-1.0352499511175894
8300,-0.5846324611615281
8301,-0.12277115667681254
8302,-0.08817480428095366
8303,-0.35370180891917025
8304,1.8838172822830006
8305,-0.7757773081486482
8306,1.5162310380770005
8307,-0.4661399542057116
8308,-0.9046487208232223
8309,0.020803705766001795
8310,0.009559891237347759
8311,1.8457612946475561
8312,-0.1729358676508077
8313,-0.8069140253049212
8314,-0.5214941180390856
8315,-0.5889570052110105
8316,0.48525973668040673
8317,-0.2672109279295233
8318,-1.2263947981047096
8319,-0.8691874596174671
8320,0.845926710407235
8321,-0.5560904704349445
8322,-0.5336028413776363
8323,-0.48949249207291623
8324,-1.065521759463966
8325,1.2065936841340636
8326,-0.4704644982551939
8327,-0.9314608939300129
8328,-0.7783720345783377
8329,1.199674413654892
8330,-0.13401497120546657
8331,-0.5240888444687751
8332,0.05021060530248165
8333,2.5325075387934524
8334,-0.3960823406040973
8335,0.11853840128430303
8336,-0.45230141324736806
8337,2.5325075387934524
8338,-0.3986770670337868
8339,1.0042050226182895
8340,0.28633071040421837
8341,-0.36062107939834204
8342,-0.3165107300936221
8343,-0.558685196864634
8344,-0.8968645415341542
8345,-1.0352499511175894
8346,1.7757036810459417
8347,0.5864540674382939
8348,-0.40213670227337267
8349,1.219567316282511
8350,-0.5171695739896034
8351,-1.2082317130968838
8352,2.5325075387934524
8353,2.5325075387934524
8354,-0.02244173472882199
8355,-0.09855370999971133
8356,0.16956802106819457
8357,-0.09682389237991838
8358,2.5325075387934524
8359,-0.3485123560597914
8360,-0.6823671566798294
8361,0.2897903456438043
8362,0.8286285342093056
8363,-0.3095914596144503
8364,-0.3502421736795844
8365,-1.4019712865136933
8366,-0.34678253843999846
8367,1.5058521323582428
8368,-0.422894513710888
8369,-0.8691874596174671
8370,-1.1355793730655803
8371,2.5325075387934524
8372,0.5864540674382939
8373,0.3416848742375926
8374,1.0889660859881436
8375,0.7637603734670705
8376,1.7601353224678054
8377,1.155564064350172
8378,-0.2040725848070807
8379,0.1989749206046748
8380,-1.0438990392165544
8381,-0.7368564117033071
8382,-1.0084377780107987
8383,-0.09768880118981475
8384,0.5336946300346092
8385,1.1789166022173767
8386,-0.17553059408049723
8387,0.4091477614095172
8388,-0.37445962035668556
8389,-0.23174966672376782
8390,-0.33813345034103376
8391,-0.9288661675003236
8392,1.4184963425586992
8393,0.46882646929237365
8394,0.06750878150041109
8395,-0.7195582355053776
8396,-0.1392044240648454
8397,-0.5656044673438058
8398,2.5325075387934524
8399,1.4902837737801062
8400,0.36330759448500427
8401,-1.068981394703552
8402,0.7447323796493479
8403,-0.9470292525081496
8404,-0.380513982025961
8405,-0.26980565435921255
8406,0.6262398726935313
8407,-0.36754034987751383
8408,-1.281748961938084
8409,-0.5829026435417352
8410,-0.8190227486434718
8411,-1.1087671999587896
8412,-0.3865683436952362
8413,1.2965442003632968
8414,-0.98854487538318
8415,-0.038010093306958294
8416,-1.1511477316437166
8417,-1.2938576852766344
8418,-1.2523420624016037
8419,0.32179197160997364
8420,-0.7109091474064129
8421,2.4788745434917723
8422,0.8208443549202374
8423,2.5325075387934524
8424,-0.8276718367424365
8425,0.013884435286830022
8426,-0.6581497100027281
8427,-0.8095087517346107
8428,-0.9574081582269073
8429,0.3555234151959361
8430,-0.45230141324736806
8431,-0.8276718367424365
8432,0.054535149351963914
8433,-1.3448873050605263
8434,-0.43154360180985274
8435,-0.5854973699714245
8436,0.18600128845622765
8437,0.3857952235423124
8438,0.09432095460720182
8439,1.0837766331287648
8440,2.5325075387934524
8441,0.08480695769834053
8442,1.1408606145819318
8443,-0.4574908661067469
8444,2.5325075387934524
8445,-0.49468194493229506
8446,-0.13574478882525953
8447,0.26038344610732445
8448,-0.7489651350418576
8449,0.21454327918281113
8450,1.0448557366834235
8451,0.026858067435277196
8452,-0.9305959851201165
8453,-0.9686519727555613
8454,-0.6988004240678622
8455,-0.9522187053675283
8456,0.579534796959122
8457,-1.1130917440082717
8458,0.024263341005587684
8459,0.1038349515160631
8460,2.5325075387934524
8461,-0.1798551381299795
8462,2.131181201913391
8463,-1.0352499511175894
8464,-0.7749123993387518
8465,-0.663339162862107
8466,0.40482321736003496
8467,-0.25510220459097266
8468,0.001775711948279223
8469,0.22578709371146555
8470,-0.7230178707449635
8471,-0.12536588310650185
8472,-0.31132127723424324
8473,-0.9089732648727048
8474,-0.9928694194326625
8475,0.7430025620295552
8476,-0.9478941613180459
8477,1.4997977706889674
8478,1.2775162065455743
8479,-1.3587258460188698
8480,-1.2324491597739848
8481,0.45066338428454783
8482,-0.404731428703062
8483,2.5325075387934524
8484,1.2948143827435037
8485,0.6694853131883551
8486,1.4980679530691743
8487,0.8026812699124116
8488,-0.9651923375159754
8489,-1.184879175229679
8490,-1.1805546311801969
8491,-0.8112385693544036
8492,-0.6391217161850058
8493,2.198644089085316
8494,0.11594367485461352
8495,-0.3865683436952362
8496,-1.1874739016593685
8497,2.044690320923744
8498,-0.4194348784713021
8499,-0.5413870206667045
8500,-1.0231412277790388
8501,-1.1104970175785824
8502,0.3321708773287313
8503,0.5864540674382939
8504,-0.10720279809867604
8505,-1.0041132339613166
8506,0.045886061252999384
8507,2.5325075387934524
8508,2.5325075387934524
8509,0.6426731400815644
8510,-1.0983882942400318
8511,0.15399966249005828
8512,1.3432492760977062
8513,-0.615769178317801
8514,-0.19974804075759844
8515,-0.9504888877477354
8516,-0.9816256049040083
8517,2.3880591184526434
8518,-0.8942698151044647
8519,0.47228610453195957
8520,1.086371359558454
8521,-0.7939403931564741
8522,0.3927144940214841
8523,0.3814706794928301
8524,-0.7212880531251705
8525,-0.4479768691978856
8526,-0.6408515338047988
8527,0.2621132637271172
8528,-0.7878860314871987
8529,0.3762812266334515
8530,1.660670809329711
8531,-0.48949249207291623
8532,-0.07606608094240305
8533,-0.8501594657997448
8534,0.3044937954120442
8535,0.7490569236988306
8536,-0.9591379758467
8537,-0.3709999851170997
8538,-0.8959996327242576
8539,-1.1433635523546484
8540,-1.072441029943138
8541,-0.3865683436952362
8542,-0.883890909385707
8543,-0.7135038738361021
8544,0.254329084438049
8545,1.2455145805794048
8546,-0.08644498666116072
8547,2.5325075387934524
8548,0.024263341005587684
8549,-0.24818293411180087
8550,2.5325075387934524
8551,1.1460500674413105
8552,0.43250029927672207
8553,1.374385993253979
8554,0.10210513389626996
8555,0.5146666362168866
8556,0.285465801594322
8557,-1.1312548290160978
8558,1.051775007162595
8559,-0.9729765168050436
8560,-1.1615266373624742
8561,1.056964460021974
8562,-1.0534130361254153
8563,-1.2315842509640884
8564,-0.8934049062945684
8565,0.08221223126865101
8566,0.6245100550737386
8567,-0.2170462169555279
8568,-1.1476880964041307
8569,-0.6892864271590011
8570,-0.9755712432347331
8571,-0.7887509402970954
8572,1.8613296532256924
8573,0.2456799963390841
8574,-1.291262958846945
8575,-1.0438990392165544
8576,-0.8190227486434718
8577,0.17302765630778047
8578,-1.2558016976411897
8579,0.741272744409762
8580,-1.1840142664197828
8581,-0.6027955461693539
8582,-0.992004510622766
8583,-0.3571614441587561
8584,0.138431303911922
8585,1.0906959036079367
8586,0.15399966249005828
8587,0.33303578613862767
8588,0.7023518479644209
8589,-0.1461236945440172
8590,1.056964460021974
8591,0.8026812699124116
8592,1.056964460021974
8593,0.22578709371146555
8594,-0.5214941180390856
8595,1.8846821910928973
8596,-0.5163046651797067
8597,-0.2715354719790055
8598,0.3650374121047974
8599,0.6703502219982516
8600,-0.5742535554427705
8601,-0.8769716389065353
8602,0.3486041447167644
8603,-0.46786977182550454
8604,1.9685783456528545
8605,0.2024345558442607
8606,-0.40905597275254446
8607,-1.1303899202062013
8608,-0.7091793297866199
8609,-0.012927737819960703
8610,0.9107948711494706
8611,0.14535057439109375
8612,0.1816767444067454
8613,-0.9651923375159754
8614,1.528339761415551
8615,0.03118261148475946
8616,-0.43154360180985274
8617,0.6815940365269055
8618,-0.5560904704349445
8619,1.4409839716160073
8620,-0.40300161108326904
8621,-1.3448873050605263
8622,-0.5612799232943233
8623,-0.7135038738361021
8624,0.34946905352666074
8625,-0.4903574008828128
8626,-0.8268069279325398
8627,-1.080225209232206
8628,-0.038010093306958294
8629,-0.2170462169555279
8630,0.04675097006289576
8631,-1.3345083993417686
8632,-1.2679104209797405
8633,1.1849709638866521
8634,0.010424800047244134
8635,-0.40300161108326904
8636,-0.2749951072185914
8637,-0.17812532051018654
8638,-1.2082317130968838
8639,-0.9669221551357684
8640,0.8511161632666141
8641,0.2456799963390841
8642,-1.065521759463966
8643,-0.511115212320328
8644,0.39617412926107004
8645,1.4859592297306239
8646,2.5325075387934524
8647,0.6106715141153951
8648,-1.0516832185056226
8649,0.32179197160997364
8650,-0.40646124632285496
8651,1.2351356748606472
8652,-0.9945992370524552
8653,-1.2869384147974625
8654,2.5247147104162853
8655,-0.02244173472882199
8656,-0.10633788928877948
8657,0.8355478046884773
8658,1.9357118108767886
8659,-0.13228515358567364
8660,-0.9011890855836365
8661,0.20935382632343247
8662,-0.40559633751295854
8663,-0.9392450732190812
8664,-0.2784547424581773
8665,-0.3978121582238902
8666,0.25951853729742763
8667,0.1479453008207829
8668,0.5864540674382939
8669,-0.5007363066015703
8670,0.08740168412803004
8671,-0.7377213205132034
8672,-1.2099615307166767
8673,-1.2990471381360134
8674,-1.0551428537452086
8675,0.35206377995635024
8676,-1.1710406342713355
8677,0.15399966249005828
8678,1.0837766331287648
8679,-0.48084340397395153
8680,2.5325075387934524
8681,-0.5214941180390856
8682,-0.3061318243748644
8683,-1.1528775492635097
8684,-1.4313781860501733
8685,-1.1805546311801969
8686,-0.9928694194326625
8687,1.6675900798088827
8688,1.684023347196916
8689,-0.5431168382864975
8690,-0.8501594657997448
8691,-1.2099615307166767
8692,2.5325075387934524
8693,-1.006707960391006
8694,0.6288345991232209
8695,0.18773110607602078
8696,-0.31997036533320794
8697,-0.12623079191639844
8698,-0.676312795010554
8699,1.3449790937174988
8700,-0.01638737305954659
8701,-0.9132978089221871
8702,0.039831699583723984
8703,1.5577466609520312
8704,-0.02590136996840788
8705,2.5325075387934524
8706,0.024263341005587684
8707,-1.0196815925394531
8708,-1.2099615307166767
8709,0.3295761508990418
8710,0.6279696903133245
8711,1.317302011800812
8712,0.0009108031383828472
8713,-0.15390787383308552
8714,-0.799129846015853
8715,-1.1943931721385403
8716,-1.0715761211332413
8717,0.10469986032595947
8718,-0.17466568527060067
8719,-0.03282064044757965
8720,2.5325075387934524
8721,-0.01638737305954659
8722,0.21108364394322524
8723,-0.44624705157809264
8724,-0.4730592246848834
8725,-0.5794430083021493
8726,-0.6564198923829352
8727,0.09518586341709818
8728,-1.3924572896048322
8729,0.9376070442562613
8730,-1.168445907841646
8731,-0.5258186620885681
8732,-1.1485530052140274
8733,-0.17812532051018654
8734,-1.0880093885212743
8735,-1.0300604982582107
8736,-0.10893261571846899
8737,-0.057038087124680864
8738,-1.1018479294796177
8739,-0.4350032370494386
8740,0.582994432198708
8741,-1.2462877007323285
8742,2.5325075387934524
8743,0.6409433224617717
8744,-0.872647094857053
8745,0.7819234584748963
8746,0.6850536717664915
8747,0.6582414986597012
8748,-1.1857440840395754
8749,-1.013627230870178
8750,-0.872647094857053
8751,-0.8121034781643
8752,-0.3649456234478245
8753,-1.2350438862036743
8754,0.05280533173217116
8755,-0.09682389237991838
8756,-0.7645334936199941
8757,-1.0707112123233449
8758,-1.0482235832660367
8759,2.5325075387934524
8760,-0.3891630701249255
8761,-1.3768889310266956
8762,0.7265692946415221
8763,1.3882245342123227
8764,0.4878544631100962
8765,-1.489327076313237
8766,0.15140493606036876
8767,1.5715852019103742
8768,-0.5310081149479469
8769,0.602887334826327
8770,0.1289173070030607
8771,-0.9530836141774248
8772,1.0119892019073577
8773,0.4152021230787926
8774,-0.4557610484869539
8775,-1.3544013019693875
8776,-0.018982099489236102
8777,0.008694982427450999
8778,0.06145441983113569
8779,-0.44019268990881744
8780,2.340489133908337
8781,-0.04752409021581958
8782,-1.0257359542087283
8783,-1.256666606451086
8784,-0.10806770690857243
8785,-1.0231412277790388
8786,-0.5379273854271187
8787,-0.6027955461693539
8788,-0.6027955461693539
8789,-0.33813345034103376
8790,0.2690325342062889
8791,-0.4272190577603703
8792,-0.8622681891382954
8793,0.6893782158159741
8794,0.5086122745476116
8795,-1.3509416667298015
8796,-0.044064454976233694
8797,0.07529296078947924
8798,-1.261856059310465
8799,0.43250029927672207
8800,-1.3163453143339425
8801,-0.9513537965576319
8802,-1.2575315152609827
8803,-0.6071200902188363
8804,2.5325075387934524
8805,2.5325075387934524
8806,-1.3163453143339425
8807,0.6885133070060774
8808,0.48007028382102773
8809,1.1425904322017246
8810,-1.3007769557558062
8811,2.5325075387934524
8812,0.3390901478079031
8813,-0.646905895474074
8814,1.425415613037871
8815,-0.614039360698008
8816,-0.992004510622766
8817,0.051075514112378026
8818,-0.7671282200496834
8819,0.19205565012550305
8820,0.11767349247440666
8821,1.955604713504408
8822,0.8139250844410657
8823,-1.3310487641021826
8824,-1.0205465013493495
8825,-0.3069967331847608
8826,2.5325075387934524
8827,-0.14093424168463836
8828,0.4065530349798277
8829,0.23789581705001595
8830,-0.8121034781643
8831,-1.2514771535917073
8832,2.5325075387934524
8833,-0.318240547713415
8834,-0.5967411845000787
8835,-1.01795177491966
8836,-0.49900648898177735
8837,0.0701035079301006
8838,-0.6270129928464552
8839,0.2621132637271172
8840,0.21454327918281113
8841,-0.33207908867175856
8842,0.4376897521361007
8843,0.548398079802849
8844,-0.3346738151014479
8845,-0.5941464580703892
8846,-0.7437756821824788
8847,2.5325075387934524
8848,-0.6373918985652128
8849,-0.9850852401435942
8850,2.073232311650328
8851,2.5325075387934524
8852,-1.273099873839119
8853,-0.5595501056745303
8854,2.5325075387934524
8855,-0.8311314719820223
8856,-0.8077789341148177
8857,-0.5457115647161869
8858,0.7066763920139032
8859,-1.1615266373624742
8860,-0.2256953050544926
8861,-0.5310081149479469
8862,-0.3865683436952362
8863,0.09345604579730543
8864,0.43509502570641156
8865,-0.2075322200466666
8866,0.22405727609167242
8867,0.45066338428454783
8868,0.1479453008207829
8869,2.5325075387934524
8870,-0.6607444364324175
8871,0.33044105970893856
8872,1.0007453873787036
8873,-1.081955026851999
8874,-0.28277928650765954
8875,0.001775711948279223
8876,0.43163539046682564
8877,2.5325075387934524
8878,1.0725328186001104
8879,1.5508273904728593
8880,-0.6391217161850058
8881,-0.2784547424581773
8882,-0.7723176729090623
8883,-1.2869384147974625
8884,-0.4479768691978856
8885,1.8838172822830006
8886,0.16091893296923004
8887,-0.16774641479142907
8888,-1.381213475076178
8889,-0.7541545879012365
8890,-0.7109091474064129
8891,-1.0084377780107987
8892,0.218002914422397
8893,2.5325075387934524
8894,2.5325075387934524
8895,2.5325075387934524
8896,-0.5128450299401209
8897,-0.6520953483334527
8898,0.2984394337427688
8899,-0.7861562138674059
8900,-0.9427047084586672
8901,-0.6797724302501399
8902,0.6245100550737386
8903,-0.8596734627086058
8904,-0.4272190577603703
8905,2.5325075387934524
8906,-0.18850422622894422
8907,-0.23693911958314665
8908,2.5325075387934524
8909,-1.0733059387530344
8910,-0.5145748475599138
8911,2.114747934525359
8912,0.057129875781653426
8913,0.20416437346405344
8914,-0.9660572463258718
8915,-1.201312442617712
8916,-0.5976060933099752
8917,-0.9323258027399095
8918,1.6191551864546803
8919,-0.8769716389065353
8920,0.29065525445370066
8921,0.16091893296923004
8922,-0.41770506085150916
8923,2.1631828278795613
8924,-0.33813345034103376
8925,-1.0110325044404884
8926,-0.9677870639456649
8927,-0.9911396018128694
8928,-1.3016418645657026
8929,-0.19282877027842668
8930,-0.32688963581237973
8931,1.159888608399654
8932,-0.7974000283960601
8933,0.218002914422397
8934,-0.6278779016563516
8935,-0.5379273854271187
8936,-0.8406454688908834
8937,-0.7974000283960601
8938,-0.6053902725990433
8939,2.5325075387934524
8940,-0.4194348784713021
8941,-0.23953384601283614
8942,1.3216265558502944
8943,-1.1745002695109215
8944,2.5325075387934524
8945,-0.07952571618198895
8946,0.2396256346698091
8947,-1.0326552246879
8948,0.6089416964956019
8949,-0.7377213205132034
8950,1.0336119221547693
8951,-0.6789075214402435
8952,0.0363720643441381
8953,-0.6356620809454199
8954,-0.2879687393670384
8955,2.5325075387934524
8956,-0.8276718367424365
8957,-0.11758170381743371
8958,-0.25423729578107607
8959,2.5325075387934524
8960,-0.3026721891352785
8961,0.3018990689823547
8962,-0.4073261551327515
8963,-1.3535363931594908
8964,-0.29834764508579603
8965,0.5951031555372583
8966,1.4842294121108308
8967,-0.9695168815654577
8968,-0.2170462169555279
8969,0.3503339623365571
8970,-0.062227539984059506
8971,-0.5526308351953586
8972,-0.6027955461693539
8973,-1.0992532030499282
8974,0.10642967794575223
8975,-0.287103830557142
8976,0.218002914422397
8977,1.2351356748606472
8978,-0.2672109279295233
8979,1.152104429110586
8980,-0.36235089701813494
8981,0.032912429104552214
8982,0.10988931318533812
8983,0.4082828525996208
8984,-0.6892864271590011
8985,2.3162716872312363
8986,-0.7247476883647564
8987,1.3103827413216405
8988,-0.3865683436952362
8989,-1.2134211659562626
8990,0.3364954213782136
8991,0.3261165156594559
8992,0.489584280729889
8993,0.5068824569278184
8994,0.04934569649258527
8995,0.48439482787051036
8996,0.12718748938326754
8997,1.9478205342153392
8998,-0.36321580582803153
8999,-0.5318730237578433
9000,0.10037531627647721
9001,2.402762568220883
9002,1.2351356748606472
9003,-0.8069140253049212
9004,-0.8856207270055
9005,2.5325075387934524
9006,-0.2784547424581773
9007,-1.1753651783208179
9008,-0.7645334936199941
9009,0.2984394337427688
9010,2.5325075387934524
9011,2.021337783056539
9012,-0.4825732215937445
9013,-0.6979355152579658
9014,0.46882646929237365
9015,1.114048441475141
9016,-0.2749951072185914
9017,-1.0196815925394531
9018,2.5325075387934524
9019,-0.21531639933573493
9020,-0.3865683436952362
9021,-1.2454227919224319
9022,-0.062227539984059506
9023,0.15399966249005828
9024,-1.294722594086531
9025,-1.4382974565293452
9026,-0.0994186188096077
9027,0.7196500241623504
9028,-0.38743325250513255
9029,0.5925084291075693
9030,-0.4782486775442622
9031,-0.5491711999557727
9032,-0.9651923375159754
9033,-0.6027955461693539
9034,1.7757036810459417
9035,1.122697529574106
9036,-0.7645334936199941
9037,-1.0793603004223098
9038,-0.4004068846535797
9039,0.6322942343628067
9040,0.6487275017508398
9041,-0.40819106394264787
9042,2.5325075387934524
9043,-0.6503655307136599
9044,-0.22396548743469966
9045,1.847491112267349
9046,1.1771867845975834
9047,-0.5595501056745303
9048,0.3650374121047974
9049,0.3624426856751079
9050,-0.5569553792448411
9051,-0.14179915049453493
9052,-0.3147809124738291
9053,-0.4419225075286104
9054,0.048480787682688896
9055,-0.1703411412211184
9056,0.025993158625380437
9057,-0.11239225095805487
9058,2.5325075387934524
9059,-0.37705434678637506
9060,-0.15217805621329258
9061,-0.11066243333826194
9062,1.152104429110586
9063,0.4999631864486467
9064,0.6149960581648773
9065,-0.5837675523516316
9066,1.2351356748606472
9067,1.4392541539962145
9068,1.8544103827465206
9069,-1.0093026868206953
9070,-0.8977294503440506
9071,-0.9686519727555613
9072,-0.8484296481799518
9073,1.265407483207024
9074,0.4229863023678608
9075,-0.22396548743469966
9076,-0.872647094857053
9077,1.049180280732906
9078,-0.9660572463258718
9079,-0.6027955461693539
9080,2.5325075387934524
9081,-1.2687753297896367
9082,0.1989749206046748
9083,-0.1703411412211184
9084,1.8146245774912828
9085,-0.872647094857053
9086,-0.9868150577633871
9087,-0.2499127517315938
9088,-0.23607421077325028
9089,-1.2886682324172558
9090,-0.8475647393700553
9091,-0.8614032803283987
9092,0.9661490349828448
9093,2.1796160952675936
9094,-1.2298544333442956
9095,2.5325075387934524
9096,-1.361320572448559
9097,0.661701133899287
9098,0.1687031122582982
9099,0.5198560890762656
9100,-0.8285367455523328
9101,-0.4133805168020267
9102,-1.234178977393778
9103,0.038966790773827614
9104,-0.17553059408049723
9105,-0.47392413349477974
9106,-0.9764361520446294
9107,-1.111361926388479
9108,-1.1831493576098862
9109,-0.3147809124738291
9110,-1.4028361953235897
9111,0.4921790071595785
9112,2.5325075387934524
9113,-0.08644498666116072
9114,-0.5846324611615281
9115,-0.2672109279295233
9116,-0.4756539511145727
9117,-0.5595501056745303
9118,1.2264865867616828
9119,-0.3147809124738291
9120,0.7879778201441717
9121,0.4766106485814422
9122,-0.20580240242687364
9123,2.336164589858855
9124,0.582994432198708
9125,1.9798221601815087
9126,-1.2203404364354344
9127,-0.2931581922264172
9128,-0.046659181405923206
9129,-0.7878860314871987
9130,-0.8268069279325398
9131,0.8104654492014798
9132,0.0640491462608252
9133,-0.06395735760385245
9134,-0.5976060933099752
9135,-0.5128450299401209
9136,0.06750878150041109
9137,0.421256484748068
9138,0.280276348734943
9139,-0.5612799232943233
9140,-1.013627230870178
9141,-0.8190227486434718
9142,0.0856718665082369
9143,-0.527548479708361
9144,-1.366510025307938
9145,-0.588092096401114
9146,1.0076646578578754
9147,-0.8553489186591235
9148,-1.273099873839119
9149,-0.9522187053675283
9150,-1.1563371845030956
9151,0.6867834893862846
9152,-0.00773828496058168
9153,0.23876072585991234
9154,-0.3891630701249255
9155,1.0794520890792823
9156,0.29152016326359703
9157,0.9488508587849153
9158,0.11853840128430303
9159,-0.3415930855806196
9160,-0.9029189032034294
9161,-0.7878860314871987
9162,-0.43327341942964565
9163,0.3555234151959361
9164,1.2593531215377485
9165,-0.257696931020662
9166,0.17389256511767723
9167,-1.1416337347348555
9168,-0.8484296481799518
9169,-0.09336425714033249
9170,-0.9305959851201165
9171,-0.9764361520446294
9172,0.014749344096726397
9173,-0.1426640593044313
9174,0.20502928227395023
9175,-0.2378040283930432
9176,0.21886782323229376
9177,0.218002914422397
9178,-1.0759006651827239
9179,-0.3865683436952362
9180,1.5421783023738944
9181,-1.0257359542087283
9182,-0.5223590268489822
9183,-0.8060491164950248
9184,0.15745929772964418
9185,1.618290277644784
9186,-1.273099873839119
9187,-0.23174966672376782
9188,1.2463794893893012
9189,-0.3139160036639325
9190,0.7490569236988306
9191,-1.2376386126333638
9192,-0.6027955461693539
9193,-0.7671282200496834
9194,-1.0309254070681073
9195,-0.04579427259602644
9196,-0.9409748908388742
9197,-1.083684844471792
9198,-0.4133805168020267
9199,0.43595993451630793
9200,1.4470383332852828
9201,-1.2705051474094298
9202,-1.096658476620239
9203,0.02253352338579455
9204,-0.6486357130938669
9205,-1.010167595630592
9206,1.4504979685248687
9207,-0.42375942252078436
9208,-0.5085204858906386
9209,0.8026812699124116
9210,2.5325075387934524
9211,-0.4254892401405773
9212,-0.5448466559062904
9213,1.3934139870717013
9214,-0.35629653534885974
9215,0.1652434770187123
9216,0.0856718665082369
9217,0.9272281385375036
9218,1.3432492760977062
9219,0.14189093915150786
9220,0.6236451462638423
9221,-0.20147785837739138
9222,-1.2125562571463662
9223,-0.9141627177320837
9224,1.6675900798088827
9225,-0.9271363498805306
9226,-0.780966761008027
9227,0.11507876604471715
9228,0.15399966249005828
9229,-0.9478941613180459
9230,0.44460902261527246
9231,-0.6027955461693539
9232,-1.2246649804849166
9233,-1.364780207688145
9234,-0.36062107939834204
9235,1.2290813131913718
9236,1.0682082745506283
9237,2.5325075387934524
9238,-0.5016012154114668
9239,0.43509502570641156
9240,-0.7826965786278199
9241,-0.07693098975229944
9242,-0.9781659696644226
9243,2.5325075387934524
9244,-0.2040725848070807
9245,-1.1433635523546484
9246,-0.8155631134038859
9247,0.8813879716129907
9248,0.5414788093236773
9249,-0.24299348125242204
9250,0.7706796439462422
9251,-0.23607421077325028
9252,-0.5370624766172221
9253,-0.6693935245313822
9254,0.17908201797705586
9255,-0.5664693761537022
9256,1.0837766331287648
9257,-0.7126389650262058
9258,-0.5457115647161869
9259,0.7603007382274846
9260,-0.5491711999557727
9261,2.5325075387934524
9262,-1.0456288568363472
9263,1.253298759868473
9264,-0.7688580376694764
9265,2.5325075387934524
9266,0.20070473822446758
9267,-1.013627230870178
9268,0.6651607691388729
9269,2.2522684352988973
9270,-0.454031230867161
9271,-0.5050608506510528
9272,-0.7956702107762671
9273,-0.9435696172685637
9274,-1.4002414688939002
9275,-0.062227539984059506
9276,-0.9721116079951472
9277,2.5325075387934524
9278,-0.22915494029407849
9279,-0.4644101365859187
9280,-0.7437756821824788
9281,-1.2878033236073592
9282,1.3518983641966706
9283,-0.2066673112367702
9284,-0.18417968217946196
9285,-0.6270129928464552
9286,-0.4004068846535797
9287,-1.188338810469265
9288,-1.199582624997919
9289,-0.8536191010393306
9290,0.2577887196776349
9291,1.2135129546132355
9292,2.023067600676332
9293,-0.7801018521981307
9294,-0.6296077192761445
9295,1.3968736223112872
9296,2.5325075387934524
9297,1.117508076714727
9298,-1.1208759232973402
9299,0.03810188196393124
9300,-0.7974000283960601
9301,-0.40646124632285496
9302,-0.9141627177320837
9303,-0.1703411412211184
9304,-0.6789075214402435
9305,0.21713800561250063
9306,-0.19282877027842668
9307,0.9834472111807742
9308,-1.1027128382895142
9309,0.6660256779487692
9310,-1.0162219572998672
9311,0.8606301601754753
9312,0.6288345991232209
9313,-0.8415103777007801
9314,-1.260126241690672
9315,0.15918911534943692
9316,-0.4713294070650904
9317,-1.158931910932785
9318,-1.0681164858936554
9319,-0.44019268990881744
9320,2.5325075387934524
9321,-0.4687346806354009
9322,-1.2393684302531567
9323,1.107994079805866
9324,0.21281346156301836
9325,-0.6027955461693539
9326,0.09605077222699457
9327,-0.020711917109028855
9328,-0.3095914596144503
9329,-0.01984700829913248
9330,0.4039583085501386
9331,1.0595591864516636
9332,-0.01984700829913248
9333,0.2154081879927079
9334,-0.569929011393288
9335,-0.9375152555992883
9336,-1.0594673977946907
9337,0.7801936408551036
9338,-0.41511033442181966
9339,-1.3794836574563851
9340,-1.2532069712115004
9341,-1.0551428537452086
9342,2.5325075387934524
9343,-0.31910545652331135
9344,1.0413961014438375
9345,0.09864549865668408
9346,0.045886061252999384
9347,-0.7403160469428929
9348,-0.39435252298430434
9349,-0.5188993916093962
9350,-0.7351265940835141
9351,-1.060332306604587
9352,-0.28623892174724547
9353,2.5325075387934524
9354,0.8277636253994092
9355,-0.454031230867161
9356,-0.8077789341148177
9357,0.23184145538074055
9358,-1.0784953916124131
9359,-0.050983725455405464
9360,-0.1115273421481583
9361,-0.46527504539581505
9362,-1.0257359542087283
9363,-0.6027955461693539
9364,-0.3865683436952362
9365,1.4980679530691743
9366,-0.5777131906823564
9367,2.5325075387934524
9368,0.08913150174782279
9369,0.4463388402350656
9370,-0.3865683436952362
9371,-0.11066243333826194
9372,-0.5483062911458764
9373,0.19811001179477844
9374,-0.35975617058844567
9375,0.41260739664910306
9376,1.2982740179830896
9377,-0.674582977390761
9378,0.20762400870363934
9379,0.49650355120906076
9380,1.7151600643531884
9381,-1.294722594086531
9382,1.7575405960381159
9383,-0.6200937223672834
9384,2.5325075387934524
9385,-0.40646124632285496
9386,-1.2549367888312932
9387,0.7239745682118326
9388,0.07096841673999697
9389,-1.2990471381360134
9390,-0.19715331432790892
9391,0.6487275017508398
9392,1.3441141849076024
9393,-1.1597968197426816
9394,1.2801109329752638
9395,-0.5854973699714245
9396,-0.3147809124738291
9397,-0.7870211226773024
9398,2.5325075387934524
9399,0.9332825002067786
9400,-0.7013951504975517
9401,0.8026812699124116
9402,-0.1608271443122573
9403,-0.4254892401405773
9404,-0.5759833730625634
9405,-0.5785780994922528
9406,2.5325075387934524
9407,0.47834046620123494
9408,-0.0873098954710571
9409,-0.1833147733695654
9410,2.255728070538483
9411,2.5325075387934524
9412,0.40568812616993133
9413,-0.8190227486434718
9414,-0.12363606548670891
9415,-0.19974804075759844
9416,0.042426426013413496
9417,-0.4289488753801632
9418,-0.3865683436952362
9419,-0.9591379758467
9420,-0.5768482818724598
9421,1.6961320705354666
9422,0.5146666362168866
9423,-0.1573675090726714
9424,-0.8458349217502623
9425,-0.4272190577603703
9426,-1.1476880964041307
9427,-0.3908928877447184
9428,1.5067170411681392
9429,2.5325075387934524
9430,-1.3215347671933215
9431,0.10988931318533812
9432,-0.9807606960941119
9433,-0.825077110312747
9434,0.9626893997432588
9435,-0.21099185528625247
9436,1.1832411462668588
9437,-0.6027955461693539
9438,0.421256484748068
9439,0.2612483549172208
9440,-0.41251560799213033
9441,-0.2473180253019043
9442,2.366436398205231
9443,1.5810991988192356
9444,-0.6408515338047988
9445,0.15140493606036876
9446,-0.287103830557142
9447,-0.1634218707419466
9448,-0.8060491164950248
9449,-0.7852913050575094
9450,0.11594367485461352
9451,-0.7550194967111328
9452,1.1659429700689294
9453,1.521420490936379
9454,1.2489742158189907
9455,-0.22742512267428555
9456,-0.9401099820289778
9457,1.2316760396210613
9458,-1.1433635523546484
9459,-0.11758170381743371
9460,0.311413065891216
9461,0.014749344096726397
9462,-0.98854487538318
9463,-1.3016418645657026
9464,0.7897076377639645
9465,-0.40819106394264787
9466,1.196214778415306
9467,0.021668614575898172
9468,-0.40646124632285496
9469,-0.4825732215937445
9470,-0.4471119603879892
9471,-0.8371858336512976
9472,0.026858067435277196
9473,-0.8631330979481917
9474,0.9886366640401528
9475,0.7438674708394516
9476,-0.569929011393288
9477,-1.3371031257714578
9478,2.298973511033307
9479,2.5325075387934524
9480,-0.6936109712084835
9481,-0.8095087517346107
9482,0.5968329731570515
9483,-0.5154397563698104
9484,-0.8648629155679847
9485,0.7308938386910043
9486,0.2084889175135361
9487,1.2351356748606472
9488,0.7689498263264491
9489,-1.1468231875942343
9490,1.3415194584779133
9491,-0.46700486301560795
9492,-0.24645311649200793
9493,0.46104229000330554
9494,0.47228610453195957
9495,-1.173635360701025
9496,0.6245100550737386
9497,-0.47997849516405516
9498,0.6141311493549809
9499,1.095020447657419
9500,0.05626496697175705
9501,-0.7437756821824788
9502,-0.36754034987751383
9503,1.3328703703789484
9504,-0.2784547424581773
9505,-1.181419539990093
9506,-0.07693098975229944
9507,-0.6443111690443846
9508,2.5325075387934524
9509,2.2522684352988973
9510,-0.6105797254584221
9511,-0.3779192555962715
9512,-1.0456288568363472
9513,-0.98854487538318
9514,2.452927279194879
9515,0.08307714007854777
9516,0.11075422199523488
9517,-0.588092096401114
9518,1.0958853564673152
9519,0.138431303911922
9520,0.5864540674382939
9521,2.5325075387934524
9522,-1.3578609372089732
9523,1.010259384287565
9524,0.08307714007854777
9525,-0.5690641025833917
9526,-0.7325318676538246
9527,0.9298228649671927
9528,-0.2412636636326291
9529,-0.5578202880547374
9530,-1.0888742973311707
9531,1.2740565713059884
9532,-0.7576142231408224
9533,1.3095178325117436
9534,-0.3156458212837255
9535,-0.8017245724455423
9536,-0.3960823406040973
9537,2.5325075387934524
9538,-0.1703411412211184
9539,-0.6027955461693539
9540,0.180811835596849
9541,0.7603007382274846
9542,-0.5102503035104315
9543,0.26816762539639255
9544,1.965983619223165
9545,2.5325075387934524
9546,0.15399966249005828
9547,-0.32515981819258677
9548,-0.41770506085150916
9549,-1.2869384147974625
9550,-0.7403160469428929
9551,-1.0335201334977966
9552,-1.199582624997919
9553,0.5535875326622282
9554,-0.03022591401789014
9555,1.4055227104102521
9556,-0.213586581715942
9557,1.7125653379234989
9558,-0.18677440860915126
9559,0.947985949975019
9560,-0.5924166404505963
9561,0.4091477614095172
9562,0.35206377995635024
9563,-0.31737563890351844
9564,-1.1563371845030956
9565,2.1000444847571185
9566,-0.3346738151014479
9567,-1.2843436883677732
9568,1.5655308402410992
9569,-0.31305109485403615
9570,-0.9842203313336976
9571,-1.3068313174250816
9572,-0.3165107300936221
9573,1.1892955079361343
9574,0.6582414986597012
9575,0.13237694224264657
9576,-0.7904807579168883
9577,0.37022686496417606
9578,0.5406139005137809
9579,0.5492629886127455
9580,1.8786278294236216
9581,-0.748100226231961
9582,0.0640491462608252
9583,-0.6823671566798294
9584,0.4601773811934091
9585,0.2214625496619829
9586,0.08480695769834053
9587,-0.4825732215937445
9588,-0.8112385693544036
9589,0.6106715141153951
9590,-1.0646568506540697
9591,-0.5336028413776363
9592,-0.8017245724455423
9593,-0.3398632679608267
9594,-0.527548479708361
9595,0.9203088680583318
9596,-0.2879687393670384
9597,-0.9738414256149401
9598,1.8595998356058998
9599,2.5325075387934524
9600,0.41260739664910306
9601,1.7186196995927747
9602,-0.39435252298430434
9603,-1.0499534008858296
9604,-0.5863622787813211
9605,0.735218382740487
9606,1.2238918603319933
9607,0.9609595821234657
9608,0.032912429104552214
9609,-0.2620214750701444
9610,0.11161913080513125
9611,1.3856298077826332
9612,-0.7238827795548598
9613,1.4548225125743508
9614,-0.49468194493229506
9615,-0.8069140253049212
9616,-1.324129493623011
9617,0.5864540674382939
9618,-0.4410575987187138
9619,0.15399966249005828
9620,1.4652014182931086
9621,-0.10028352761950426
9622,-0.33813345034103376
9623,-0.21531639933573493
9624,-0.1703411412211184
9625,-1.3163453143339425
9626,0.138431303911922
9627,-0.22742512267428555
9628,-0.0016839232913066645
9629,-0.6019306373594576
9630,0.11680858366450989
9631,1.0137190195271508
9632,-1.171905543081232
9633,-0.393487614174408
9634,0.3252516068495595
9635,-0.21445149052583837
9636,2.5325075387934524
9637,1.780028225095424
9638,-0.20839712885656317
9639,-0.5292782973281539
9640,-0.25423729578107607
9641,0.9367421354463645
9642,0.13583657748223246
9643,0.009559891237347759
9644,-0.03714518449706192
9645,2.5325075387934524
9646,0.2975745249328724
9647,-0.3666754410676174
9648,0.1652434770187123
9649,-1.4426220005788275
9650,-0.7472353174220647
9651,0.23703090824011958
9652,0.138431303911922
9653,-0.5725237378229775
9654,0.051075514112378026
9655,-0.33899835915093035
9656,-1.2298544333442956
9657,-0.903783812013326
9658,0.40136358212044904
9659,0.32179197160997364
9660,-0.3424579943905162
9661,1.640777906702092
9662,-0.03973991092675143
9663,-1.309426043854771
9664,-0.8294016543622295
9665,0.15399966249005828
9666,-0.275860016028488
9667,1.3873596254024263
9668,-0.5967411845000787
9669,-1.2125562571463662
9670,0.8891721509020588
9671,-0.1608271443122573
9672,0.27508689587556434
9673,2.1320461107232878
9674,1.214377863423132
9675,-1.2748296914589121
9676,-0.2689407455493162
9677,0.22924672895105144
9678,-0.6815022478699329
9679,-1.0620621242243802
9680,-0.5258186620885681
9681,-0.43327341942964565
9682,2.5325075387934524
9683,-0.4687346806354009
9684,-0.5137099387500175
9685,-0.780966761008027
9686,-0.7619387671903046
9687,-0.933190711549806
9688,-0.34764744724989505
9689,0.4921790071595785
9690,-0.00773828496058168
9691,-0.9747063344248367
9692,-0.6235533576068693
9693,-0.9305959851201165
9694,-0.37272980273689266
9695,-0.7541545879012365
9696,-0.08558007785126415
9697,-1.1347144642556837
9698,-0.06914681046323128
9699,-0.4531663220572644
9700,2.310217325561961
9701,0.7672200087066564
9702,-0.36840525868741036
9703,1.4011981663607698
9704,-1.3371031257714578
9705,-0.24558820768211137
9706,-0.5483062911458764
9707,0.2024345558442607
9708,-0.2689407455493162
9709,1.2022691400845815
9710,1.8319227536892126
9711,0.6435380488914608
9712,-0.1270957007262948
9713,-0.7109091474064129
9714,-0.1703411412211184
9715,-0.16861132360132544
9716,-0.1738007764607043
9717,-0.8190227486434718
9718,0.2612483549172208
9719,-1.2021773514276086
9720,0.045886061252999384
9721,-0.4756539511145727
9722,-0.646905895474074
9723,-0.4202997872811985
9724,-1.063791941844173
9725,0.35638832400583254
9726,0.3088183394615265
9727,-0.5137099387500175
9728,-0.48084340397395153
9729,-0.9894097841930766
9730,0.1038349515160631
9731,0.03377733791444897
9732,-0.422894513710888
9733,-0.5621448321042198
9734,-0.7351265940835141
9735,-1.3336434905318721
9736,-0.010333011390271192
9737,-0.25683202221076556
9738,-0.3165107300936221
9739,-0.011197920200167567
9740,2.1121532080956693
9741,1.2792460241653674
9742,-0.6996653328777588
9743,-0.9911396018128694
9744,-0.5050608506510528
9745,0.2456799963390841
9746,0.6478625929409434
9747,-1.0888742973311707
9748,0.02253352338579455
9749,1.320761647040398
9750,-1.3379680345813545
9751,-0.36840525868741036
9752,-0.6840969742996224
9753,2.5325075387934524
9754,0.48180010144082086
9755,0.7793287320452068
9756,-1.1381740994952696
9757,-0.28969855698683133
9758,0.1470803920108865
9759,1.3432492760977062
9760,-0.23693911958314665
9761,-0.3217001829530009
9762,0.038966790773827614
9763,-0.09249934833043592
9764,-0.8086438429247141
9765,-1.204772077857298
9766,-0.1729358676508077
9767,-0.10547298047888311
9768,2.5325075387934524
9769,-0.025036461158511117
9770,-0.4782486775442622
9771,-0.19109895265863372
9772,0.9151194151989528
9773,0.4247161199876539
9774,1.009394475477668
9775,0.002640620758175983
9776,-0.1296904271559843
9777,-0.3554316265389632
9778,-0.2931581922264172
9779,1.6675900798088827
9780,0.6002926083966375
9781,0.22059764085208652
9782,-0.5759833730625634
9783,-0.5872271875912175
9784,-0.11585188619764077
9785,-1.2679104209797405
9786,0.8883072420921625
9787,-1.1485530052140274
9788,-1.0456288568363472
9789,-0.6027955461693539
9790,0.11075422199523488
9791,-0.5188993916093962
9792,-0.98854487538318
9793,1.7757036810459417
9794,2.5325075387934524
9795,0.5925084291075693
9796,-0.8942698151044647
9797,0.08221223126865101
9798,-0.4211646960910951
9799,0.6911080334357669
9800,1.196214778415306
9801,-0.4254892401405773
9802,-0.23520930196335368
9803,-0.8639980067580882
9804,-0.3701350763072033
9805,-0.3865683436952362
9806,-0.6538251659532457
9807,0.2621132637271172
9808,2.5325075387934524
9809,0.7577060117977951
9810,-0.41770506085150916
9811,-0.9349205291695988
9812,0.045886061252999384
9813,-0.9349205291695988
9814,-1.2246649804849166
9815,1.1053993533761766
9816,-0.4574908661067469
9817,1.1399957057720356
9818,-0.03887500211685467
9819,0.710136027253489
9820,0.10037531627647721
9821,2.5325075387934524
9822,-1.3120207702844602
9823,0.5103420921674043
9824,1.2351356748606472
9825,-1.2653156945500508
9826,-1.263585876930258
9827,-1.2583964240708791
9828,1.0284224692953907
9829,-0.37445962035668556
9830,-0.3502421736795844
9831,0.834682895878581
9832,0.3814706794928301
9833,-0.4211646960910951
9834,-0.29488800984621016
9835,-1.0084377780107987
9836,-0.6590146188126246
9837,-0.9158925353518766
9838,-0.9444345260784601
9839,-0.9271363498805306
9840,-0.9850852401435942
9841,-0.19542349670811598
9842,1.2351356748606472
9843,-1.1217408321072366
9844,-0.28364419531755614
9845,-0.7377213205132034
9846,-0.8432401953205729
9847,-0.47392413349477974
9848,-0.15563769145287848
9849,-0.22396548743469966
9850,-0.7593440407606152
9851,-0.6538251659532457
9852,-1.222935162865124
9853,-0.9141627177320837
9854,-1.1070373823389965
9855,0.21886782323229376
9856,-0.3848385260754432
9857,-1.060332306604587
9858,0.46623174286268454
9859,1.372656175634186
9860,0.1661083858286087
9861,1.1676727876887225
9862,-0.1487184209737067
9863,-1.0352499511175894
9864,0.05280533173217116
9865,-0.10547298047888311
9866,-0.3926227053645114
9867,-1.2056369866671943
9868,0.08134732245875465
9869,-1.294722594086531
9870,1.1590236995897576
9871,0.6089416964956019
9872,-0.7351265940835141
9873,-0.5768482818724598
9874,-0.9323258027399095
9875,-0.722152961935067
9876,-0.8224823838830576
9877,0.5803997057690184
9878,1.335465096808638
9879,-0.27067056316910915
9880,2.2055633595644877
9881,-0.34072817677072326
9882,1.2429198541497153
9883,-0.2066673112367702
9884,-0.990274693002973
9885,-1.331913672912079
9886,-1.2514771535917073
9887,0.8052759963421011
9888,0.6833238541466987
9889,-0.3147809124738291
9890,2.4935779932600126
9891,-1.1917984457088509
9892,-0.7532896790913399
9893,1.9677134368429585
9894,-0.2585618398305585
9895,2.5325075387934524
9896,-1.173635360701025
9897,-0.014657555439753455
9898,0.5120719097871974
9899,-0.23953384601283614
9900,-0.6676637069115893
9901,-0.23174966672376782
9902,-0.422894513710888
9903,-0.04838899902571595
9904,-0.5379273854271187
9905,-0.9435696172685637
9906,-0.7135038738361021
9907,-0.1331500623955702
9908,-0.6702584333412788
9909,2.5325075387934524
9910,-1.0413043127868649
9911,1.370926358014393
9912,2.5325075387934524
9913,-1.0093026868206953
9914,-0.7567493143309257
9915,-0.47997849516405516
9916,-0.7645334936199941
9917,-0.018982099489236102
9918,-0.9773010608545261
9919,-0.03368554925747603
9920,-0.6105797254584221
9921,-0.6840969742996224
9922,-0.22137076100501016
9923,-1.168445907841646
9924,0.49650355120906076
9925,-0.5664693761537022
9926,0.5864540674382939
9927,1.26627239201692
9928,-0.10114843642940065
9929,1.3544930906263601
9930,1.032747013344873
9931,-0.8354560160315047
9932,-0.800859663635646
9933,2.1121532080956693
9934,-1.3163453143339425
9935,-0.22050585219511376
9936,1.0846415419386612
9937,-0.7532896790913399
9938,-1.2661806033599472
9939,-0.5656044673438058
9940,-0.20926203766645954
9941,0.5466682621830563
9942,0.6556467722300116
9943,-0.3502421736795844
9944,-1.0862795709014814
9945,0.07269823435979011
9946,-0.825077110312747
9947,-0.674582977390761
9948,2.5325075387934524
9949,-0.22396548743469966
9950,0.40741794378972446
9951,-1.2878033236073592
9952,-1.247152609542225
9953,0.5864540674382939
9954,-0.2940231010363138
9955,-0.646905895474074
9956,2.5325075387934524
9957,-1.4927867115528226
9958,-0.13401497120546657
9959,-1.2488824271620178
9960,-0.19109895265863372
9961,-0.7048547857371377
9962,-0.13228515358567364
9963,-0.4350032370494386
9964,2.0144185125773677
9965,-0.7731825817189588
9966,-0.8285367455523328
9967,1.159888608399654
9968,-1.013627230870178
9969,1.7757036810459417
9970,0.06318423745092883
9971,-0.41597524323171625
9972,2.5325075387934524
9973,-1.114821561628065
9974,-1.1623915461723708
9975,0.47574573977154544
9976,-0.9046487208232223
9977,2.5325075387934524
9978,-0.7610738583804082
9979,-0.3459176296301021
9980,2.3603820365359565
9981,-1.2238000716750201
9982,0.12978221581295707
9983,2.5325075387934524
9984,-0.6356620809454199
9985,0.15399966249005828
9986,-0.5854973699714245
9987,-0.9115679913023942
9988,2.5325075387934524
9989,-0.43759796347912794
9990,-0.7636685848100976
9991,1.2351356748606472
9992,-0.1634218707419466
9993,-0.25510220459097266
9994,-0.20493749361697727
9995,-0.6287428104662481
9996,-1.0084377780107987
9997,-0.8129683869741966
9998,0.10815949556554537
9999,-0.3217001829530009
10000,-0.18158495574977243
10001,0.13929621272181836
10002,0.5864540674382939
10003,1.191025325555927
10004,0.4108775790293103
10005,-0.6598795276225211
10006,-0.29834764508579603
10007,0.5414788093236773
10008,0.15054002725047239
10009,-0.9773010608545261
10010,-1.315480405524046
10011,0.4973684600189571
10012,-0.4194348784713021
10013,-0.24299348125242204
10014,-0.1703411412211184
10015,-1.010167595630592
10016,-0.35370180891917025
10017,-0.41770506085150916
10018,-0.6685286157214858
10019,-0.9176223529716695
10020,-1.0188166837295565
10021,-0.6027955461693539
10022,0.8338179870686846
10023,-0.9971939634821447
10024,-0.4505715956275751
10025,0.1194033100941994
10026,-0.3009423715154856
10027,-0.3709999851170997
10028,0.6513222281805293
10029,0.25086944919846316
10030,-0.6417164426146951
10031,1.2204322250924073
10032,-0.378784164406168
10033,0.5371542652741951
10034,-1.3396978522011473
10035,-0.9582730670368036
10036,-1.368239842927731
10037,0.9306877737770894
10038,-0.10114843642940065
10039,-0.696205697638173
10040,0.20416437346405344
10041,0.6452678665112539
10042,0.46623174286268454
10043,-0.287103830557142
10044,-0.9963290546722484
10045,2.021337783056539
10046,1.3363300056185343
10047,-1.3301838552922862
10048,-0.3709999851170997
10049,-0.349377264869688
10050,-0.28623892174724547
10051,-0.04233463735644056
10052,-1.2480175183521214
10053,-0.4661399542057116
10054,-1.2445578831125355
10055,-0.6123095430782151
10056,-0.5742535554427705
10057,0.11075422199523488
10058,-1.2125562571463662
10059,-0.3978121582238902
10060,1.1261571648136919
10061,-1.2082317130968838
10062,0.5553173502820209
10063,-0.10114843642940065
10064,-0.8466998305601589
10065,0.11767349247440666
10066,-1.0568726713650012
10067,1.0059348402380823
10068,0.661701133899287
10069,0.26038344610732445
10070,2.5325075387934524
10071,0.20935382632343247
10072,-0.17466568527060067
10073,-0.6564198923829352
10074,-0.3701350763072033
10075,-1.0880093885212743
10076,-1.04735867445614
10077,-0.1703411412211184
10078,-0.0008190144814099045
10079,-0.990274693002973
10080,0.13670148629212883
10081,-1.3526714843495944
10082,-0.40819106394264787
10083,2.5325075387934524
10084,-0.9842203313336976
10085,0.37022686496417606
10086,0.2923850720734938
10087,-1.1649862726020601
10088,-0.4773837687343656
10089,0.42212139355796435
10090,-1.037844677547279
10091,-1.4175396450918298
10092,2.5325075387934524
10093,0.1842714708364349
10094,0.551857715042435
10095,-0.12882551834608774
10096,-0.3217001829530009
10097,1.1495097026808965
10098,-1.278289326698498
10099,0.8571705249358894
10100,0.21367837037291473
10101,-0.8804312741461212
10102,-0.2602916574503515
10103,-0.5223590268489822
10104,-0.6270129928464552
10105,1.2455145805794048
10106,-0.5457115647161869
10107,-0.8112385693544036
10108,-0.47911358635415857
10109,0.6945676686753527
10110,0.5925084291075693
10111,-0.9703817903753542
10112,0.579534796959122
10113,-0.1149869773877442
10114,-0.40992088156244083
10115,-0.35370180891917025
10116,1.2351356748606472
10117,1.1304817088631742
10118,-0.8665927331877776
10119,-0.2256953050544926
10120,-0.509385394700535
10121,0.38925485878189825
10122,1.3795754461133578
10123,2.5325075387934524
10124,0.08307714007854777
10125,-0.1487184209737067
10126,-0.7852913050575094
10127,1.052639915972492
10128,0.0640491462608252
10129,2.5325075387934524
10130,1.086371359558454
10131,0.49909827763875025
10132,0.7006220303446281
10133,0.08221223126865101
10134,0.5933733379174656
10135,-1.289533141227152
10136,-0.3649456234478245
10137,-0.3052669155649678
10138,0.7551112853681056
10139,1.0803169978891791
10140,-0.49468194493229506
10141,-0.4133805168020267
10142,-0.4903574008828128
10143,-1.01795177491966
10144,-0.8190227486434718
10145,1.1105888062355553
10146,-0.3372685415311374
10147,-0.5664693761537022
10148,-1.0767655739926203
10149,-0.18504459098935833
10150,-0.9591379758467
10151,1.477310141631659
10152,0.5553173502820209
10153,0.5959680643471551
10154,-1.1874739016593685
10155,-0.4531663220572644
10156,0.4420142961855833
10157,-1.1710406342713355
10158,-1.0162219572998672
10159,-0.6027955461693539
10160,-0.9773010608545261
10161,-0.3165107300936221
10162,1.5975324662072687
10163,0.47228610453195957
10164,-0.3865683436952362
10165,-0.7212880531251705
10166,-0.5483062911458764
10167,-1.0490884920759331
10168,1.1218326207642098
10169,-0.7135038738361021
10170,-0.28364419531755614
10171,-0.9945992370524552
10172,-1.0170868661097636
10173,-0.422894513710888
10174,2.5325075387934524
10175,-0.38137889083585735
10176,-1.3457522138704228
10177,0.08048241364885826
10178,-0.37186489392699623
10179,-0.6226884487969727
10180,-0.19023404384873716
10181,2.1000444847571185
10182,-0.17553059408049723
10183,-0.435868145859335
10184,2.5325075387934524
10185,-0.9807606960941119
10186,-0.8190227486434718
10187,-0.4730592246848834
10188,1.16334824363924
10189,0.34687432709697125
10190,1.1642131524491366
10191,-0.11585188619764077
10192,-0.09163443952053955
10193,-0.992004510622766
10194,0.8294934430192024
10195,0.180811835596849
10196,-0.062227539984059506
10197,-0.872647094857053
10198,-1.3699696605475238
10199,-0.7238827795548598
10200,-0.24818293411180087
10201,-0.5258186620885681
10202,-1.0741708475629306
10203,-0.14179915049453493
10204,0.7205149329722467
10205,2.5325075387934524
10206,0.5821295233888116
10207,-1.0447639480264508
10208,-0.9980588722920412
10209,2.5325075387934524
10210,-1.0283306806384178
10211,1.8301929360694191
10212,1.2351356748606472
10213,1.581964107629132
10214,-0.11671679500753714
10215,0.5553173502820209
10216,-0.4548961396770574
10217,1.1884305991262378
10218,-0.5534957440052551
10219,0.5276402683653337
10220,0.9410666794958471
10221,0.6824589453368023
10222,-0.8406454688908834
10223,1.4081174368399416
10224,1.2558934862981626
10225,-0.10028352761950426
10226,-0.91502762654198
10227,0.4177968495084821
10228,0.9107948711494706
10229,-0.3960823406040973
10230,-0.07866080737209237
10231,-1.2065018954770907
10232,-0.5336028413776363
10233,1.467796144722798
10234,0.45412301952413375
10235,-0.8112385693544036
10236,0.7931672730035504
10237,0.5864540674382939
10238,0.4108775790293103
10239,0.8208443549202374
10240,-0.6590146188126246
10241,-0.12450097429660548
10242,0.20416437346405344
10243,0.15399966249005828
10244,-0.4938170361223987
10245,-1.0862795709014814
10246,-1.260126241690672
10247,0.9747981230818092
10248,1.1676727876887225
10249,-0.07433626332261012
10250,0.37022686496417606
10251,1.9063049113403085
10252,-1.3673749341178343
10253,0.211948552753122
10254,0.3719566825839688
10255,-0.7264775059845493
10256,-0.6339322633256269
10257,2.038635959254469
10258,1.2351356748606472
10259,-0.9971939634821447
10260,-0.12623079191639844
10261,0.3252516068495595
10262,2.5324988897053538
10263,0.9895015728500496
10264,-1.1762300871307143
10265,-1.0759006651827239
10266,-0.6088499078386291
10267,-0.3640807146379279
10268,-1.4132151010423475
10269,-0.8190227486434718
10270,-0.3649456234478245
10271,-0.48170831278384807
10272,-0.9487590701279424
10273,0.5501278974226422
10274,-1.0352499511175894
10275,1.1581587907798614
10276,-0.7109091474064129
10277,0.3174674275604914
10278,0.20935382632343247
10279,0.7499218325087269
10280,-0.3502421736795844
10281,0.2828710751646325
10282,-0.19542349670811598
10283,-0.3303492710519656
10284,-0.38137889083585735
10285,1.8224087567803513
10286,-0.49295212731250215
10287,0.3416848742375926
10288,0.15399966249005828
10289,0.32352178922976677
10290,0.12718748938326754
10291,-0.7264775059845493
10292,1.253298759868473
10293,1.416766524938906
10294,-1.0430341304066577
10295,-0.21099185528625247
10296,-0.7126389650262058
10297,-0.08817480428095366
10298,1.3908192606420122
10299,1.4513628773347649
10300,-0.2715354719790055
10301,-1.2238000716750201
10302,-0.7645334936199941
10303,-0.11066243333826194
10304,2.4840639963511513
10305,-1.157202093312992
10306,0.22319236728177602
10307,-0.23434439315345731
10308,-0.8285367455523328
10309,-0.5517659263854622
10310,-0.9859501489534908
10311,-0.6771777038204505
10312,-1.2445578831125355
10313,2.5325075387934524
10314,-0.1919638614685301
10315,-1.2039071690474012
10316,-1.289533141227152
10317,0.29411488969328653
10318,-0.9271363498805306
10319,-0.8908101798648789
10320,0.17043292987809133
10321,-1.052548127315519
10322,1.9910659747101627
10323,0.2621132637271172
10324,0.10210513389626996
10325,0.5233157243158515
10326,-1.037844677547279
10327,0.489584280729889
10328,-0.14093424168463836
10329,0.144485665581197
10330,-0.9695168815654577
10331,-1.0759006651827239
10332,-1.3742942045970061
10333,1.043990827873527
10334,-1.276559509078705
10335,-1.4244589155710015
10336,-0.8510243746096411
10337,-1.1433635523546484
10338,0.6296995079331172
10339,2.187400274556662
10340,-0.3735947115467892
10341,-1.1450933699744414
10342,-0.5266835708984644
10343,-0.6693935245313822
10344,-0.883890909385707
10345,-0.3364036327212408
10346,0.9315526825869859
10347,-0.6027955461693539
10348,0.3719566825839688
10349,-0.36840525868741036
10350,-0.7671282200496834
10351,1.513636311647311
10352,0.797491817053033
10353,-0.8311314719820223
10354,-0.7965351195861635
10355,1.323356373470087
10356,2.1000444847571185
10357,2.390653844882333
10358,0.0856718665082369
10359,0.11767349247440666
10360,0.023398432195691307
10361,-0.380513982025961
10362,-0.3865683436952362
10363,-0.9807606960941119
10364,-0.6027955461693539
10365,0.33044105970893856
10366,-0.6356620809454199
10367,-0.3502421736795844
10368,1.2870302034544354
10369,-0.25683202221076556
10370,1.4392541539962145
10371,-0.3865683436952362
10372,0.7006220303446281
10373,-0.6149042695079046
10374,-0.07520117213250649
10375,1.2014042312746847
10376,-0.7109091474064129
10377,2.5325075387934524
10378,-1.0352499511175894
10379,-0.49468194493229506
10380,2.5325075387934524
10381,-0.10460807166898653
10382,-1.0663866682738625
10383,2.5325075387934524
10384,-0.8959996327242576
10385,-0.4280839665702668
10386,2.5325075387934524
10387,0.8026812699124116
10388,2.5325075387934524
10389,-1.2359087950135708
10390,1.3086529237018472
10391,-1.072441029943138
10392,-0.2724003807889021
10393,0.11594367485461352
10394,-0.852754192229434
10395,2.486658722780841
10396,-0.3865683436952362
10397,-0.9651923375159754
10398,-0.25596711340086903
10399,-0.37705434678637506
10400,-0.4912223096927092
10401,0.06318423745092883
10402,0.5968329731570515
10403,0.7680849175165527
10404,-0.11325715976795125
10405,0.04934569649258527
10406,-1.0326552246879
10407,0.18773110607602078
10408,0.5976978819669478
10409,0.8217092637301339
10410,0.5120719097871974
10411,-0.8830260005758107
10412,-0.718693326695481
10413,-0.5119801211302245
10414,-1.2428280654927426
10415,-1.1018479294796177
10416,0.9773928495114987
10417,2.5325075387934524
10418,0.788842728954068
10419,0.17562238273746997
10420,-1.0093026868206953
10421,-0.5560904704349445
10422,-0.2378040283930432
10423,2.5221199839865966
10424,0.4575826547637196
10425,1.7696493193766667
10426,1.482499594491038
10427,0.08048241364885826
10428,0.16091893296923004
10429,-0.7852913050575094
10430,-0.378784164406168
10431,0.4645019252428914
10432,-1.081955026851999
10433,-0.7671282200496834
10434,-0.5543606528151516
10435,-0.11412206857784782
10436,-1.0352499511175894
10437,1.0163137459568399
10438,0.0977805898467877
10439,0.8744687011338189
10440,-0.9894097841930766
10441,0.6063469700659128
10442,-0.8345911072216082
10443,-1.094928659000446
10444,-0.2585618398305585
10445,-0.23953384601283614
10446,0.8614950689853718
10447,1.3276809175195698
10448,1.7091057026839134
10449,1.0906959036079367
10450,-0.47997849516405516
10451,-0.3147809124738291
10452,-0.9842203313336976
10453,0.2759518046854607
10454,0.8026812699124116
10455,-1.2497473359719145
10456,-0.2170462169555279
10457,-0.3398632679608267
10458,1.4055227104102521
10459,-1.1459582787843379
10460,-1.2903980500370484
10461,-0.748100226231961
10462,0.5700208000502608
10463,-0.8051842076851282
10464,-0.2784547424581773
10465,-1.01795177491966
10466,-0.542251929476601
10467,0.08740168412803004
10468,-0.4877626744531233
10469,1.1218326207642098
10470,-0.9513537965576319
10471,0.15399966249005828
10472,-0.8449700129403659
10473,-0.5889570052110105
10474,-1.0845497532816883
10475,-1.1433635523546484
10476,-0.18677440860915126
10477,-0.6045253637891469
10478,-0.36927016749730673
10479,-0.7022600593074482
10480,-1.0560077625551048
10481,0.37022686496417606
10482,0.3313059685188349
10483,-0.33121417986186197
10484,0.08221223126865101
10485,-0.3502421736795844
10486,-0.748100226231961
10487,-0.6884215183491046
10488,-0.1703411412211184
10489,1.5101766764077251
10490,0.571750617670054
10491,-0.4566259572968503
10492,1.137400979342346
10493,-1.6623174873806301
10494,-0.0016839232913066645
10495,0.9895015728500496
10496,-1.1606617285525778
10497,-0.9271363498805306
10498,1.2861652946445392
10499,-0.4644101365859187
10500,-1.0023834163415235
10501,-0.11412206857784782
10502,0.11161913080513125
10503,-0.35975617058844567
10504,-1.0240061365889355
10505,-0.07606608094240305
10506,1.1875656903163412
10507,-1.060332306604587
10508,2.5325075387934524
10509,-1.0404394039769684
10510,-0.4687346806354009
10511,0.6608362250893902
10512,-1.1779599047505074
10513,-0.614039360698008
10514,-1.2955875028964274
10515,-0.7290722324142387
10516,-0.29834764508579603
10517,0.6245100550737386
10518,-0.08903971309085004
10519,-0.7939403931564741
10520,-0.9202170794013589
10521,-0.49468194493229506
10522,1.152104429110586
10523,-0.062227539984059506
10524,-0.13142024477577727
10525,0.6729449484279411
10526,0.3434146918573853
10527,0.5146666362168866
10528,-1.2410982478729498
10529,-1.0629270330342766
10530,-0.3908928877447184
10531,0.9895015728500496
10532,1.2853003858346423
10533,1.1045344445662801
10534,-1.2514771535917073
10535,0.15399966249005828
10536,-0.5214941180390856
10537,0.3321708773287313
10538,-0.9202170794013589
10539,-0.19715331432790892
10540,-0.9124329001122907
10541,-1.0291955894483142
10542,0.316602518750595
10543,1.0733977274100073
10544,0.741272744409762
10545,-1.0568726713650012
10546,-0.4280839665702668
10547,0.47488083096164907
10548,2.07755685569981
10549,1.5110415852176216
10550,1.423685795418078
10551,-0.09163443952053955
10552,-0.3649456234478245
10553,-1.052548127315519
10554,0.3529286887662466
10555,0.5094771833575079
10556,-0.45835577491664325
10557,-0.00773828496058168
10558,2.5325075387934524
10559,-0.40559633751295854
10560,-0.6053902725990433
10561,0.02253352338579455
10562,-0.8553489186591235
10563,0.4420142961855833
10564,-1.2670455121698438
10565,0.37022686496417606
10566,0.38233558830272646
10567,-1.5541952370554724
10568,-0.2170462169555279
10569,-1.2627209681203613
10570,-0.2473180253019043
10571,0.7948970906233435
10572,-0.8354560160315047
10573,1.8085702158220078
10574,0.032912429104552214
10575,0.23876072585991234
10576,0.4186617583183785
10577,-1.0352499511175894
10578,2.5325075387934524
10579,-0.7022600593074482
10580,-1.0715761211332413
10581,0.3460094182870749
10582,-1.3716994781673169
10583,-0.43154360180985274
10584,-0.509385394700535
10585,-0.4384628722890245
10586,0.5803997057690184
10587,-0.3528369001092739
10588,0.11161913080513125
10589,-0.6676637069115893
10590,1.1901604167460307
10591,0.17908201797705586
10592,0.45066338428454783
10593,0.49390882477937126
10594,-1.0828199356618955
10595,-0.9072434472529118
10596,-0.9600028846565966
10597,-0.3277545446222761
10598,-0.2689407455493162
10599,2.0524745002128126
10600,-0.8588085538987095
10601,-1.1917984457088509
10602,2.058528861882088
10603,0.057129875781653426
10604,1.8613296532256924
10605,-1.0352499511175894
10606,-0.6797724302501399
10607,-0.03282064044757965
10608,-0.992004510622766
10609,-0.6339322633256269
10610,-1.0352499511175894
10611,-0.7645334936199941
10612,2.5325075387934524
10613,-1.1606617285525778
10614,0.4653668340527878
10615,0.2664378077765994
10616,-0.6365269897553163
10617,-1.2627209681203613
10618,-0.1703411412211184
10619,-0.45922068372653985
10620,0.1782171091671595
10621,0.5864540674382939
10622,0.3883899499720019
10623,-0.6564198923829352
10624,-1.0438990392165544
10625,2.5325075387934524
10626,1.5612062961916167
10627,-0.5534957440052551
10628,-0.5258186620885681
10629,0.3131428835110091
10630,-0.3009423715154856
10631,0.2984394337427688
10632,0.16437856820881594
10633,1.0076646578578754
10634,-1.3552662107792839
10635,0.15399966249005828
10636,-0.6538251659532457
10637,1.955604713504408
10638,1.2403251277200258
10639,-0.11844661262733008
10640,-0.3554316265389632
10641,0.520720997886162
10642,-0.4298137841900598
10643,0.7438674708394516
10644,1.1434553410116213
10645,1.0189084723865294
10646,-0.9850852401435942
10647,-0.6270129928464552
10648,-0.6027955461693539
10649,0.21021873513332887
10650,-1.309426043854771
10651,0.20935382632343247
10652,-0.3908928877447184
10653,1.0388013750141483
10654,-0.393487614174408
10655,-0.5361975678073257
10656,-0.6053902725990433
10657,-0.6244182664167657
10658,0.2759518046854607
10659,-0.4730592246848834
10660,-0.7429107733725823
10661,-0.04319954616633732
10662,-0.7109091474064129
10663,-0.1115273421481583
10664,-1.318940040763632
10665,-0.9271363498805306
10666,-0.8017245724455423
10667,-0.7351265940835141
10668,-0.9011890855836365
10669,0.5397489917038846
10670,-1.0257359542087283
10671,-0.33813345034103376
10672,0.6193206022143596
10673,2.5325075387934524
10674,0.5328297212247127
10675,0.353793597576143
10676,1.1270220736235883
10677,-0.5742535554427705
10678,0.07442805197958287
10679,-0.7065846033569306
10680,0.2154081879927079
10681,1.5620712050015133
10682,-0.03282064044757965
10683,-1.1632564549822675
10684,-0.5517659263854622
10685,-0.36581053225772087
10686,-0.5336028413776363
10687,-1.204772077857298
10688,-0.33899835915093035
10689,1.3112476501315367
10690,1.9711730720825442
10691,-0.7195582355053776
10692,2.4442781910959135
10693,-0.8968645415341542
10694,-1.0144921396800741
10695,-0.28969855698683133
10696,-0.9747063344248367
10697,0.47834046620123494
10698,1.3129774677513295
10699,0.035507155534241726
10700,-0.3640807146379279
10701,-0.18850422622894422
10702,-0.1392044240648454
10703,-0.5621448321042198
10704,1.3795754461133578
10705,0.5060175481179221
10706,0.2275169113312583
10707,-0.8501594657997448
10708,-0.992004510622766
10709,-0.2533723869711797
10710,-0.6200937223672834
10711,0.280276348734943
10712,-0.31737563890351844
10713,-1.2030422602375048
10714,0.21973273204219015
10715,-1.1874739016593685
10716,-0.5664693761537022
10717,0.3088183394615265
10718,-1.065521759463966
10719,-0.9357854379794953
10720,-1.0759006651827239
10721,-1.2558016976411897
10722,-0.10374316285909016
10723,1.0993449917069011
10724,-1.1269302849666154
10725,0.6651607691388729
10726,-0.8700523684273634
10727,-0.8908101798648789
10728,2.216807174093142
10729,-0.7922105755366812
10730,-0.40992088156244083
10731,0.22578709371146555
10732,-0.571658829013081
10733,-0.018117190679339343
10734,0.1531347536801619
10735,0.10297004270616635
10736,2.5325075387934524
10737,0.40049867331055267
10738,2.5325075387934524
10739,-1.292992776466738
10740,-0.3649456234478245
10741,-0.3614859882082386
10742,0.23703090824011958
10743,0.8822528804228871
10744,-0.5785780994922528
10745,0.29584470731307966
10746,0.9315526825869859
10747,1.6675900798088827
10748,-0.4574908661067469
10749,-0.8553489186591235
10750,-0.615769178317801
10751,0.6954325774852491
10752,-1.2186106188156414
10753,1.745431872699565
10754,2.5325075387934524
10755,1.949550351835132
10756,-0.8259420191226435
10757,-0.20926203766645954
10758,-0.540522111856808
10759,-1.0413043127868649
10760,-0.542251929476601
10761,1.315572194181019
10762,-1.1494179140239238
10763,0.3105481570813196
10764,0.47834046620123494
10765,-0.17207095884091134
10766,1.4513628773347649
10767,2.5325075387934524
10768,-0.3459176296301021
10769,1.7272687876917392
10770,-0.07952571618198895
10771,1.2792460241653674
10772,-0.5137099387500175
10773,-0.182449864559669
10774,1.8448963858376595
10775,-1.0888742973311707
10776,0.5285051771752302
10777,-0.1919638614685301
10778,-0.24645311649200793
10779,-0.17726041170029017
10780,-0.8034543900653353
10781,-0.6322024457058341
10782,0.12632258057337117
10783,-1.2826138707479804
10784,-0.5733886466328739
10785,-1.3120207702844602
10786,-0.6183639047474905
10787,1.965118710413269
10788,0.7654901910868632
10789,0.15745929772964418
10790,0.3607128680553148
10791,-0.04233463735644056
10792,-0.8190227486434718
10793,-0.779236943388234
10794,-0.6391217161850058
10795,0.17043292987809133
10796,0.07961750483896189
10797,1.688347891246398
10798,-1.384673110315764
10799,-0.7195582355053776
10800,0.7750041879957246
10801,-0.4168401520416126
10802,-0.018117190679339343
10803,-1.2090966219067802
10804,0.1661083858286087
10805,-0.9833554225238013
10806,-0.2412636636326291
10807,-0.050983725455405464
10808,0.02253352338579455
10809,-1.0897392061410671
10810,-0.36840525868741036
10811,0.5864540674382939
10812,0.25000454038856673
10813,-1.094928659000446
10814,1.06042409526156
10815,-0.8441051041304694
10816,-0.21185676409614904
10817,-0.3147809124738291
10818,-0.12882551834608774
10819,-0.4505715956275751
10820,-0.9634625198961825
10821,-0.5214941180390856
10822,2.339624225098441
10823,-1.0767655739926203
10824,-1.2281246157245025
10825,-1.157202093312992
10826,-0.8648629155679847
10827,-0.5431168382864975
10828,0.6227802374539455
10829,-0.30440200675507145
10830,1.5058521323582428
10831,0.35638832400583254
10832,0.1470803920108865
10833,-1.1693108166515427
10834,0.3875250411621055
10835,0.9341474090166754
10836,-1.083684844471792
10837,-0.3441878120103092
10838,-0.24645311649200793
10839,0.2361659994302232
10840,-0.9003241767737401
10841,0.4454739314251692
10842,0.9341474090166754
10843,-1.199582624997919
10844,-0.4998713977916739
10845,-1.0456288568363472
10846,-0.9357854379794953
10847,-1.0352499511175894
10848,0.9367421354463645
10849,-0.435868145859335
10850,-0.7429107733725823
10851,-1.1476880964041307
10852,-1.0205465013493495
10853,-0.5041959418411561
10854,-1.0620621242243802
10855,0.582994432198708
10856,1.2783811153554705
10857,-0.9288661675003236
10858,0.2154081879927079
10859,0.15399966249005828
10860,-0.8501594657997448
10861,2.520390166366803
10862,-1.013627230870178
10863,1.755810778418323
10864,0.5458033533731595
10865,-0.2784547424581773
10866,-1.1779599047505074
10867,-0.044064454976233694
10868,-0.15304296502318895
10869,-0.9989237811019377
10870,-0.27067056316910915
10871,-1.3379680345813545
10872,-1.0352499511175894
10873,-0.6918811535886905
10874,-0.8458349217502623
10875,-0.696205697638173
10876,0.5328297212247127
10877,0.6271047815034281
10878,0.5224508155059551
10879,0.25000454038856673
10880,-0.9963290546722484
10881,-0.12623079191639844
10882,1.2541636686783695
10883,-1.1822844487999895
10884,2.167507371929043
10885,1.532664305465033
10886,-0.2412636636326291
10887,-1.2428280654927426
10888,-0.5163046651797067
10889,0.06318423745092883
10890,1.7947316748636641
10891,-1.1693108166515427
10892,-0.3865683436952362
10893,0.11507876604471715
10894,-0.3865683436952362
10895,-0.09682389237991838
10896,-0.7826965786278199
10897,-1.2402333390630533
10898,-0.3649456234478245
10899,-1.4746236265449968
10900,0.07702277840927238
10901,-0.33380890629155147
10902,0.8787932451833012
10903,-0.6045253637891469
10904,-0.3926227053645114
10905,2.5186603487470105
10906,-1.0888742973311707
10907,-0.7195582355053776
10908,-0.3865683436952362
10909,0.28373598397452887
10910,1.1546991555402755
10911,-0.2438583900623184
10912,0.3261165156594559
10913,-0.29229328341652083
10914,-0.4938170361223987
10915,0.08221223126865101
10916,-0.9850852401435942
10917,-0.5742535554427705
10918,1.2152427722330283
10919,0.1289173070030607
10920,0.7110009360633858
10921,-0.14352896811432786
10922,2.1000444847571185
10923,-0.5483062911458764
10924,-0.23520930196335368
10925,-0.41770506085150916
10926,1.106264262186073
10927,-0.4384628722890245
10928,-0.2784547424581773
10929,-1.304236590995392
10930,-1.1122268351983755
10931,-0.8458349217502623
10932,-1.286073505987566
10933,-0.6027955461693539
10934,1.2351356748606472
10935,-1.1615266373624742
10936,-0.8190227486434718
10937,2.5325075387934524
10938,-0.718693326695481
10939,-1.0594673977946907
10940,-0.4782486775442622
10941,-0.8648629155679847
10942,-0.6192288135573868
10943,-0.2672109279295233
10944,-0.3649456234478245
10945,-0.39694724941399384
10946,-1.188338810469265
10947,1.3025985620325717
10948,-1.2177457100057447
10949,0.16091893296923004
10950,0.07702277840927238
10951,-0.872647094857053
10952,0.0579947845915498
10953,0.10297004270616635
10954,-0.8501594657997448
10955,-1.2220702540552273
10956,0.08999641055771955
10957,-1.3509416667298015
10958,-0.5145748475599138
10959,0.384930314732416
10960,0.6478625929409434
10961,0.2525992668182559
10962,1.9824168866111982
10963,-0.7212880531251705
10964,-1.1476880964041307
10965,1.4029279839805626
10966,0.5224508155059551
10967,-0.31045636842434665
10968,0.13237694224264657
10969,-0.9773010608545261
10970,-0.7359915028934104
10971,1.2022691400845815
10972,-0.004278649720995792
10973,-0.8190227486434718
10974,2.5325075387934524
10975,-0.3952174317942009
10976,1.2593531215377485
10977,-1.0784953916124131
10978,-0.1703411412211184
10979,-0.7290722324142387
10980,-0.3519719912993773
10981,0.5414788093236773
10982,0.6608362250893902
10983,-0.5673342849635987
10984,-0.2689407455493162
10985,-0.6607444364324175
10986,-0.6339322633256269
10987,-0.6027955461693539
10988,-1.2843436883677732
10989,0.045886061252999384
10990,-0.32515981819258677
10991,-1.1779599047505074
10992,1.1823762374569624
10993,-0.1729358676508077
10994,-0.47911358635415857
10995,-0.6174989959375939
10996,-1.0352499511175894
10997,2.5325075387934524
10998,-0.2040725848070807
10999,-0.7974000283960601
11000,-0.7022600593074482
11001,-1.168445907841646
11002,-1.0888742973311707
11003,0.28719561921411474
11004,-1.2410982478729498
11005,-0.7688580376694764
11006,-0.8959996327242576
11007,-1.2315842509640884
11008,-0.5664693761537022
11009,-0.9496239789378389
11010,-0.22829003148418192
11011,-0.8432401953205729
11012,2.0602586795018802
11013,-0.23088475791387142
11014,1.5153661292671037
11015,2.067177949981052
11016,0.5726155264799503
11017,-1.4305132772402769
11018,-0.6183639047474905
11019,-0.8181578398335754
11020,1.3181669206107085
11021,-0.3891630701249255
11022,-0.014657555439753455
11023,-0.692746062398587
11024,-0.49468194493229506
11025,-0.32515981819258677
11026,-0.12017643024712303
11027,-0.7705878552892693
11028,0.44979847547465146
11029,0.045886061252999384
11030,-1.188338810469265
11031,-0.3649456234478245
11032,0.5656962560007786
11033,-0.8501594657997448
11034,-1.247152609542225
11035,0.27768162230525345
11036,-1.3699696605475238
11037,-1.256666606451086
11038,2.5325075387934524
11039,-0.5292782973281539
11040,-0.7645334936199941
11041,-0.6495006219037635
11042,0.9851770288005669
11043,0.2828710751646325
11044,-0.6339322633256269
11045,0.353793597576143
11046,-0.8190227486434718
11047,-0.5396572030469116
11048,-0.5785780994922528
11049,-1.1641213637921637
11050,-1.1277951937765118
11051,-1.273099873839119
11052,-0.13747460644505247
11053,-0.6892864271590011
11054,-1.292992776466738
11055,2.2963787846036174
11056,-0.47651885992446924
11057,-0.5595501056745303
11058,2.5325075387934524
11059,-0.7645334936199941
11060,0.5544524414721245
11061,-0.6252831752266622
11062,-1.1329846466358908
11063,0.41001267021941357
11064,1.8215438479704547
11065,-0.3424579943905162
11066,2.3880591184526434
11067,-0.4194348784713021
11068,0.2897903456438043
11069,-1.1433635523546484
11070,-0.5656044673438058
11071,-1.0430341304066577
11072,-0.6771777038204505
11073,-0.1833147733695654
11074,-0.3588912617785491
11075,-0.8821610917659141
11076,0.9298228649671927
11077,-0.3761894379764785
11078,-0.5543606528151516
11079,0.43509502570641156
11080,0.6487275017508398
11081,-0.6071200902188363
11082,2.5325075387934524
11083,1.6675900798088827
11084,-0.07952571618198895
11085,-0.5024661242213633
11086,-1.010167595630592
11087,-1.0283306806384178
11088,1.6624006269495042
11089,-0.018982099489236102
11090,0.8632248866051645
11091,-0.13401497120546657
11092,-1.3595907548287662
11093,2.5325075387934524
11094,-0.11325715976795125
11095,0.012154617667036885
11096,-1.1027128382895142
11097,0.20329946465415707
11098,-0.2196409433852172
11099,0.038966790773827614
11100,2.5325075387934524
11101,0.31227797470111235
11102,-0.213586581715942
11103,-0.9401099820289778
11104,0.032912429104552214
11105,-1.2514771535917073
11106,1.8751681941840361
11107,1.3968736223112872
11108,-1.294722594086531
11109,1.3553579994362566
11110,-0.5803079171120457
11111,0.3996337645006559
11112,1.8673840148949674
11113,-0.3372685415311374
11114,-1.0715761211332413
11115,-0.06914681046323128
11116,-0.8285367455523328
11117,-0.5941464580703892
11118,-0.45835577491664325
11119,-0.8951347239143613
11120,0.27249216944587484
11121,0.051075514112378026
11122,0.10729458675564899
11123,0.042426426013413496
11124,-1.2661806033599472
11125,-0.9271363498805306
11126,-1.1546073668833026
11127,-0.36581053225772087
11128,-0.435868145859335
11129,0.1661083858286087
11130,-0.01638737305954659
11131,-0.69447588001838
11132,1.7843527691449061
11133,-0.43154360180985274
11134,0.014749344096726397
11135,-1.2955875028964274
11136,-0.8821610917659141
11137,-1.0499534008858296
11138,-0.17207095884091134
11139,2.5325075387934524
11140,-1.2497473359719145
11141,2.01614833019716
11142,-0.2784547424581773
11143,-1.2082317130968838
11144,-0.46095050134633275
11145,2.5325075387934524
11146,-1.201312442617712
11147,0.2690325342062889
11148,0.07356314316968648
11149,-1.1130917440082717
11150,0.7525165589384164
11151,-1.1269302849666154
11152,-0.2646162014998337
11153,1.1270220736235883
11154,-1.3786187486464887
11155,0.8537108896963036
11156,-0.03022591401789014
11157,-0.12882551834608774
11158,-0.3640807146379279
11159,-0.5163046651797067
11160,-0.19369367908832305
11161,0.7628954646571742
11162,0.15399966249005828
11163,-0.13401497120546657
11164,-1.0032483251514202
11165,2.5325075387934524
11166,0.15399966249005828
11167,-1.0291955894483142
11168,-0.9539485229873214
11169,0.0856718665082369
11170,-1.0586024889847945
11171,0.1194033100941994
11172,-1.0456288568363472
11173,0.47834046620123494
11174,-1.0828199356618955
11175,-0.7420458645626858
11176,0.4203915759381712
11177,0.19551528536508894
11178,2.5325075387934524
11179,0.14275584796140425
11180,1.6303990009833345
11181,0.316602518750595
11182,2.5325075387934524
11183,-0.9894097841930766
11184,0.5077473657377148
11185,-0.6910162447787941
11186,-0.9911396018128694
11187,-0.003413740911099416
11188,-0.11671679500753714
11189,0.18600128845622765
11190,-0.33207908867175856
11191,0.5743453440997435
11192,1.1970796872252025
11193,0.09345604579730543
11194,0.076157869599376
11195,-0.8795663653362248
11196,0.3131428835110091
11197,-0.5258186620885681
11198,-0.98854487538318
11199,-0.10979752452836536
11200,0.39876885569075954
11201,0.2621132637271172
11202,0.218002914422397
11203,0.06923859912020422
11204,0.4247161199876539
11205,0.17908201797705586
11206,0.49909827763875025
11207,-1.0698463035134484
11208,-0.21445149052583837
11209,0.01734407052641591
11210,-1.004978142771213
11211,-1.1649862726020601
11212,0.8649547042249576
11213,-0.571658829013081
11214,-1.3163453143339425
11215,0.9177141416286423
11216,-0.49468194493229506
11217,-0.7109091474064129
11218,0.970473579032327
11219,0.4921790071595785
11220,2.1000444847571185
11221,-0.19023404384873716
11222,-1.096658476620239
11223,-0.12190624786691596
11224,0.14967511844057602
11225,-1.2575315152609827
11226,-0.378784164406168
11227,0.12286294533378529
11228,2.5325075387934524
11229,-1.3786187486464887
11230,-0.7195582355053776
11231,0.37022686496417606
11232,-1.1710406342713355
11233,1.7523511431787369
11234,-0.23174966672376782
11235,-1.381213475076178
11236,0.007830073617554622
11237,0.7637603734670705
11238,-0.7420458645626858
11239,0.7014869391545245
11240,-0.1028782540491936
11241,0.31833233637038777
11242,0.005235347187865111
11243,0.7274342034514185
11244,0.41433721426889625
11245,-0.5024661242213633
11246,-1.122605740917133
11247,-0.9807606960941119
11248,0.4368248433262043
11249,-0.8043192988752318
11250,-0.435868145859335
11251,-1.2852085971776699
11252,0.3442796006672821
11253,-0.9271363498805306
11254,-0.14525878573412082
11255,1.4003332575508731
11256,-0.062227539984059506
11257,1.086371359558454
11258,2.5325075387934524
11259,-0.7558844055210294
11260,-0.9868150577633871
11261,-1.3180751319537356
11262,-0.485167948023434
11263,1.370061449204497
11264,-0.434138328239542
11265,0.15399966249005828
11266,-0.9107030824924978
11267,1.6061815543062332
11268,-0.17553059408049723
11269,-0.663339162862107
11270,-0.3052669155649678
11271,1.791272039624078
11272,0.3131428835110091
11273,-0.36235089701813494
11274,2.5325075387934524
11275,0.25605890205784176
11276,1.2351356748606472
11277,0.636618778412289
11278,-0.5595501056745303
11279,1.5127714028374146
11280,-0.8536191010393306
11281,-0.1859094997992549
11282,-0.5915517316407
11283,1.114913350285038
11284,-0.45835577491664325
11285,-0.0008190144814099045
11286,0.19551528536508894
11287,-0.2196409433852172
11288,0.2768167134953571
11289,-1.0888742973311707
11290,2.211617721233763
11291,-1.241963156682846
11292,-0.6693935245313822
11293,-0.4107857903723374
11294,-0.7965351195861635
11295,-0.8086438429247141
11296,0.25000454038856673
11297,0.15399966249005828
11298,-0.12796060953619137
11299,-0.20234276718728778
11300,-0.37532452916658215
11301,-0.32861945343217264
11302,-0.646905895474074
11303,-0.9721116079951472
11304,-0.08903971309085004
11305,-1.2134211659562626
11306,-0.13747460644505247
11307,-0.7826965786278199
11308,1.528339761415551
11309,0.1816767444067454
11310,0.594238246727362
11311,-0.2931581922264172
11312,2.5325075387934524
11313,0.8416021663577528
11314,-1.142498643544752
11315,0.06577896388061834
11316,-0.274130198408695
11317,-0.7541545879012365
11318,2.5325075387934524
11319,-0.33380890629155147
11320,0.3390901478079031
11321,-1.0274657718285214
11322,-1.1511477316437166
11323,-0.777507125768441
11324,1.165078061259033
11325,1.304328379652365
11326,-0.14006933287474196
11327,-0.9349205291695988
11328,-0.48603285683333036
11329,-0.7282073236043423
11330,-0.40905597275254446
11331,-0.6296077192761445
11332,-0.8389156512710905
11333,-0.9504888877477354
11334,0.7594358294175882
11335,2.5325075387934524
11336,-1.2808840531281873
11337,-1.0352499511175894
11338,-0.3554316265389632
11339,-0.6590146188126246
11340,-0.5465764735260834
11341,-0.49468194493229506
11342,-0.062227539984059506
11343,-0.31045636842434665
11344,-0.14525878573412082
11345,0.144485665581197
11346,-0.23434439315345731
11347,0.18686619726612402
11348,-0.4289488753801632
11349,-1.0534130361254153
11350,-0.7299371412241352
11351,-0.16601659717163614
11352,-0.14439387692422423
11353,-0.4004068846535797
11354,1.258488212727852
11355,1.2039989577043742
11356,2.5325075387934524
11357,-0.11412206857784782
11358,-0.69447588001838
11359,2.5325075387934524
11360,-0.8423752865106764
11361,-0.4505715956275751
11362,0.311413065891216
11363,1.2558934862981626
11364,0.07269823435979011
11365,-1.021411410159246
11366,2.475414908252187
11367,1.0266926516755976
11368,-0.7256125971746528
11369,-1.1217408321072366
11370,-0.5249537532786714
11371,-0.692746062398587
11372,-0.03368554925747603
11373,-0.5967411845000787
11374,-0.5872271875912175
11375,2.5325075387934524
11376,1.8595998356058998
11377,0.8701441570843362
11378,-0.3078616419946573
11379,1.006799749047979
11380,0.6063469700659128
11381,0.4532581107142374
11382,1.4513628773347649
11383,0.24135545228960184
11384,1.0388013750141483
11385,0.9125246887692633
11386,-0.8674576419976742
11387,-0.9712466991852509
11388,0.3157376099406982
11389,-0.29056346579672787
11390,-1.1641213637921637
11391,2.5325075387934524
11392,-1.0032483251514202
11393,-0.5794430083021493
11394,-0.5206292092291892
11395,-0.026766278778304255
11396,-0.8423752865106764
11397,-0.5829026435417352
11398,0.03810188196393124
11399,-0.34072817677072326
11400,0.12459276295357842
11401,-0.02244173472882199
11402,-1.261856059310465
11403,-0.779236943388234
11404,-0.560415014484427
11405,-1.0568726713650012
11406,-0.3156458212837255
11407,-0.28537401293734904
11408,-0.5119801211302245
11409,-0.2845091041274525
11410,-0.8570787362789165
11411,0.6859185805763882
11412,0.3070885218417337
11413,2.5325075387934524
11414,-0.0656871752236454
11415,-0.7532896790913399
11416,-0.6460409866641775
11417,-0.4704644982551939
11418,-0.6737180685808647
11419,0.797491817053033
11420,1.0189084723865294
11421,-0.49468194493229506
11422,-0.6685286157214858
11423,1.6926724352958804
11424,-1.0352499511175894
11425,-1.1822844487999895
11426,-0.5526308351953586
11427,-0.4185699696614055
11428,-0.3614859882082386
11429,-0.3485123560597914
11430,-1.1641213637921637
11431,1.6416428155119889
11432,-0.2845091041274525
11433,-0.4073261551327515
11434,1.473850506392073
11435,-0.540522111856808
11436,-0.2715354719790055
11437,-0.7541545879012365
11438,1.5992622838270614
11439,0.144485665581197
11440,-0.8190227486434718
11441,0.40136358212044904
11442,-0.3147809124738291
11443,-0.4644101365859187
11444,1.032747013344873
11445,0.20070473822446758
11446,0.9263632297276069
11447,2.5325075387934524
11448,-0.37445962035668556
11449,-1.1234706497270295
11450,-0.6027955461693539
11451,1.2835705682148497
11452,2.336164589858855
11453,0.20502928227395023
11454,1.4608768742436262
11455,1.3346001879987415
11456,1.9287925403976167
11457,-0.21531639933573493
11458,-1.2082317130968838
11459,0.18600128845622765
11460,0.5648313471908821
11461,-0.20839712885656317
11462,-0.300077462705589
11463,2.2911893317442384
11464,-0.7308020500340316
11465,-0.45835577491664325
11466,-0.00773828496058168
11467,1.0024752049984964
11468,0.01907388814620866
11469,0.013019526476933645
11470,-1.0914690237608602
11471,0.6573765898498044
11472,0.8632248866051645
11473,0.45931247238351275
11474,-0.5353326589974292
11475,-0.4566259572968503
11476,-1.0464937656462436
11477,-0.9608677934664931
11478,-0.692746062398587
11479,-1.2333140685838815
11480,0.18773110607602078
11481,1.3821701725430473
11482,-0.5509010175755656
11483,1.6122359159755086
11484,-0.6754478862006577
11485,-0.7714527640991659
11486,-0.9729765168050436
11487,-0.20493749361697727
11488,2.4970376284995983
11489,-0.696205697638173
11490,-0.23347948434356075
11491,-0.9617327022763895
11492,0.9073352359098846
11493,-1.280019144318291
11494,-0.5656044673438058
11495,0.8614950689853718
11496,-0.24904784292169724
11497,0.5163964538366798
11498,0.006965164807658247
11499,-1.2549367888312932
11500,-1.381213475076178
11501,-1.280019144318291
11502,-0.9842203313336976
11503,-0.6192288135573868
11504,0.15918911534943692
11505,-0.964327428706079
11506,-0.37272980273689266
11507,-0.7757773081486482
11508,1.3380598232383274
11509,1.1252922560037955
11510,0.1315120334327502
11511,-0.5258186620885681
11512,-0.22396548743469966
11513,0.23184145538074055
11514,1.8051105805824215
11515,-0.7567493143309257
11516,-1.6623174873806301
11517,-0.1703411412211184
11518,-0.5578202880547374
11519,-0.3735947115467892
11520,-0.3986770670337868
11521,1.203134048894478
11522,-0.3277545446222761
11523,-0.8665927331877776
11524,0.11075422199523488
11525,-0.825077110312747
11526,2.2652420674473444
11527,0.6444029577013576
11528,0.30535870422194056
11529,-0.3857034348853398
11530,1.2351356748606472
11531,-1.3595907548287662
11532,2.5325075387934524
11533,2.5325075387934524
11534,0.060589511021239315
11535,-0.4471119603879892
11536,0.5328297212247127
11537,1.0976151740871085
11538,-0.4626803189661257
11539,0.3174674275604914
11540,-0.38137889083585735
11541,-0.7852913050575094
11542,0.09691568103689133
11543,-0.056173178314784106
11544,0.23703090824011958
11545,1.8838172822830006
11546,-0.077795898562196
11547,-0.053578451885094976
11548,0.9661490349828448
11549,-0.1028782540491936
11550,1.2230269515220968
11551,1.8838172822830006
11552,-0.558685196864634
11553,1.5231503085561722
11554,-1.1537424580734061
11555,-1.072441029943138
11556,-0.990274693002973
11557,2.5325075387934524
11558,1.891601461572069
11559,-0.3831087084556503
11560,2.5325075387934524
11561,-0.22223566981490672
11562,-0.5431168382864975
11563,0.8251688989697197
11564,0.6245100550737386
11565,1.6009921014468544
11566,0.26557289896670305
11567,2.5325075387934524
11568,-1.0153570484899705
11569,-1.3111558614745638
11570,1.4383892451863178
11571,-0.9496239789378389
11572,-0.6546900747631422
11573,-0.8294016543622295
11574,-0.6287428104662481
11575,0.20675909989374297
11576,-0.9305959851201165
11577,-0.9997886899118343
11578,0.13324185105254296
11579,0.8787932451833012
11580,-0.04925390783561233
11581,-0.7022600593074482
11582,1.7082407938740167
11583,-1.1174162880577543
11584,-0.8207525662632646
11585,0.6296995079331172
11586,-1.0906041149509638
11587,-0.6564198923829352
11588,-0.3234300005727938
11589,0.44460902261527246
11590,-0.9721116079951472
11591,-1.126065376156719
11592,2.5325075387934524
11593,-0.9911396018128694
11594,-0.28883364817693497
11595,-0.2075322200466666
11596,-0.349377264869688
11597,0.4930439159694749
11598,2.5325075387934524
11599,-0.4920872185026057
11600,0.6573765898498044
11601,-1.5325725168080604
11602,2.5325075387934524
11603,-0.9971939634821447
11604,-0.9548134317972178
11605,-0.5941464580703892
11606,1.049180280732906
11607,-0.40905597275254446
11608,0.05972460221134294
11609,-0.00773828496058168
11610,-1.0707112123233449
11611,0.47834046620123494
11612,-1.0222763189691424
11613,-0.7550194967111328
11614,-0.5837675523516316
11615,1.9902010659002667
11616,-0.5751184642526669
11617,0.32179197160997364
11618,-0.5500361087656693
11619,1.326816008709673
11620,-0.9755712432347331
11621,-1.0283306806384178
11622,-0.6278779016563516
11623,-0.47651885992446924
11624,0.6755396748576306
11625,-0.08212044261167827
11626,-0.349377264869688
11627,-0.6581497100027281
11628,0.6452678665112539
11629,1.6476971771812639
11630,-0.3865683436952362
11631,-0.9314608939300129
11632,-0.9911396018128694
11633,2.5325075387934524
11634,-0.077795898562196
11635,-0.24818293411180087
11636,-0.6624742540522104
11637,-0.15823241788256778
11638,0.6262398726935313
11639,-0.06655208403354176
11640,0.30276397779225145
11641,1.9858765218507843
11642,-0.10547298047888311
11643,-0.05530826950488773
11644,2.5325075387934524
11645,-0.8484296481799518
11646,-0.9989237811019377
11647,-0.6062551814089399
11648,-0.8043192988752318
11649,-0.07001171927312766
11650,-0.6624742540522104
11651,1.1711324229283084
11652,-0.4626803189661257
11653,-0.1296904271559843
11654,-1.1788248135604036
11655,-0.5725237378229775
11656,0.9185790504385387
11657,-0.5327379325677398
11658,0.12286294533378529
11659,-0.2663460191196267
11660,0.11767349247440666
11661,0.14016112153171473
11662,2.5325075387934524
11663,0.5596418943315031
11664,-0.15650260026277485
11665,0.8113303580113762
11666,-1.2852085971776699
11667,-1.2981822293261167
11668,2.4944429020699097
11669,0.10642967794575223
11670,2.0066343332882997
11671,0.13756639510202523
11672,0.3382252389980067
11673,0.024263341005587684
11674,-0.07866080737209237
11675,-1.2609911505005686
11676,-1.157202093312992
11677,1.2351356748606472
11678,1.1270220736235883
11679,-1.294722594086531
11680,-0.571658829013081
11681,-1.1061724735291
11682,1.2316760396210613
11683,0.007830073617554622
11684,-1.3120207702844602
11685,-0.7022600593074482
11686,-0.6071200902188363
11687,-0.8596734627086058
11688,0.7637603734670705
11689,0.3814706794928301
11690,-0.5301432061380503
11691,-0.7558844055210294
11692,-0.6391217161850058
11693,0.8796581539931976
11694,2.5325075387934524
11695,0.35206377995635024
11696,0.0579947845915498
11697,-0.8691874596174671
11698,-0.25596711340086903
11699,-0.780966761008027
11700,-0.21099185528625247
11701,-1.4175396450918298
11702,0.520720997886162
11703,0.8995510566208165
11704,1.1201028031444165
11705,-0.43154360180985274
11706,-1.1027128382895142
11707,2.5325075387934524
11708,-1.0715761211332413
11709,-0.12623079191639844
11710,0.22578709371146555
11711,1.7540809607985295
11712,-0.21877603457532083
11713,-0.5820377347318386
11714,-0.9868150577633871
11715,-1.1632564549822675
11716,-0.3865683436952362
11717,-1.0888742973311707
11718,-0.21272167290604543
11719,2.5325075387934524
11720,0.05367024054206754
11721,-1.3016418645657026
11722,-0.9401099820289778
11723,-1.1831493576098862
11724,-0.4393277810989209
11725,0.5890487938679834
11726,-0.6114446342683186
11727,-0.2784547424581773
11728,-0.17553059408049723
11729,-0.6027955461693539
11730,-0.3865683436952362
11731,1.1590236995897576
11732,-0.9807606960941119
11733,1.2351356748606472
11734,0.15399966249005828
11735,-0.1487184209737067
11736,2.157128466210285
11737,0.045886061252999384
11738,2.5325075387934524
11739,-1.1252004673468226
11740,-0.38137889083585735
11741,-0.6027955461693539
11742,1.479039959251452
11743,0.04329133482330987
11744,0.9056054182900919
11745,-1.1753651783208179
11746,0.4679615604824773
11747,0.41260739664910306
11748,-0.6564198923829352
11749,-0.5483062911458764
11750,-1.4201343715215193
11751,0.6279696903133245
11752,-0.7074495121668269
11753,-0.9011890855836365
11754,-1.068981394703552
11755,1.8215438479704547
11756,-0.7783720345783377
11757,-0.004278649720995792
11758,-0.9504888877477354
11759,-0.7541545879012365
11760,0.1626487505890228
11761,-1.3379680345813545
11762,-0.8588085538987095
11763,2.5325075387934524
11764,-0.4782486775442622
11765,-0.9894097841930766
11766,-0.8190227486434718
11767,0.5752102529096398
11768,-0.5777131906823564
11769,-1.247152609542225
11770,-1.204772077857298
11771,0.2456799963390841
11772,2.244484256009829
11773,-0.4350032370494386
11774,0.054535149351963914
11775,-0.9660572463258718
11776,-0.1763955028903936
11777,-0.7083144209767236
11778,0.21281346156301836
11779,-1.1597968197426816
11780,-1.2843436883677732
11781,-0.7109091474064129
11782,-1.3327785817219755
11783,-0.5266835708984644
11784,0.48266501025071723
11785,-0.9574081582269073
11786,-0.6979355152579658
11787,1.955604713504408
11788,-1.1909335368989544
11789,2.5325075387934524
11790,1.0284224692953907
11791,0.1626487505890228
11792,-1.1252004673468226
11793,-1.1831493576098862
11794,1.3813052637331509
11795,0.3070885218417337
11796,-0.08385026023147121
11797,1.2351356748606472
11798,2.5325075387934524
11799,0.4376897521361007
11800,-1.0845497532816883
11801,-0.09855370999971133
11802,-0.7878860314871987
11803,-1.0231412277790388
11804,-0.2403987548227325
11805,-0.85621382746902
11806,-0.8691874596174671
11807,-0.6027955461693539
11808,-0.07606608094240305
11809,-0.9271363498805306
11810,-0.8190227486434718
11811,-0.17207095884091134
11812,0.5501278974226422
11813,0.18859601488591715
11814,0.11767349247440666
11815,-0.6849618831095187
11816,-0.3865683436952362
11817,-0.1270957007262948
11818,-0.4280839665702668
11819,0.3434146918573853
11820,-0.8259420191226435
11821,-0.5872271875912175
11822,-0.5249537532786714
11823,-0.3735947115467892
11824,0.08221223126865101
11825,0.27941143992504663
11826,0.3295761508990418
11827,-0.6979355152579658
11828,1.479039959251452
11829,0.902145783050506
11830,-1.2549367888312932
11831,-1.3440223962506297
11832,0.12718748938326754
11833,0.3313059685188349
11834,-0.40213670227337267
11835,-1.0845497532816883
11836,0.24395017871929137
11837,-1.0871444797113778
11838,-0.9781659696644226
11839,2.5324988897053538
11840,-0.8328612896018153
11841,1.893331279191862
11842,-1.050818309695726
11843,-0.9011890855836365
11844,-0.4384628722890245
11845,-0.6330673545157304
11846,0.5051526393080257
11847,-1.3016418645657026
11848,0.7222447505920399
11849,0.13929621272181836
11850,-1.366510025307938
11851,0.15399966249005828
11852,-0.06914681046323128
11853,0.14967511844057602
11854,2.5325075387934524
11855,-0.5630097409141163
11856,-1.0906041149509638
11857,-0.3026721891352785
11858,-0.7333967764637211
11859,2.5325075387934524
11860,-0.07866080737209237
11861,0.47834046620123494
11862,0.3875250411621055
11863,1.3596825434857391
11864,-0.19455858789821961
11865,-0.7818316698179235
11866,-0.5128450299401209
11867,-1.060332306604587
11868,-1.085414662091585
11869,2.5325075387934524
11870,-0.558685196864634
11871,-0.9582730670368036
11872,-0.4920872185026057
11873,-0.6590146188126246
11874,-0.057038087124680864
11875,1.2411900365299227
11876,-0.643446260234488
11877,-0.4782486775442622
11878,0.8251688989697197
11879,1.6174253688348876
11880,1.161618426019447
11881,-0.1028782540491936
11882,-0.887350544625293
11883,0.14362075677130062
11884,0.144485665581197
11885,2.4745499994422904
11886,-0.24299348125242204
11887,0.4247161199876539
11888,-0.696205697638173
11889,2.5325075387934524
11890,-0.9478941613180459
11891,1.2014042312746847
11892,-0.35975617058844567
11893,-0.6642040716720033
11894,0.076157869599376
11895,-1.1321197378259944
11896,-0.9850852401435942
11897,-0.19715331432790892
11898,0.2214625496619829
11899,0.3780110442532442
11900,0.9678788526026375
11901,0.048480787682688896
11902,0.7992216346728257
11903,0.489584280729889
11904,2.5325075387934524
11905,-1.0464937656462436
11906,0.12199803652388891
11907,0.9583648556937766
11908,-0.9158925353518766
11909,0.5691558912403644
11910,-1.2653156945500508
11911,-0.38137889083585735
11912,-0.16601659717163614
11913,-0.48862758326301986
11914,-0.8501594657997448
11915,0.17043292987809133
11916,-0.5984710021198717
11917,-0.3415930855806196
11918,-1.199582624997919
11919,1.7220793348323602
11920,-0.47911358635415857
11921,-0.43673305466923157
11922,0.5146666362168866
11923,-0.14352896811432786
11924,0.15399966249005828
11925,-0.9530836141774248
11926,0.4532581107142374
11927,0.37022686496417606
11928,-0.3865683436952362
11929,-1.1338495554457872
11930,-0.09509407476012544
11931,-1.2713700562193262
11932,-0.6667987981016928
11933,-0.558685196864634
11934,-1.0170868661097636
11935,0.35206377995635024
11936,0.32784633327924906
11937,-0.28883364817693497
11938,-0.8025894812554388
11939,-0.810373660544507
11940,0.0917262281775123
11941,-0.5595501056745303
11942,1.4574172390040403
11943,-0.7359915028934104
11944,-0.10201334523929721
11945,-1.129525011396305
11946,-0.9686519727555613
11947,-0.6460409866641775
11948,-0.09249934833043592
11949,-0.10979752452836536
11950,0.4420142961855833
11951,-0.4298137841900598
11952,0.11161913080513125
11953,-0.5240888444687751
11954,0.025993158625380437
11955,0.02253352338579455
11956,0.9324175913968822
11957,0.5068824569278184
11958,-0.13228515358567364
11959,-0.7403160469428929
11960,2.3880591184526434
11961,-1.227259706914606
11962,0.7369482003602797
11963,-0.15477278264298192
11964,-0.5258186620885681
11965,-0.5163046651797067
11966,-0.7385862293230999
11967,-0.6270129928464552
11968,-0.20839712885656317
11969,1.2351356748606472
11970,1.5404484847541018
11971,0.6945676686753527
11972,0.924633412107814
11973,-0.40213670227337267
11974,-1.010167595630592
11975,1.4513628773347649
11976,2.336164589858855
11977,0.37022686496417606
11978,-0.9989237811019377
11979,0.5120719097871974
11980,-0.8069140253049212
11981,1.1469149762512072
11982,-0.25683202221076556
11983,-0.9807606960941119
11984,1.8967909144314474
11985,0.2301116377609478
11986,1.1278869824334847
11987,-0.8406454688908834
11988,0.9990155697589105
11989,-0.13401497120546657
11990,-0.1859094997992549
11991,-0.3147809124738291
11992,0.6132662405450846
11993,0.7931672730035504
11994,-0.24212857244252547
11995,-1.1174162880577543
11996,1.1988095048449956
11997,0.17043292987809133
11998,0.3339006949485244
11999,0.8243039901598234
12000,-1.0317903158780037
12001,-0.00773828496058168
12002,-0.26375129268993736
12003,-0.34678253843999846
12004,-0.4280839665702668
12005,2.5325075387934524
12006,0.19119074131560668
12007,0.17389256511767723
12008,0.7698147351363459
12009,-1.3249944024329074
12010,-0.8812961829560177
12011,0.15399966249005828
12012,-0.9824905137139048
12013,-0.44538214276819627
12014,0.5691558912403644
12015,-0.799129846015853
12016,-0.31045636842434665
12017,1.4072525280300447
12018,-0.7610738583804082
12019,-0.062227539984059506
12020,-0.02244173472882199
12021,-0.3779192555962715
12022,0.9722033966521201
12023,0.45152829309444426
12024,-0.03887500211685467
12025,-1.0352499511175894
12026,-0.36927016749730673
12027,-0.7826965786278199
12028,1.361412361105532
12029,0.4878544631100962
12030,-1.0317903158780037
12031,-0.07520117213250649
12032,-1.2791542355083945
12033,-0.04752409021581958
12034,0.020803705766001795
12035,-1.1917984457088509
12036,1.642507724321885
12037,-0.45143650443747146
12038,-1.3163453143339425
12039,-0.6659338892917963
12040,-1.2073668042869872
12041,-0.4263541489504739
12042,2.5325075387934524
12043,-1.3725643869772133
12044,0.14621548320099012
12045,-0.4289488753801632
12046,-0.44538214276819627
12047,-0.674582977390761
12048,-1.0075728692009025
12049,-1.3708345693574202
12050,-0.30440200675507145
12051,-0.9807606960941119
12052,-1.261856059310465
12053,1.590613195728097
12054,-0.7723176729090623
12055,-0.5033310330312598
12056,-0.24904784292169724
12057,1.9884712482804738
12058,-0.19282877027842668
12059,-0.30440200675507145
12060,2.1000444847571185
12061,-1.1009830206697213
12062,-0.1738007764607043
12063,-1.3223996760032177
12064,2.5325075387934524
12065,-1.1693108166515427
12066,-1.0888742973311707
12067,-1.114821561628065
12068,-1.1442284611645448
12069,0.07183332554989336
12070,1.2524338510585766
12071,1.579369381199443
12072,1.1858358726965483
12073,-1.0620621242243802
12074,0.32698142446935263
12075,-1.2627209681203613
12076,0.76635509989676
12077,-1.010167595630592
12078,0.38666013235220914
12079,0.28373598397452887
12080,0.6642958603289761
12081,0.7879778201441717
12082,-0.5041959418411561
12083,0.2880605280240111
12084,0.2517343580083595
12085,0.12113312771399254
12086,0.13583657748223246
12087,-0.5707939202031846
12088,-0.9271363498805306
12089,-1.0205465013493495
12090,0.9981506609490141
12091,-0.674582977390761
12092,-0.9305959851201165
12093,0.5406139005137809
12094,-0.872647094857053
12095,-0.40646124632285496
12096,0.5189911802663693
12097,-0.14525878573412082
12098,0.19551528536508894
12099,-1.0352499511175894
12100,-0.35975617058844567
12101,0.5492629886127455
12102,2.5325075387934524
12103,-0.6174989959375939
12104,-0.8190227486434718
12105,-0.19282877027842668
12106,-0.8959996327242576
12107,1.122697529574106
12108,1.3562229082461532
12109,-1.3267242200527003
12110,1.4453085156654897
12111,-0.4272190577603703
12112,-1.3656451164980417
12113,-0.021576825918925232
12114,-1.2964524117063239
12115,-1.1649862726020601
12116,0.05972460221134294
12117,-1.1390390083051662
12118,0.2612483549172208
12119,-1.281748961938084
12120,1.8881418263324827
12121,-1.2558016976411897
12122,2.3551925836765775
12123,-0.9807606960941119
12124,0.8234390813499269
12125,-0.6417164426146951
12126,1.148644793871
12127,0.4558528371439269
12128,1.3294107351393625
12129,1.3960087135013908
12130,0.10037531627647721
12131,0.10210513389626996
12132,2.5325075387934524
12133,0.09432095460720182
12134,2.5325075387934524
12135,-0.6027955461693539
12136,-0.8596734627086058
12137,-1.0222763189691424
12138,1.6027219190666473
12139,-0.7074495121668269
12140,-0.24212857244252547
12141,2.5325075387934524
12142,-0.42202960490099145
12143,-0.33207908867175856
12144,-0.7705878552892693
12145,1.6451024507515748
12146,2.292054240554135
12147,2.5325075387934524
12148,0.18686619726612402
12149,0.48180010144082086
12150,-0.9928694194326625
12151,0.5700208000502608
12152,0.40136358212044904
12153,0.6815940365269055
12154,0.5864540674382939
12155,0.024263341005587684
12156,-0.799129846015853
12157,-0.8190227486434718
12158,-0.3978121582238902
12159,-0.7922105755366812
12160,-0.825077110312747
12161,2.5325075387934524
12162,-1.1104970175785824
12163,-0.9781659696644226
12164,-1.0352499511175894
12165,0.47834046620123494
12166,-0.48084340397395153
12167,-0.8069140253049212
12168,-1.0611972154144838
12169,0.5138017274069903
12170,0.1782171091671595
12171,-0.10547298047888311
12172,-0.40992088156244083
12173,-0.07347135451271354
12174,0.15140493606036876
12175,-0.062227539984059506
12176,0.016479161716519534
12177,-0.7844263962476129
12178,-0.4773837687343656
12179,-0.8553489186591235
12180,-0.11412206857784782
12181,0.9765279407016024
12182,0.20762400870363934
12183,-1.0499534008858296
12184,0.579534796959122
12185,-0.3614859882082386
12186,0.18946092369581352
12187,-0.9945992370524552
12188,-1.0153570484899705
12189,-0.7091793297866199
12190,-0.25510220459097266
12191,0.4904491895397854
12192,-0.9271363498805306
12193,-0.45835577491664325
12194,-1.0611972154144838
12195,-1.2886682324172558
12196,2.118207569764944
12197,0.4887193719199926
12198,-0.5067906682708457
12199,-0.7818316698179235
12200,-0.5976060933099752
12201,-0.2066673112367702
12202,1.4781750504415556
12203,-0.8371858336512976
12204,0.5224508155059551
12205,-1.1156864704379614
12206,-0.8683225508075706
12207,0.7308938386910043
12208,-0.3355387239113444
12209,-0.41770506085150916
12210,-0.35370180891917025
12211,-0.9790308784743189
12212,1.1348062529126564
12213,-0.8830260005758107
12214,-0.23520930196335368
12215,-1.0395744951670718
12216,0.11767349247440666
12217,-0.23520930196335368
12218,-0.3865683436952362
12219,-0.3234300005727938
12220,-0.9703817903753542
12221,2.5325075387934524
12222,-0.4868977656432269
12223,-1.2653156945500508
12224,-0.33207908867175856
12225,0.13237694224264657
12226,0.0856718665082369
12227,2.1000444847571185
12228,2.5325075387934524
12229,-0.44538214276819627
12230,-0.3848385260754432
12231,1.2602180303476447
12232,0.0363720643441381
12233,-0.2966178274660031
12234,-0.45835577491664325
12235,-0.6711233421511752
12236,-0.9375152555992883
12237,1.1053993533761766
12238,-1.2445578831125355
12239,-0.8639980067580882
12240,0.9488508587849153
12241,0.9773928495114987
12242,-0.9392450732190812
12243,0.09086131936761592
12244,-0.4211646960910951
12245,-0.29229328341652083
12246,-0.5751184642526669
12247,-1.291262958846945
12248,-0.1703411412211184
12249,-0.3701350763072033
12250,-0.2499127517315938
12251,0.20070473822446758
12252,-1.2445578831125355
12253,-0.40992088156244083
12254,-0.062227539984059506
12255,-0.9686519727555613
12256,-1.2705051474094298
12257,0.8476565280270282
12258,0.0640491462608252
12259,-0.09855370999971133
12260,-0.9625976110862859
12261,2.5325075387934524
12262,2.5325075387934524
12263,-0.04233463735644056
12264,0.7110009360633858
12265,-0.11585188619764077
12266,2.5325075387934524
12267,2.5324988897053538
12268,0.27249216944587484
12269,1.2083235017538565
12270,-0.538792294237015
12271,0.2154081879927079
12272,0.7585709206076915
12273,1.6468322683713674
12274,0.29152016326359703
12275,2.236700076720761
12276,1.425415613037871
12277,0.01734407052641591
12278,-1.2756946002688085
12279,2.5325075387934524
12280,0.1194033100941994
12281,2.5325075387934524
12282,0.09518586341709818
12283,-0.10201334523929721
12284,-0.5656044673438058
12285,1.2152427722330283
12286,-0.9271363498805306
12287,0.7127307536831785
12288,-0.018982099489236102
12289,0.3200621539901809
12290,0.2621132637271172
12291,1.2714618448762989
12292,0.23703090824011958
12293,-0.5301432061380503
12294,-0.15650260026277485
12295,0.6720800396180446
12296,-0.9729765168050436
12297,-0.2914283746066243
12298,-1.1831493576098862
12299,-0.3986770670337868
12300,-0.8190227486434718
12301,-0.12882551834608774
12302,-0.25683202221076556
12303,-0.3865683436952362
12304,1.9841467042309908
12305,2.3283804105697867
12306,-0.8553489186591235
12307,-0.6114446342683186
12308,-1.3267242200527003
12309,-0.5310081149479469
12310,1.2351356748606472
12311,-1.3630503900683522
12312,0.6867834893862846
12313,-0.8190227486434718
12314,-1.2627209681203613
12315,-1.1433635523546484
12316,-0.6149042695079046
12317,-0.6512304395235564
12318,0.6919729422456632
12319,0.4091477614095172
12320,-0.21185676409614904
12321,0.6400784136518749
12322,2.5325075387934524
12323,-0.7826965786278199
12324,-0.9081083560628083
12325,-0.24472329887221497
12326,1.0630188216912495
12327,-0.4185699696614055
12328,-0.5223590268489822
12329,-1.230719342154192
12330,0.7516516501285196
12331,1.6252095481239557
12332,-0.887350544625293
12333,-0.9193521705914625
12334,-0.36840525868741036
12335,0.030317702674863084
12336,-0.1703411412211184
12337,0.7464621972691411
12338,1.1728622405481013
12339,-0.02590136996840788
12340,-0.25423729578107607
12341,-0.588092096401114
12342,0.19551528536508894
12343,-1.0871444797113778
12344,2.5325075387934524
12345,0.09345604579730543
12346,0.1470803920108865
12347,0.180811835596849
12348,0.15399966249005828
12349,-0.20147785837739138
12350,-0.43673305466923157
12351,1.0578293688318705
12352,-0.3364036327212408
12353,0.3460094182870749
12354,-0.7083144209767236
12355,-1.184879175229679
12356,-0.09595898357002182
12357,4.5894328486471366e-05
12358,2.5325075387934524
12359,-0.39002797893482205
12360,1.155564064350172
12361,0.15399966249005828
12362,0.20156964703436434
12363,0.31227797470111235
12364,0.46623174286268454
12365,-0.4194348784713021
12366,-0.8856207270055
12367,-0.9202170794013589
12368,-0.6027955461693539
12369,-0.213586581715942
12370,-1.0352499511175894
12371,-1.2497473359719145
12372,-1.0663866682738625
12373,-1.2791542355083945
12374,-0.9600028846565966
12375,1.2351356748606472
12376,1.086371359558454
12377,-1.0326552246879
12378,-1.0784953916124131
12379,-1.3258593112428037
12380,-0.9807606960941119
12381,-0.5439817470963939
12382,-0.454031230867161
12383,-0.4185699696614055
12384,-1.2834787795578766
12385,-0.3580263529686527
12386,-0.5863622787813211
12387,-0.8622681891382954
12388,-0.8648629155679847
12389,1.2636776655872306
12390,-0.672853159770968
12391,-0.8138332957840929
12392,1.194484960795513
12393,0.23703090824011958
12394,-0.8216174750731611
12395,-0.6174989959375939
12396,1.0189084723865294
12397,-1.1200110144874436
12398,-0.825077110312747
12399,-0.6244182664167657
12400,0.24135545228960184
12401,-0.5067906682708457
12402,0.47834046620123494
12403,-0.5102503035104315
12404,0.41433721426889625
12405,1.0024752049984964
12406,-1.1952580809484368
12407,-0.7965351195861635
12408,-0.7005302416876552
12409,-1.0283306806384178
12410,0.1721627474978841
12411,0.37022686496417606
12412,-0.9971939634821447
12413,-0.18763931741904782
12414,-0.7645334936199941
12415,-1.2203404364354344
12416,-0.38397361726554685
12417,-1.0923339325707564
12418,0.9367421354463645
12419,-0.40646124632285496
12420,2.5325075387934524
12421,-1.1615266373624742
12422,0.4696913781022704
12423,-0.6123095430782151
12424,-0.9115679913023942
12425,1.363142178725325
12426,0.49909827763875025
12427,-0.33121417986186197
12428,0.8632248866051645
12429,-1.214286074766159
12430,0.48525973668040673
12431,1.3622772699154282
12432,-0.9842203313336976
12433,-0.17553059408049723
12434,0.0640491462608252
12435,0.8026812699124116
12436,-0.6183639047474905
12437,-0.31997036533320794
12438,-0.404731428703062
12439,-0.6685286157214858
12440,-0.1573675090726714
12441,0.12718748938326754
12442,-0.4566259572968503
12443,-0.44538214276819627
12444,2.1000444847571185
12445,-1.1649862726020601
12446,-1.241963156682846
12447,2.5325075387934524
12448,0.012154617667036885
12449,-0.7645334936199941
12450,-0.5725237378229775
12451,1.1088589886157625
12452,-0.8890803622450859
12453,-1.3016418645657026
12454,-0.33207908867175856
12455,1.0829117243188682
12456,0.11248403961502763
12457,2.5325075387934524
12458,0.9151194151989528
12459,-0.8614032803283987
12460,-0.393487614174408
12461,2.3024331462728926
12462,-1.451271088677792
12463,-0.3217001829530009
12464,0.29152016326359703
12465,-0.11239225095805487
12466,-1.065521759463966
12467,2.5325075387934524
12468,-0.7377213205132034
12469,0.25346417562815265
12470,-0.31997036533320794
12471,-0.35370180891917025
12472,-0.34764744724989505
12473,-1.0084377780107987
12474,-0.40559633751295854
12475,0.11075422199523488
12476,-0.025036461158511117
12477,1.1131835326652448
12478,-0.3502421736795844
12479,-0.03368554925747603
12480,0.30535870422194056
12481,-0.2784547424581773
12482,0.08653677531813367
12483,0.5916435202976725
12484,-1.381213475076178
12485,0.28633071040421837
12486,0.21973273204219015
12487,1.2221620427122
12488,-0.4289488753801632
12489,1.683158438387019
12490,-0.4384628722890245
12491,-0.933190711549806
12492,-0.992004510622766
12493,-1.3483469403001123
12494,-0.8700523684273634
12495,0.06750878150041109
12496,-0.5379273854271187
12497,0.3460094182870749
12498,0.5328297212247127
12499,-1.1252004673468226
12500,-0.4133805168020267
12501,-0.5534957440052551
12502,-0.23953384601283614
12503,-0.8588085538987095
12504,-0.9686519727555613
12505,2.5325075387934524
12506,-0.36235089701813494
12507,1.3406545496680167
12508,1.9426310813559602
12509,-1.0240061365889355
12510,-0.0025488321012030403
12511,-0.21272167290604543
12512,-0.19109895265863372
12513,0.4878544631100962
12514,-0.3121861860441396
12515,-1.1892037192791614
12516,-0.7913456667267846
12517,-0.24299348125242204
12518,1.6675900798088827
12519,-0.4211646960910951
12520,-0.6313375368959374
12521,0.3140077923209055
12522,-0.36062107939834204
12523,-0.393487614174408
12524,-0.6840969742996224
12525,-0.47478904230467633
12526,0.1747574739275736
12527,-0.883890909385707
12528,0.5285051771752302
12529,0.6729449484279411
12530,0.5397489917038846
12531,2.463306184913636
12532,0.4575826547637196
12533,-0.5223590268489822
12534,-1.1606617285525778
12535,-1.2661806033599472
12536,-1.0404394039769684
12537,1.786082586764699
12538,0.14189093915150786
12539,0.4082828525996208
12540,-1.152012640453613
12541,-0.7065846033569306
12542,-0.3009423715154856
12543,1.5629361138114097
12544,0.6945676686753527
12545,-0.5846324611615281
12546,-1.4028361953235897
12547,0.4904491895397854
12548,0.48698955430019947
12549,0.908200144719781
12550,-0.3441878120103092
12551,-0.7801018521981307
12552,-0.11758170381743371
12553,-0.009468102580374815
12554,-0.5050608506510528
12555,0.5440735357533668
12556,-0.25164256935138674
12557,0.18513637964633126
12558,0.08394204888844416
12559,-0.9833554225238013
12560,-0.6503655307136599
12561,-0.3208352741431043
12562,0.24049054347970547
12563,1.3051932884622612
12564,-1.0620621242243802
12565,0.5146666362168866
12566,-0.6564198923829352
12567,-1.0291955894483142
12568,-0.615769178317801
12569,-1.280019144318291
12570,-0.30353709794517486
12571,-1.2609911505005686
12572,-0.8553489186591235
12573,-0.25164256935138674
12574,0.37022686496417606
12575,-0.32861945343217264
12576,-1.3172102231438392
12577,0.6037522436362233
12578,2.5325075387934524
12579,0.2084889175135361
12580,0.36157777686521153
12581,0.12113312771399254
12582,0.29065525445370066
12583,0.6331591431727032
12584,-0.2724003807889021
12585,1.2351356748606472
12586,-0.378784164406168
12587,-0.4773837687343656
12588,-0.9271363498805306
12589,-0.9046487208232223
12590,-0.33207908867175856
12591,0.057129875781653426
12592,-0.5906868228308033
12593,2.0472850473534336
12594,-0.6979355152579658
12595,-1.114821561628065
12596,-0.6616093452423141
12597,0.21367837037291473
12598,1.3562229082461532
12599,2.5325075387934524
12600,-1.0084377780107987
12601,-1.305966408615185
12602,-0.3908928877447184
12603,-1.2177457100057447
12604,-0.9271363498805306
12605,-0.3502421736795844
12606,0.1531347536801619
12607,-0.4202997872811985
12608,-0.8190227486434718
12609,-1.0162219572998672
12610,-0.4350032370494386
12611,0.6348889607924962
12612,-0.645176077854281
12613,-0.7922105755366812
12614,-0.10374316285909016
12615,-0.7325318676538246
12616,-0.7429107733725823
12617,0.8052759963421011
12618,0.5734804352898467
12619,-1.050818309695726
12620,0.20502928227395023
12621,-0.5846324611615281
12622,1.2411900365299227
12623,-0.422894513710888
12624,-0.9176223529716695
12625,2.5325075387934524
12626,-0.5595501056745303
12627,0.2396256346698091
12628,-0.9651923375159754
12629,-0.23693911958314665
12630,-0.7974000283960601
12631,-0.5707939202031846
12632,-0.45835577491664325
12633,0.3434146918573853
12634,0.2621132637271172
12635,0.4437441138053761
12636,-0.9176223529716695
12637,-1.155472275693199
12638,0.11507876604471715
12639,-0.1461236945440172
12640,1.4331997923269393
12641,-0.03887500211685467
12642,0.2707623518260817
12643,-0.9530836141774248
12644,1.0906959036079367
12645,-0.2801845600779702
12646,2.5325075387934524
12647,0.25086944919846316
12648,-0.3528369001092739
12649,0.7533814677483128
12650,-0.49468194493229506
12651,1.2351356748606472
12652,0.37022686496417606
12653,-1.0888742973311707
12654,0.563101529571089
12655,-0.6399866249949021
12656,1.268002209636713
12657,0.5527226238523314
12658,2.5325075387934524
12659,2.5325075387934524
12660,0.1410260303416111
12661,0.9981506609490141
12662,0.37022686496417606
12663,-0.19369367908832305
12664,0.1652434770187123
12665,-0.5067906682708457
12666,0.15399966249005828
12667,-1.2592613328807756
12668,-0.751559861471547
12669,0.5864540674382939
12670,0.4186617583183785
12671,-0.7316669588439282
12672,-0.98854487538318
12673,-1.2687753297896367
12674,-0.9634625198961825
12675,-0.3502421736795844
12676,-0.542251929476601
12677,-0.2784547424581773
12678,2.0481499561633303
12679,-0.6192288135573868
12680,-0.4133805168020267
12681,-0.6771777038204505
12682,-1.2514771535917073
12683,0.5985627907768443
12684,-0.7446405909923751
12685,-1.309426043854771
12686,2.5325075387934524
12687,-0.5483062911458764
12688,-0.33207908867175856
12689,-0.6417164426146951
12690,0.563101529571089
12691,-0.8570787362789165
12692,2.5325075387934524
12693,0.8986861478109202
12694,-1.1857440840395754
12695,-0.538792294237015
12696,0.5951031555372583
12697,0.1194033100941994
12698,0.23876072585991234
12699,0.2716272606359785
12700,1.7653247753271843
12701,-0.588092096401114
12702,2.5325075387934524
12703,0.016479161716519534
12704,0.594238246727362
12705,-0.6607444364324175
12706,-0.7593440407606152
12707,0.845926710407235
12708,-0.9842203313336976
12709,-0.8977294503440506
12710,-0.1729358676508077
12711,-1.276559509078705
12712,-0.9729765168050436
12713,0.37022686496417606
12714,-0.3848385260754432
12715,-0.91502762654198
12716,0.35465850638603974
12717,0.7732743703759318
12718,1.7117004291136029
12719,-0.28364419531755614
12720,-0.6875566095392082
12721,-0.5483062911458764
12722,1.4972030442592779
12723,2.5325075387934524
12724,1.9677134368429585
12725,0.6037522436362233
12726,-0.9850852401435942
12727,-0.6443111690443846
12728,-0.2931581922264172
12729,-0.9600028846565966
12730,-0.5128450299401209
12731,0.14881020963067965
12732,-0.40300161108326904
12733,-0.6702584333412788
12734,-0.5595501056745303
12735,1.1512395203006895
12736,0.6409433224617717
12737,0.8528459808864068
12738,-0.021576825918925232
12739,1.258488212727852
12740,0.8433319839775459
12741,0.9376070442562613
12742,-0.33121417986186197
12743,-0.18763931741904782
12744,-0.8908101798648789
12745,1.7955965836735601
12746,-0.1028782540491936
12747,0.22319236728177602
12748,2.4425483734761206
12749,-1.335373308151665
12750,0.5648313471908821
12751,1.8613296532256924
12752,-0.17207095884091134
12753,1.8803576470434151
12754,-0.5483062911458764
12755,-0.7671282200496834
12756,-0.11585188619764077
12757,-1.3691047517376276
12758,-1.3293189464823896
12759,-1.0118974132503846
12760,-0.3865683436952362
12761,0.6072118788758092
12762,0.520720997886162
12763,0.013884435286830022
12764,-1.0733059387530344
12765,-0.5993359109297681
12766,-0.8959996327242576
12767,-1.2627209681203613
12768,2.332704954619269
12769,-0.40819106394264787
12770,-0.6270129928464552
12771,-0.1296904271559843
12772,-0.8294016543622295
12773,1.4003332575508731
12774,-1.2082317130968838
12775,-0.49468194493229506
12776,0.2551939932479454
12777,0.17994692678695223
12778,-1.2886682324172558
12779,0.11853840128430303
12780,-0.4298137841900598
12781,-1.3535363931594908
12782,0.1626487505890228
12783,-0.36062107939834204
12784,-0.37445962035668556
12785,2.028257053535711
12786,-1.0759006651827239
12787,-0.5145748475599138
12788,-0.034550458067372405
12789,-0.14006933287474196
12790,0.21886782323229376
12791,2.5325075387934524
12792,0.7084062096336963
12793,4.5894328486471366e-05
12794,-0.41597524323171625
12795,-0.434138328239542
12796,0.2275169113312583
12797,0.44114938737568654
12798,0.10988931318533812
12799,0.1626487505890228
12800,-0.4194348784713021
12801,0.180811835596849
12802,-0.49468194493229506
12803,-0.6538251659532457
12804,0.43163539046682564
12805,0.45152829309444426
12806,2.5325075387934524
12807,-0.7377213205132034
12808,-1.3742942045970061
12809,-1.1156864704379614
12810,0.9834472111807742
12811,1.374385993253979
12812,2.5325075387934524
12813,-0.799129846015853
12814,-1.0352499511175894
12815,-0.4116506991822338
12816,-0.08644498666116072
12817,-0.31910545652331135
12818,-0.04492936378613007
12819,0.9730683054620165
12820,0.11767349247440666
12821,2.5325075387934524
12822,0.7006220303446281
12823,0.40309339974024183
12824,-0.5837675523516316
12825,1.9780923425617158
12826,0.4549879283340301
12827,-0.15044823859349965
12828,2.262647341017655
12829,-0.5854973699714245
12830,1.2351356748606472
12831,-0.2663460191196267
12832,-0.31045636842434665
12833,0.47488083096164907
12834,-0.7801018521981307
12835,-0.20926203766645954
12836,-1.1433635523546484
12837,-0.8190227486434718
12838,-0.14525878573412082
12839,-1.1658511814119568
12840,2.5325075387934524
12841,-0.26375129268993736
12842,2.1718319159785255
12843,-0.1703411412211184
12844,0.1522698448702655
12845,-0.85621382746902
12846,-0.1703411412211184
12847,2.3993029329812976
12848,0.924633412107814
12849,-0.5863622787813211
12850,1.5992622838270614
12851,-0.2585618398305585
12852,0.1842714708364349
12853,2.2972436934135136
12854,2.5325075387934524
12855,1.2351356748606472
12856,0.6495924105607362
12857,1.965983619223165
12858,-0.7593440407606152
12859,-0.35370180891917025
12860,-1.1926633545187473
12861,2.5325075387934524
12862,1.0388013750141483
12863,-1.0317903158780037
12864,-0.7212880531251705
12865,-0.8190227486434718
12866,0.30535870422194056
12867,-0.6858267919194153
12868,-0.9176223529716695
12869,-1.0871444797113778
12870,1.324221282279984
12871,-0.3960823406040973
12872,-0.6183639047474905
12873,0.9557701292640871
12874,-1.1494179140239238
12875,-0.933190711549806
12876,0.15572948010985102
12877,-0.6486357130938669
12878,-1.0188166837295565
12879,-0.300077462705589
12880,0.6132662405450846
12881,-0.15996223550236074
12882,1.1322115264829669
12883,1.3795754461133578
12884,0.5708857088601575
12885,2.5325075387934524
12886,-0.7645334936199941
12887,0.09605077222699457
12888,-0.17553059408049723
12889,-0.5837675523516316
12890,0.5959680643471551
12891,-0.8371858336512976
12892,2.1614530102597675
12893,1.242054945339819
12894,-0.3415930855806196
12895,-1.1987177161880227
12896,0.5639664383809858
12897,-1.1433635523546484
12898,-0.6027955461693539
12899,-0.16774641479142907
12900,-0.8380507424611942
12901,0.09605077222699457
12902,-0.3147809124738291
12903,-0.7645334936199941
12904,-1.0862795709014814
12905,-0.9003241767737401
12906,-0.9305959851201165
12907,1.3986034399310803
12908,0.25605890205784176
12909,0.039831699583723984
12910,1.2809758417851602
12911,-1.2393684302531567
12912,-0.49900648898177735
12913,1.3588176346758425
12914,-0.7143687826459988
12915,0.6712151308081479
12916,-0.6840969742996224
12917,-1.184879175229679
12918,-0.06828190165333471
12919,0.28633071040421837
12920,-0.3649456234478245
12921,-0.8717821860471564
12922,0.2828710751646325
12923,-0.8190227486434718
12924,-0.3217001829530009
12925,-1.1710406342713355
12926,-0.7974000283960601
12927,0.8165198108707552
12928,0.548398079802849
12929,0.24135545228960184
12930,-1.4460816358184134
12931,-0.062227539984059506
12932,2.5325075387934524
12933,-1.0888742973311707
12934,-1.3371031257714578
12935,0.4247161199876539
12936,-0.7541545879012365
12937,-0.7826965786278199
12938,2.5325075387934524
12939,1.626074456933852
12940,-0.05444336069499135
12941,0.12026821890409578
12942,-1.2056369866671943
12943,-0.3303492710519656
12944,-0.8553489186591235
12945,0.03118261148475946
12946,1.9460907165955466
12947,-0.7982649372059564
12948,-1.0274657718285214
12949,-0.4479768691978856
12950,-0.9651923375159754
12951,2.5325075387934524
12952,-0.380513982025961
12953,-0.275860016028488
12954,0.7784638232353104
12955,0.3970390380709668
12956,0.5241806331257479
12957,1.0405311926339411
12958,0.5345595388445056
12959,0.2984394337427688
12960,2.5324988897053538
12961,2.5325075387934524
12962,-0.24472329887221497
12963,0.7905725465738612
12964,-1.1104970175785824
12965,0.5475331709929527
12966,1.1754569669777908
12967,-1.3163453143339425
12968,0.08826659293792641
12969,1.6001271926369582
12970,2.2462140736296217
12971,-0.23607421077325028
12972,0.0640491462608252
12973,2.046420138543537
12974,0.38233558830272646
12975,0.01907388814620866
12976,0.6141311493549809
12977,-1.280019144318291
12978,1.4928785002097957
12979,-0.8051842076851282
12980,-0.946164343698253
12981,-0.3234300005727938
12982,-1.2082317130968838
12983,-0.9107030824924978
12984,2.5325075387934524
12985,1.645967359561471
12986,-0.4350032370494386
12987,1.965983619223165
12988,-0.28277928650765954
12989,0.7689498263264491
12990,-0.5163046651797067
12991,0.33563051256831716
12992,0.8208443549202374
12993,-0.3502421736795844
12994,-0.643446260234488
12995,1.1218326207642098
12996,-0.7861562138674059
12997,-1.1822844487999895
12998,-0.2040725848070807
12999,1.0405311926339411
13000,0.8026812699124116
13001,1.3380598232383274
13002,0.46363701643299504
13003,-1.318940040763632
13004,-0.32861945343217264
13005,0.28200616635473613
13006,0.34946905352666074
13007,-0.2784547424581773
13008,-1.2436929743026393
13009,0.1721627474978841
13010,-0.3121861860441396
13011,-1.0032483251514202
13012,0.25346417562815265
13013,-0.9703817903753542
13014,-0.7974000283960601
13015,1.1270220736235883
13016,-0.4704644982551939
13017,-0.5119801211302245
13018,-1.361320572448559
13019,-0.5785780994922528
13020,-0.20147785837739138
13021,-0.25250747816128316
13022,0.25346417562815265
13023,-0.6832320654897257
13024,-0.8190227486434718
13025,-0.8302665631721258
13026,-0.35975617058844567
13027,-0.1919638614685301
13028,-0.23088475791387142
13029,-0.34072817677072326
13030,0.4835299190606136
13031,-0.32861945343217264
13032,-1.3595907548287662
13033,-0.7956702107762671
13034,2.5325075387934524
13035,-0.35629653534885974
13036,-0.226560213864389
13037,0.7464621972691411
13038,-0.9911396018128694
13039,0.6227802374539455
13040,0.21281346156301836
13041,0.1410260303416111
13042,-0.24212857244252547
13043,-1.2281246157245025
13044,-0.7091793297866199
13045,0.38233558830272646
13046,0.12113312771399254
13047,-0.8536191010393306
13048,-0.9496239789378389
13049,1.2152427722330283
13050,-0.8830260005758107
13051,0.1998398294145712
13052,1.1953498696054097
13053,-1.280019144318291
13054,0.5025579128783362
13055,0.15399966249005828
13056,0.582994432198708
13057,0.11075422199523488
13058,1.304328379652365
13059,-0.1703411412211184
13060,-0.22050585219511376
13061,-1.3336434905318721
13062,-0.8518892834195377
13063,-0.6702584333412788
13064,-1.0490884920759331
13065,-0.589821914020907
13066,0.08394204888844416
13067,-1.381213475076178
13068,-0.09163443952053955
13069,1.4271454306576639
13070,0.3079534306516301
13071,-0.6780426126303469
13072,-0.9271363498805306
13073,-0.2473180253019043
13074,-0.692746062398587
13075,-0.6858267919194153
13076,0.4152021230787926
13077,-0.43673305466923157
13078,0.4999631864486467
13079,0.7308938386910043
13080,0.6288345991232209
13081,-0.9098381736826012
13082,0.06577896388061834
13083,-0.5483062911458764
13084,-0.8190227486434718
13085,-0.4280839665702668
13086,-0.038010093306958294
13087,0.057129875781653426
13088,-0.509385394700535
13089,-0.3865683436952362
13090,-0.8345911072216082
13091,-0.18850422622894422
13092,-0.44019268990881744
13093,-0.6218235399870764
13094,0.5189911802663693
13095,0.4134723054589995
13096,0.144485665581197
13097,-0.02244173472882199
13098,-1.281748961938084
13099,2.5325075387934524
13100,2.1000444847571185
13101,0.28719561921411474
13102,-0.3865683436952362
13103,-0.31910545652331135
13104,1.160753517209551
13105,-0.674582977390761
13106,2.5325075387934524
13107,2.1000444847571185
13108,0.26557289896670305
13109,-0.6027955461693539
13110,-0.6849618831095187
13111,-1.5109497965606487
13112,-1.0577375801748978
13113,-0.9003241767737401
13114,-1.114821561628065
13115,-1.2575315152609827
13116,-0.24558820768211137
13117,0.17735220035726312
13118,0.18946092369581352
13119,1.3224914646601909
13120,-0.672853159770968
13121,0.07442805197958287
13122,-1.1018479294796177
13123,-0.12536588310650185
13124,-0.9418397996487706
13125,-0.7039898769272411
13126,-0.872647094857053
13127,-0.7256125971746528
13128,-0.32688963581237973
13129,-0.1461236945440172
13130,-0.4695995894452975
13131,-1.2004475338078153
13132,-0.7740474905288552
13133,-0.8942698151044647
13134,1.1270220736235883
13135,-0.6607444364324175
13136,0.051075514112378026
13137,-1.2281246157245025
13138,-1.2558016976411897
13139,-0.511115212320328
13140,-0.053578451885094976
13141,-0.4004068846535797
13142,-0.3502421736795844
13143,-0.7160986002657916
13144,-0.6936109712084835
13145,1.1443202498215177
13146,0.2785465311151502
13147,1.2887600210742283
13148,-1.0681164858936554
13149,-0.7878860314871987
13150,-0.6339322633256269
13151,1.3830350813529435
13152,0.05367024054206754
13153,-0.722152961935067
13154,-0.36840525868741036
13155,-0.5483062911458764
13156,-0.3095914596144503
13157,-0.40819106394264787
13158,-1.294722594086531
13159,2.5325075387934524
13160,-0.8190227486434718
13161,2.5325075387934524
13162,-0.7576142231408224
13163,-0.10460807166898653
13164,-1.063791941844173
13165,-0.6642040716720033
13166,2.5325075387934524
13167,0.45671774595382325
13168,0.5691558912403644
13169,0.11680858366450989
13170,0.5388840828939878
13171,-0.5180344827994997
13172,-1.3544013019693875
13173,-0.6027955461693539
13174,-0.946164343698253
13175,1.2351356748606472
13176,-0.004278649720995792
13177,-0.4289488753801632
13178,-0.6002008197396647
13179,-0.6226884487969727
13180,0.7827883672847927
13181,-0.9383801644091847
13182,-0.18417968217946196
13183,-0.1703411412211184
13184,1.1451851586314141
13185,0.21454327918281113
13186,-0.6166340871276975
13187,-1.0447639480264508
13188,-0.4202997872811985
13189,-0.7688580376694764
13190,0.2456799963390841
13191,-0.8276718367424365
13192,0.15399966249005828
13193,-0.5785780994922528
13194,-0.6123095430782151
13195,-1.04735867445614
13196,-1.1917984457088509
13197,-0.2075322200466666
13198,0.09432095460720182
13199,-0.062227539984059506
13200,0.10124022508637359
13201,-1.1943931721385403
13202,-1.010167595630592
13203,-0.02590136996840788
13204,-0.14439387692422423
13205,-0.47478904230467633
13206,0.2396256346698091
13207,-0.16774641479142907
13208,-0.3952174317942009
13209,-1.2082317130968838
13210,-0.7264775059845493
13211,-0.3502421736795844
13212,0.3927144940214841
13213,0.3442796006672821
13214,-0.5517659263854622
13215,-1.2653156945500508
13216,0.2768167134953571
13217,1.1157782590949343
13218,1.2507040334387836
13219,0.625374963883635
13220,-0.9003241767737401
13221,-0.9401099820289778
13222,-1.0266008630186247
13223,-1.263585876930258
13224,0.24740981395887723
13225,2.5325075387934524
13226,0.17043292987809133
13227,-0.7904807579168883
13228,-1.013627230870178
13229,0.8779283363734048
13230,0.1721627474978841
13231,0.34946905352666074
13232,-0.8977294503440506
13233,1.8379771153584876
13234,-1.072441029943138
13235,1.0137190195271508
13236,-0.6988004240678622
13237,-0.404731428703062
13238,-0.3796490732160644
13239,0.3460094182870749
13240,-0.0656871752236454
13241,0.45066338428454783
13242,0.5864540674382939
13243,-0.25250747816128316
13244,-1.0023834163415235
13245,0.16437856820881594
13246,0.19551528536508894
13247,-0.31132127723424324
13248,0.37714613544334785
13249,-1.0499534008858296
13250,1.955604713504408
13251,0.5803997057690184
13252,2.5325075387934524
13253,-1.0352499511175894
13254,-1.2955875028964274
13255,-0.6192288135573868
13256,-0.8864856358153965
13257,1.0232330164360117
13258,1.9919308835200595
13259,-0.7109091474064129
13260,-1.3396978522011473
13261,-1.3379680345813545
13262,-0.5361975678073257
13263,-0.25683202221076556
13264,-0.9859501489534908
13265,0.5432086269434705
13266,2.5325075387934524
13267,-0.7264775059845493
13268,2.5325075387934524
13269,-0.8112385693544036
13270,-0.4116506991822338
13271,-0.35975617058844567
13272,0.2422203610994982
13273,0.47834046620123494
13274,-1.2125562571463662
13275,-0.21877603457532083
13276,-1.1892037192791614
13277,-1.0992532030499282
13278,1.6416428155119889
13279,-0.5837675523516316
13280,-1.1710406342713355
13281,-1.060332306604587
13282,-0.0016839232913066645
13283,-0.5310081149479469
13284,-0.7705878552892693
13285,-0.2801845600779702
13286,2.164047736689457
13287,2.5325075387934524
13288,0.19551528536508894
13289,-0.5595501056745303
13290,-0.4782486775442622
13291,2.5325075387934524
13292,-0.20234276718728778
13293,0.32784633327924906
13294,1.8907365527621722
13295,-1.0594673977946907
13296,0.13583657748223246
13297,-0.23953384601283614
13298,-0.8466998305601589
13299,-1.1822844487999895
13300,1.2515689422486802
13301,-0.6564198923829352
13302,-0.1703411412211184
13303,0.01907388814620866
13304,-0.25683202221076556
13305,2.19777918027542
13306,1.6675900798088827
13307,-1.291262958846945
13308,-0.9781659696644226
13309,-0.4877626744531233
13310,-0.3156458212837255
13311,-0.213586581715942
13312,-0.6711233421511752
13313,2.5325075387934524
13314,-0.1833147733695654
13315,0.22578709371146555
13316,1.1754569669777908
13317,-0.3926227053645114
13318,-0.21272167290604543
13319,-0.2879687393670384
13320,-0.9392450732190812
13321,-0.38829816131502914
13322,1.6191551864546803
13323,1.1036695357563835
13324,-1.4244589155710015
13325,-0.6218235399870764
13326,1.3856298077826332
13327,-0.04146972854654418
13328,1.7947316748636641
13329,1.1209677119543129
13330,0.08480695769834053
13331,0.2716272606359785
13332,-1.01795177491966
13333,1.8068403982022143
13334,-0.9945992370524552
13335,-0.5413870206667045
13336,-0.6261480840365586
13337,1.2489742158189907
13338,-0.6953407888282763
13339,-0.6027955461693539
13340,-0.1115273421481583
13341,-1.2125562571463662
13342,-0.19715331432790892
13343,-1.0352499511175894
13344,0.19205565012550305
13345,0.08221223126865101
13346,0.35898305043552203
13347,-1.0084377780107987
13348,-0.6538251659532457
13349,-0.31132127723424324
13350,-0.4471119603879892
13351,-0.674582977390761
13352,-0.08903971309085004
13353,0.04069660839362075
13354,-0.05790299593457724
13355,-0.7645334936199941
13356,-0.5214941180390856
13357,-0.2066673112367702
13358,-0.5664693761537022
13359,-0.6650689804819
13360,0.5138017274069903
13361,-0.34072817677072326
13362,0.3321708773287313
13363,1.5015275883087602
13364,-1.1243355585369261
13365,-0.33207908867175856
13366,-0.8622681891382954
13367,-0.8821610917659141
13368,1.1737271493579975
13369,-0.3364036327212408
13370,-0.7628036760002012
13371,1.258488212727852
13372,-0.4704644982551939
13373,-1.273099873839119
13374,1.7047811586344312
13375,0.6331591431727032
13376,-0.45143650443747146
13377,0.40049867331055267
13378,-0.6261480840365586
13379,-0.4107857903723374
13380,-0.5465764735260834
13381,1.2429198541497153
13382,1.9279276315877207
13383,0.6262398726935313
13384,2.5325075387934524
13385,-1.2082317130968838
13386,-1.0231412277790388
13387,2.5325075387934524
13388,-0.5621448321042198
13389,0.5241806331257479
13390,-0.1426640593044313
13391,-0.5240888444687751
13392,-0.6356620809454199
13393,-1.1208759232973402
13394,-0.7922105755366812
13395,-0.0994186188096077
13396,-0.8146982045939895
13397,-0.08903971309085004
13398,-1.3033716821854957
13399,-0.45922068372653985
13400,0.316602518750595
13401,-0.1703411412211184
13402,0.3511988711464539
13403,0.9427964971156398
13404,0.316602518750595
13405,-0.8121034781643
13406,0.8831177892327834
13407,-1.155472275693199
13408,-0.5483062911458764
13409,0.6893782158159741
13410,2.5325075387934524
13411,-0.69447588001838
13412,-0.14179915049453493
13413,0.014749344096726397
13414,-0.2879687393670384
13415,0.7698147351363459
13416,-0.1487184209737067
13417,-1.010167595630592
13418,-1.3725643869772133
13419,0.5016930040684398
13420,-1.1675809990317496
13421,2.5325075387934524
13422,1.3380598232383274
13423,2.5325075387934524
13424,-0.44624705157809264
13425,0.24654490514898086
13426,-0.18677440860915126
13427,-0.25164256935138674
13428,-1.0741708475629306
13429,-1.364780207688145
13430,-0.03022591401789014
13431,0.2275169113312583
13432,-0.023306643538718367
13433,-0.7939403931564741
13434,-0.05876790474447362
13435,0.347739235906868
13436,2.5325075387934524
13437,0.26816762539639255
13438,-1.0715761211332413
13439,0.6764045836675269
13440,-0.854484009849227
13441,-0.0016839232913066645
13442,2.1718319159785255
13443,-0.44538214276819627
13444,0.47834046620123494
13445,-1.3440223962506297
13446,-0.03282064044757965
13447,2.5325075387934524
13448,-0.8112385693544036
13449,-1.2134211659562626
13450,-0.17812532051018654
13451,0.12978221581295707
13452,-0.18677440860915126
13453,2.5325075387934524
13454,-0.20234276718728778
13455,-0.6088499078386291
13456,0.37022686496417606
13457,-0.4107857903723374
13458,0.01734407052641591
13459,0.3659023209146938
13460,-0.49468194493229506
13461,-1.2203404364354344
13462,1.3363300056185343
13463,-0.4073261551327515
13464,-0.76799312885958
13465,-1.0188166837295565
13466,1.052639915972492
13467,0.23703090824011958
13468,2.068907767600846
13469,1.0881011771782472
13470,-0.31132127723424324
13471,-0.5768482818724598
13472,-0.674582977390761
13473,-0.36062107939834204
13474,-0.6027955461693539
13475,-0.6200937223672834
13476,-0.19542349670811598
13477,-0.542251929476601
13478,-1.4227290979512086
13479,-0.48084340397395153
13480,0.5267753595554374
13481,0.19205565012550305
13482,-1.1762300871307143
13483,-0.4868977656432269
13484,-0.8709172772372601
13485,2.4676307289631185
13486,-1.2082317130968838
13487,0.27249216944587484
13488,-0.5085204858906386
13489,0.18859601488591715
13490,1.7212144260224642
13491,0.9981506609490141
13492,-0.25250747816128316
13493,2.5325075387934524
13494,-0.6460409866641775
13495,-0.7333967764637211
13496,-1.1606617285525778
13497,-0.03541536687726878
13498,-0.2101269464763561
13499,-1.3198049495735285
13500,-0.49554685374219143
13501,0.48439482787051036
13502,-0.2784547424581773
13503,-0.3796490732160644
13504,-0.22396548743469966
13505,1.5093117675978287
13506,-1.0395744951670718
13507,2.5325075387934524
13508,-0.7342616852736175
13509,1.2351356748606472
13510,-0.7636685848100976
13511,-0.6702584333412788
13512,-1.2281246157245025
13513,0.6530520458003221
13514,0.1470803920108865
13515,-0.9971939634821447
13516,0.006100255997761871
13517,-0.40905597275254446
13518,-0.560415014484427
13519,-0.3865683436952362
13520,0.47834046620123494
13521,-1.1286601025864085
13522,2.1000444847571185
13523,-0.6296077192761445
13524,-0.9452994348883564
13525,0.316602518750595
13526,2.1035041199967037
13527,-0.5232239356588786
13528,-0.4843030392135374
13529,-0.718693326695481
13530,0.7066763920139032
13531,1.032747013344873
13532,-0.7264775059845493
13533,-0.05271354307519822
13534,1.6969969793453625
13535,-0.6988004240678622
13536,-0.5915517316407
13537,-0.9271363498805306
13538,0.06923859912020422
13539,-1.3068313174250816
13540,-0.15996223550236074
13541,1.3830350813529435
13542,2.5325075387934524
13543,0.2664378077765994
13544,-1.2903980500370484
13545,-1.2125562571463662
13546,0.311413065891216
13547,0.30016925136256195
13548,-0.27672492483838435
13549,0.24308526990939497
13550,-0.37186489392699623
13551,2.1000444847571185
13552,-0.13487988001536313
13553,-1.4080256481829687
13554,1.0223681076261153
13555,1.1694026053085154
13556,-1.0110325044404884
13557,0.16091893296923004
13558,2.5325075387934524
13559,-1.3889976543652462
13560,0.21886782323229376
13561,-0.8951347239143613
13562,-0.6027955461693539
13563,0.2742219870656676
13564,1.5646659314312026
13565,0.04675097006289576
13566,2.2185369917129347
13567,0.6461327753211503
13568,-0.25683202221076556
13569,-1.2082317130968838
13570,0.16956802106819457
13571,0.3382252389980067
13572,0.7127307536831785
13573,-0.588092096401114
13574,0.17735220035726312
13575,-0.31045636842434665
13576,1.4228208866081815
13577,0.07702277840927238
13578,0.8372776223082705
13579,0.7023518479644209
13580,-0.645176077854281
13581,-1.186608992849472
13582,-1.0888742973311707
13583,-0.7541545879012365
13584,-0.5318730237578433
13585,0.22405727609167242
13586,-1.2298544333442956
13587,0.316602518750595
13588,-0.3986770670337868
13589,0.5172613626465761
13590,0.37714613544334785
13591,-0.8121034781643
13592,0.8217092637301339
13593,1.9002505496710336
13594,0.007830073617554622
13595,-1.1917984457088509
13596,0.18254165321664176
13597,0.38666013235220914
13598,0.1349716686723361
13599,-0.916757444161773
13600,-1.050818309695726
13601,-1.129525011396305
13602,1.0007453873787036
13603,0.2690325342062889
13604,2.5325075387934524
13605,-0.4479768691978856
13606,0.5475331709929527
13607,-0.3701350763072033
13608,-1.1001181118598249
13609,0.09432095460720182
13610,-0.19455858789821961
13611,-0.4289488753801632
13612,-0.4713294070650904
13613,2.5325075387934524
13614,0.421256484748068
13615,0.09691568103689133
13616,2.5325075387934524
13617,-0.5768482818724598
13618,-0.08039062499188532
13619,0.26038344610732445
13620,-0.14439387692422423
13621,-0.4254892401405773
13622,-0.5569553792448411
13623,-0.5431168382864975
13624,1.2792460241653674
13625,-1.0162219572998672
13626,-0.14352896811432786
13627,2.021337783056539
13628,-0.3848385260754432
13629,-0.7558844055210294
13630,-0.8475647393700553
13631,-0.6417164426146951
13632,0.019938796956105422
13633,-0.48084340397395153
13634,-0.3865683436952362
13635,-1.3128856790943568
13636,-0.3865683436952362
13637,0.5760751617195362
13638,-0.5976060933099752
13639,-0.5163046651797067
13640,-1.083684844471792
13641,-0.43759796347912794
13642,0.045886061252999384
13643,-0.7143687826459988
13644,0.6781344012873197
13645,0.22319236728177602
13646,-0.11239225095805487
13647,-1.067251577083759
13648,0.5838593410086044
13649,0.2214625496619829
13650,0.520720997886162
13651,-1.3223996760032177
13652,-0.6131744518881116
13653,-0.5301432061380503
13654,-1.037844677547279
13655,-1.2255298892948132
13656,0.05626496697175705
13657,-0.558685196864634
13658,-0.8043192988752318
13659,1.9270627227778239
13660,-1.1805546311801969
13661,-0.5673342849635987
13662,-0.7247476883647564
13663,-0.15131314740339602
13664,2.5325075387934524
13665,1.2714618448762989
13666,-0.04233463735644056
13667,0.6219153286440491
13668,1.3795754461133578
13669,0.013884435286830022
13670,0.49390882477937126
13671,0.0917262281775123
13672,-1.0387095863571754
13673,-0.7818316698179235
13674,-0.5266835708984644
13675,-0.8830260005758107
13676,-1.0620621242243802
13677,0.4679615604824773
13678,0.5976978819669478
13679,1.3544930906263601
13680,-0.23347948434356075
13681,-0.08385026023147121
13682,-1.1321197378259944
13683,1.5975324662072687
13684,-1.3898625631751427
13685,-0.20147785837739138
13686,-0.4825732215937445
13687,-1.4158098274720368
13688,-0.044064454976233694
13689,-0.17812532051018654
13690,-0.454031230867161
13691,-0.5534957440052551
13692,1.0855064507485577
13693,-0.42202960490099145
13694,-0.08039062499188532
13695,0.41260739664910306
13696,1.7947316748636641
13697,-0.6027955461693539
13698,-1.1286601025864085
13699,2.5325075387934524
13700,-0.780966761008027
13701,-0.2845091041274525
13702,-0.6373918985652128
13703,2.5325075387934524
13704,-0.5448466559062904
13705,-0.3865683436952362
13706,-0.9418397996487706
13707,2.5325075387934524
13708,1.122697529574106
13709,0.3313059685188349
13710,-0.7731825817189588
13711,0.21973273204219015
13712,1.253298759868473
13713,-0.7524247702814435
13714,-0.1703411412211184
13715,2.3162716872312363
13716,-0.49468194493229506
13717,1.0266926516755976
13718,-0.7653984024298905
13719,0.08740168412803004
13720,-1.6623174873806301
13721,2.424385288468295
13722,-0.4211646960910951
13723,-0.19109895265863372
13724,-0.7351265940835141
13725,-0.5915517316407
13726,-0.9271363498805306
13727,1.109723897425659
13728,-1.2549367888312932
13729,0.6271047815034281
13730,-0.905513629633119
13731,0.4930439159694749
13732,1.0189084723865294
13733,0.8727388835140257
13734,0.30276397779225145
13735,0.871009065894233
13736,-0.046659181405923206
13737,0.20416437346405344
13738,-0.6391217161850058
13739,-1.2575315152609827
13740,-0.76799312885958
13741,0.5181262714564725
13742,-0.9911396018128694
13743,-0.32688963581237973
13744,-0.04752409021581958
13745,-0.45835577491664325
13746,-0.7801018521981307
13747,0.22924672895105144
13748,-0.6676637069115893
13749,-0.25683202221076556
13750,-0.9928694194326625
13751,2.5325075387934524
13752,0.8372776223082705
13753,-0.47478904230467633
13754,-0.936650346789392
13755,0.07096841673999697
13756,0.7620305558472773
13757,-0.8830260005758107
13758,-0.2378040283930432
13759,-1.1805546311801969
13760,0.812195266821273
13761,-0.6901513359688976
13762,1.156428973160068
13763,0.5233157243158515
13764,-0.7290722324142387
13765,-0.48949249207291623
13766,0.981717393560981
13767,-1.1450933699744414
13768,-0.2594267486404549
13769,1.791272039624078
13770,-1.1779599047505074
13771,-0.1703411412211184
13772,-0.062227539984059506
13773,1.425415613037871
13774,1.6070464631161299
13775,2.5324988897053538
13776,-1.2134211659562626
13777,-1.201312442617712
13778,-0.7645334936199941
13779,0.10210513389626996
13780,-0.6780426126303469
13781,0.5509928062325385
13782,1.6649953533791932
13783,-1.054277944935312
13784,-1.1753651783208179
13785,-1.080225209232206
13786,0.19724510298488168
13787,-0.8787014565263283
13788,0.3944443116412773
13789,0.37022686496417606
13790,0.2301116377609478
13791,-0.6443111690443846
13792,-0.3061318243748644
13793,0.5752102529096398
13794,-0.48343813040364103
13795,0.9306877737770894
13796,-0.16774641479142907
13797,2.510011260648046
13798,2.501362172549081
13799,-1.260126241690672
13800,-0.28883364817693497
13801,-0.03887500211685467
13802,0.15140493606036876
13803,-0.44019268990881744
13804,2.5325075387934524
13805,-0.5785780994922528
13806,1.3337352791888448
13807,1.5352590318947226
13808,-0.3831087084556503
13809,0.9869068464203601
13810,-0.3485123560597914
13811,-1.0084377780107987
13812,-0.799129846015853
13813,-0.062227539984059506
13814,-0.39002797893482205
13815,-1.2454227919224319
13816,-0.6278779016563516
13817,-0.3865683436952362
13818,-0.2966178274660031
13819,0.2024345558442607
13820,1.5499624816629627
13821,-1.1191461056775471
13822,-0.8804312741461212
13823,-1.3163453143339425
13824,2.5325075387934524
13825,0.3659023209146938
13826,2.5325075387934524
13827,-0.36927016749730673
13828,-0.9850852401435942
13829,1.53352921427493
13830,-0.6702584333412788
13831,1.5127714028374146
13832,0.2923850720734938
13833,2.3993029329812976
13834,0.3883899499720019
13835,-0.7325318676538246
13836,-0.8190227486434718
13837,-1.072441029943138
13838,0.285465801594322
13839,-1.280019144318291
13840,0.31833233637038777
13841,-1.137309190685373
13842,-0.25164256935138674
13843,-0.9020539943935331
13844,-0.8051842076851282
13845,-0.38137889083585735
13846,0.27768162230525345
13847,0.8355478046884773
13848,-0.4695995894452975
13849,-0.69447588001838
13850,-0.1296904271559843
13851,1.2290813131913718
13852,2.310217325561961
13853,-0.3952174317942009
13854,-0.7541545879012365
13855,0.7291640210712116
13856,-0.20493749361697727
13857,-0.2715354719790055
13858,0.49390882477937126
13859,-0.13401497120546657
13860,0.030317702674863084
13861,2.022202691866436
13862,1.5465028464233768
13863,-0.6858267919194153
13864,-1.5074901613210627
13865,0.08740168412803004
13866,2.5325075387934524
13867,-0.6365269897553163
13868,-0.7861562138674059
13869,-0.021576825918925232
13870,0.5328297212247127
13871,0.7490569236988306
13872,2.5325075387934524
13873,-1.1745002695109215
13874,-0.46527504539581505
13875,1.3346001879987415
13876,-1.2263947981047096
13877,0.007830073617554622
13878,0.37022686496417606
13879,-1.3881327455553496
13880,-0.8190227486434718
13881,-0.8579436450888129
13882,-0.3865683436952362
13883,1.2351356748606472
13884,-1.050818309695726
13885,-0.49468194493229506
13886,-0.19974804075759844
13887,0.9799875759411882
13888,-0.36927016749730673
13889,0.4420142961855833
13890,-0.6564198923829352
13891,-0.26980565435921255
13892,0.6703502219982516
13893,0.41260739664910306
13894,0.4203915759381712
13895,2.5325075387934524
13896,-0.4695995894452975
13897,-1.170175725461439
13898,2.5325075387934524
13899,-0.39694724941399384
13900,-1.0828199356618955
13901,-0.8553489186591235
13902,-0.19888313194770188
13903,2.5325075387934524
13904,2.1000444847571185
13905,-0.9504888877477354
13906,-0.3554316265389632
13907,-0.4618154101562291
13908,-0.3865683436952362
13909,-1.0880093885212743
13910,-0.509385394700535
13911,-0.19282877027842668
13912,-0.6598795276225211
13913,-1.0352499511175894
13914,0.023398432195691307
13915,2.162317919069664
13916,0.051075514112378026
13917,-0.2784547424581773
13918,-0.2801845600779702
13919,0.8848476068525766
13920,-1.0862795709014814
13921,0.557047167901814
13922,-1.1018479294796177
13923,-0.8095087517346107
13924,-0.8847558181956037
13925,-0.6667987981016928
13926,-0.4133805168020267
13927,0.09432095460720182
13928,-0.4479768691978856
13929,-0.10374316285909016
13930,-0.8432401953205729
13931,1.3432492760977062
13932,0.687648398196181
13933,0.027722976245173572
13934,1.693537344105777
13935,-1.0888742973311707
13936,-1.1450933699744414
13937,-0.7688580376694764
13938,4.5894328486471366e-05
13939,-0.09336425714033249
13940,-0.6027955461693539
13941,-0.992004510622766
13942,0.5458033533731595
13943,-0.5751184642526669
13944,-0.6053902725990433
13945,0.6867834893862846
13946,-0.7152336914558951
13947,-0.4661399542057116
13948,2.5325075387934524
13949,0.6720800396180446
13950,-0.8216174750731611
13951,-0.9271363498805306
13952,-0.8345911072216082
13953,1.891601461572069
13954,-0.5621448321042198
13955,-0.2689407455493162
13956,2.5325075387934524
13957,0.10037531627647721
13958,-1.0205465013493495
13959,-0.1833147733695654
13960,0.45931247238351275
13961,-0.40300161108326904
13962,-0.4756539511145727
13963,0.353793597576143
13964,-0.9928694194326625
13965,1.4911486825900024
13966,2.5325075387934524
13967,-1.152012640453613
13968,1.0742626362199037
13969,-1.1018479294796177
13970,0.09259113698740867
13971,0.05367024054206754
13972,-0.11931152143722665
13973,0.16697329463850547
13974,-0.5413870206667045
13975,-0.062227539984059506
13976,0.6106715141153951
13977,-0.8043192988752318
13978,0.4420142961855833
13979,0.6409433224617717
13980,1.3527632730065673
13981,0.21108364394322524
13982,0.029452793864966326
13983,0.741272744409762
13984,-1.186608992849472
13985,0.548398079802849
13986,1.7757036810459417
13987,0.6080767876857055
13988,-0.5396572030469116
13989,1.892466370381965
13990,-0.1703411412211184
13991,0.4247161199876539
13992,-1.227259706914606
13993,-0.6027955461693539
13994,-1.0871444797113778
13995,-0.6797724302501399
13996,1.756675687228219
13997,0.06318423745092883
13998,0.2154081879927079
13999,-0.1487184209737067
14000,-1.2705051474094298
14001,-1.0767655739926203
14002,-0.5976060933099752
14003,-0.11325715976795125
14004,0.3650374121047974
14005,2.5325075387934524
14006,-0.936650346789392
14007,0.1349716686723361
14008,1.6589409917099183
14009,-0.2940231010363138
14010,1.528339761415551
14011,0.07096841673999697
14012,-0.9695168815654577
14013,0.9367421354463645
14014,1.6061815543062332
14015,2.5325075387934524
14016,-1.2021773514276086
14017,0.9574999468838798
14018,1.9391714461163747
14019,-1.4460816358184134
14020,1.374385993253979
14021,0.8995510566208165
14022,-1.1753651783208179
14023,-0.003413740911099416
14024,0.9436614059255363
14025,-0.3865683436952362
14026,-0.7974000283960601
14027,0.7966269082431362
14028,0.2612483549172208
14029,-1.050818309695726
14030,-1.2212053452453306
14031,1.3847648989727368
14032,0.08913150174782279
14033,-0.8579436450888129
14034,0.16178384177912644
14035,0.2785465311151502
14036,0.8165198108707552
14037,0.19465037655519254
14038,0.6063469700659128
14039,0.7637603734670705
14040,-0.2784547424581773
14041,0.008694982427450999
14042,0.9012808742406092
14043,0.3434146918573853
14044,0.48525973668040673
14045,-1.0733059387530344
14046,2.5325075387934524
14047,2.5325075387934524
14048,0.8787932451833012
14049,-0.07866080737209237
14050,-0.7351265940835141
14051,-1.0698463035134484
14052,0.060589511021239315
14053,-1.081955026851999
14054,-0.36840525868741036
14055,-0.3960823406040973
14056,-0.15563769145287848
14057,-1.063791941844173
14058,1.3735210844440826
14059,-0.36062107939834204
14060,-0.02590136996840788
14061,0.07183332554989336
14062,-0.22396548743469966
14063,-0.2170462169555279
14064,-1.0421692215967613
14065,-0.7749123993387518
14066,0.7421376532196587
14067,-0.9721116079951472
14068,0.20935382632343247
14069,-0.9288661675003236
14070,-0.44019268990881744
14071,0.11507876604471715
14072,-1.286073505987566
14073,0.316602518750595
14074,-0.7645334936199941
14075,-0.3709999851170997
14076,-1.0118974132503846
14077,-1.0906041149509638
14078,0.5622366207611926
14079,2.5325075387934524
14080,-1.3215347671933215
14081,0.8199794461103411
14082,-0.5171695739896034
14083,-0.8190227486434718
14084,1.6252095481239557
14085,-1.0516832185056226
14086,0.296709616122976
14087,1.4703908711524871
14088,-0.9894097841930766
14089,-0.5249537532786714
14090,-0.8890803622450859
14091,1.1131835326652448
14092,-0.1487184209737067
14093,-0.9349205291695988
14094,-1.2705051474094298
14095,0.4645019252428914
14096,-0.46527504539581505
14097,0.17389256511767723
14098,-1.0205465013493495
14099,-0.29056346579672787
14100,0.17735220035726312
14101,2.1156128433352546
14102,0.25346417562815265
14103,-0.44019268990881744
14104,0.4022284909303454
14105,-0.040604819736647806
14106,0.6781344012873197
14107,1.4513628773347649
14108,-1.1546073668833026
14109,-0.4211646960910951
14110,-0.3398632679608267
14111,2.005769424478403
14112,-0.8553489186591235
14113,-1.1987177161880227
14114,1.0431259190636306
14115,1.20745859294396
14116,-0.11585188619764077
14117,0.113348948424924
14118,-0.36235089701813494
14119,-0.3588912617785491
14120,-0.13401497120546657
14121,0.8416021663577528
14122,-0.7109091474064129
14123,-1.447811453438206
14124,1.1754569669777908
14125,1.1010748093266944
14126,0.04329133482330987
14127,-0.3865683436952362
14128,0.02512824981548406
14129,-0.5344677501875328
14130,-0.22742512267428555
14131,-1.230719342154192
14132,0.08913150174782279
14133,2.3162716872312363
14134,-0.5197643004192927
14135,-1.0188166837295565
14136,-0.6642040716720033
14137,-0.19023404384873716
14138,-0.9868150577633871
14139,0.39530922045117367
14140,-0.49468194493229506
14141,-0.9738414256149401
14142,0.21886782323229376
14143,-0.9072434472529118
14144,-0.40127179346347613
14145,-0.6131744518881116
14146,-0.5067906682708457
14147,-0.8294016543622295
14148,-0.916757444161773
14149,-0.8959996327242576
14150,0.15399966249005828
14151,0.38925485878189825
14152,0.33995505661779946
14153,-0.9383801644091847
14154,-0.6088499078386291
14155,-0.025036461158511117
14156,-0.3908928877447184
14157,0.15572948010985102
14158,-0.10114843642940065
14159,-1.2938576852766344
14160,0.6945676686753527
14161,0.09086131936761592
14162,-0.7662633112397871
14163,-1.0923339325707564
14164,0.138431303911922
14165,0.9090650535296778
14166,-0.12882551834608774
14167,-0.10460807166898653
14168,-1.2082317130968838
14169,0.4973684600189571
14170,-0.9669221551357684
14171,-1.1252004673468226
14172,2.5325075387934524
14173,2.5325075387934524
14174,1.5560168433322379
14175,-0.7705878552892693
14176,1.1391307969621387
14177,0.8986861478109202
14178,-1.3336434905318721
14179,2.5325075387934524
14180,1.6485620859911605
14181,-0.18850422622894422
14182,-0.6988004240678622
14183,0.5423437181335737
14184,-0.8977294503440506
14185,-0.9842203313336976
14186,-1.1943931721385403
14187,2.5325075387934524
14188,-0.7783720345783377
14189,-0.3277545446222761
14190,1.4063876192201485
14191,-1.0205465013493495
14192,-1.0222763189691424
14193,-1.3215347671933215
14194,0.8199794461103411
14195,-0.09855370999971133
14196,0.15399966249005828
14197,-1.021411410159246
14198,-0.748100226231961
14199,1.8621945620355884
14200,-0.9582730670368036
14201,-0.49900648898177735
14202,-0.3995419758436832
14203,0.4878544631100962
14204,-1.052548127315519
14205,-0.0994186188096077
14206,-0.8190227486434718
14207,0.25086944919846316
14208,1.0284224692953907
14209,-0.6564198923829352
14210,-1.3985116512741074
14211,-0.2006129495674948
14212,-0.04838899902571595
14213,0.35811814162562566
14214,-0.6391217161850058
14215,-0.07001171927312766
14216,2.5325075387934524
14217,-1.1390390083051662
14218,0.5968329731570515
14219,-0.9634625198961825
14220,-1.0413043127868649
14221,1.0742626362199037
14222,-1.3673749341178343
14223,-0.8302665631721258
14224,2.5325075387934524
14225,-0.1487184209737067
14226,-0.7878860314871987
14227,0.5812646145789152
14228,-1.006707960391006
14229,-0.8216174750731611
14230,-0.11325715976795125
14231,-0.9807606960941119
14232,-0.6027955461693539
14233,-0.9712466991852509
14234,-0.45230141324736806
14235,-0.05271354307519822
14236,-1.0352499511175894
14237,-0.10114843642940065
14238,-0.705719694547034
14239,1.0673433657407319
14240,0.6764045836675269
14241,0.08480695769834053
14242,-1.2903980500370484
14243,1.7575405960381159
14244,-0.5318730237578433
14245,0.5215859066960583
14246,0.18773110607602078
14247,1.2351356748606472
14248,0.9549052204541907
14249,0.4420142961855833
14250,0.3883899499720019
14251,-0.887350544625293
14252,-0.8639980067580882
14253,0.3079534306516301
14254,0.489584280729889
14255,2.5325075387934524
14256,-0.1426640593044313
14257,-1.350076757919905
14258,-0.2231005786248031
14259,-0.10028352761950426
14260,0.4177968495084821
14261,-0.3640807146379279
14262,0.5527226238523314
14263,0.5362893564642986
14264,-0.9409748908388742
14265,0.47228610453195957
14266,2.111288299285772
14267,-0.49468194493229506
14268,-0.5612799232943233
14269,0.579534796959122
14270,1.2351356748606472
14271,0.28373598397452887
14272,0.571750617670054
14273,-1.1511477316437166
14274,-0.22396548743469966
14275,0.7032167567743173
14276,-0.5033310330312598
14277,-0.9721116079951472
14278,0.3434146918573853
14279,0.10124022508637359
14280,-1.410620374612658
14281,-0.5924166404505963
14282,-0.9452994348883564
14283,0.007830073617554622
14284,-0.33207908867175856
14285,-0.5630097409141163
14286,-0.024171552348614744
14287,-0.6546900747631422
14288,1.943495990165857
14289,-1.0862795709014814
14290,2.5325075387934524
14291,-0.6373918985652128
14292,-0.8743769124768459
14293,0.9090650535296778
14294,0.3339006949485244
14295,0.2880605280240111
14296,-0.6131744518881116
14297,-0.8821610917659141
14298,1.6675900798088827
14299,0.3442796006672821
14300,-0.9392450732190812
14301,-0.3424579943905162
14302,-0.378784164406168
14303,-1.0352499511175894
14304,-1.188338810469265
14305,0.7672200087066564
14306,0.3511988711464539
14307,-0.9427047084586672
14308,-1.109632108768686
14309,-0.26807583673941965
14310,-0.37272980273689266
14311,-0.2170462169555279
14312,2.0749621292701206
14313,0.01734407052641591
14314,-0.5820377347318386
14315,-0.9937343282425589
14316,-1.1597968197426816
14317,1.6156955512150946
14318,-0.435868145859335
14319,-1.1269302849666154
14320,-0.8536191010393306
14321,0.2621132637271172
14322,2.5325075387934524
14323,0.5215859066960583
14324,0.5475331709929527
14325,-0.7368564117033071
14326,0.051940422922274784
14327,-0.3796490732160644
14328,0.038966790773827614
14329,-0.6598795276225211
14330,0.43250029927672207
14331,1.7108355203037062
14332,2.0317166887752975
14333,1.3086529237018472
14334,-0.3009423715154856
14335,-1.188338810469265
14336,-0.14698860335391375
14337,2.4200607444188127
14338,-0.6365269897553163
14339,0.9808524847510847
14340,-0.5361975678073257
14341,-0.07952571618198895
14342,0.051940422922274784
14343,-0.8363209248414012
14344,1.4513628773347649
14345,2.023067600676332
14346,0.5224508155059551
14347,-0.19369367908832305
14348,0.7110009360633858
14349,0.1254576717634748
14350,-0.7109091474064129
14351,2.5325075387934524
14352,-0.7385862293230999
14353,0.2768167134953571
14354,0.07096841673999697
14355,-1.309426043854771
14356,1.2351356748606472
14357,2.5325075387934524
14358,-0.3364036327212408
14359,1.330275643949259
14360,-0.9677870639456649
14361,-0.43327341942964565
14362,1.1832411462668588
14363,-0.24818293411180087
14364,0.051075514112378026
14365,-1.1070373823389965
14366,-0.8224823838830576
14367,-1.1009830206697213
14368,0.012154617667036885
14369,-0.8631330979481917
14370,0.5864540674382939
14371,-0.8190227486434718
14372,-0.8164280222137824
14373,-0.8190227486434718
14374,1.4513628773347649
14375,-0.6737180685808647
14376,1.9530099870747184
14377,2.3387593162885443
14378,-0.3052669155649678
14379,-0.46700486301560795
14380,-0.1729358676508077
14381,2.5325075387934524
14382,0.06491405507072158
14383,-0.3614859882082386
14384,-0.024171552348614744
14385,0.138431303911922
14386,-0.29229328341652083
14387,0.9739332142719129
14388,0.9220386856781245
14389,-1.4460816358184134
14390,-0.349377264869688
14391,-1.3085611350448743
14392,0.2880605280240111
14393,1.1728622405481013
14394,-0.19715331432790892
14395,-0.7904807579168883
14396,-1.2212053452453306
14397,1.3527632730065673
14398,1.8405718417881771
14399,2.5325075387934524
14400,-0.27067056316910915
14401,0.9315526825869859
14402,0.3607128680553148
14403,0.5864540674382939
14404,0.6599713162794939
14405,-0.4730592246848834
14406,-0.1919638614685301
14407,-0.07866080737209237
14408,0.2716272606359785
14409,0.44114938737568654
14410,-0.39694724941399384
14411,0.045886061252999384
14412,2.5325075387934524
14413,-0.16255696193205024
14414,-0.7437756821824788
14415,0.11507876604471715
14416,-0.44278741633850677
14417,-0.9271363498805306
14418,-1.0663866682738625
14419,-1.0084377780107987
14420,-0.40646124632285496
14421,0.43250029927672207
14422,-0.44019268990881744
14423,-0.9011890855836365
14424,-1.0594673977946907
14425,-1.3102909526646673
14426,1.955604713504408
14427,-0.15909732669246435
14428,-0.22223566981490672
14429,1.5309344878452404
14430,-0.5033310330312598
14431,-0.00773828496058168
14432,-1.3068313174250816
14433,-0.4730592246848834
14434,-0.43154360180985274
14435,-0.11325715976795125
14436,-0.9660572463258718
14437,0.4904491895397854
14438,2.5324988897053538
14439,1.0829117243188682
14440,2.5325075387934524
14441,-0.7074495121668269
14442,0.6573765898498044
14443,-0.7195582355053776
14444,-0.10374316285909016
14445,1.4781750504415556
14446,0.10037531627647721
14447,-0.10893261571846899
14448,-1.0871444797113778
14449,0.06491405507072158
14450,0.9938261168995318
14451,-0.872647094857053
14452,1.9452258077856497
14453,0.09432095460720182
14454,-0.8190227486434718
14455,0.1280523981931643
14456,-0.6123095430782151
14457,-0.34764744724989505
14458,-0.5067906682708457
14459,0.08653677531813367
14460,1.4444436068555933
14461,-0.43327341942964565
14462,1.0733977274100073
14463,-0.4324085106197491
14464,-0.7109091474064129
14465,0.2361659994302232
14466,-0.10374316285909016
14467,0.5535875326622282
14468,-0.6226884487969727
14469,-0.30440200675507145
14470,-0.5483062911458764
14471,-0.9703817903753542
14472,-0.7117740562163092
14473,0.5769400705294325
14474,-0.3865683436952362
14475,2.5325075387934524
14476,0.2456799963390841
14477,-0.06309244879395588
14478,0.7187851153524539
14479,2.5325075387934524
14480,0.8026812699124116
14481,2.5325075387934524
14482,1.9348469020668926
14483,-0.7861562138674059
14484,0.14189093915150786
14485,1.1849709638866521
14486,-1.0093026868206953
14487,-0.9868150577633871
14488,-0.9530836141774248
14489,0.5025579128783362
14490,0.39790394688086317
14491,-0.24212857244252547
14492,-0.04838899902571595
14493,-0.8415103777007801
14494,-0.15477278264298192
14495,0.37022686496417606
14496,0.8104654492014798
14497,-0.9556783406071141
14498,-1.2212053452453306
14499,2.5325075387934524
14500,-1.2065018954770907
14501,-1.2878033236073592
14502,0.3442796006672821
14503,0.5691558912403644
14504,-0.777507125768441
14505,-1.0326552246879
14506,-1.1961229897583332
14507,-0.4635452277760221
14508,-0.26980565435921255
14509,-1.0914690237608602
14510,-0.4350032370494386
14511,-1.4114852834225546
14512,0.025993158625380437
14513,-0.8735120036669494
14514,2.5325075387934524
14515,0.06145441983113569
14516,0.11248403961502763
14517,-0.6538251659532457
14518,1.7091057026839134
14519,-1.2436929743026393
14520,-0.2101269464763561
14521,-1.0188166837295565
14522,1.0673433657407319
14523,0.16956802106819457
14524,-0.85621382746902
14525,0.10556476913585586
14526,1.6148306424051981
14527,-0.5759833730625634
14528,1.3951438046914943
14529,2.3880591184526434
14530,-0.11585188619764077
14531,-0.5102503035104315
14532,0.37974086187303735
14533,-1.0240061365889355
14534,-1.081955026851999
14535,1.0189084723865294
14536,-0.1392044240648454
14537,-0.852754192229434
14538,-0.696205697638173
14539,-0.5811728259219423
14540,0.6124013317351878
14541,-0.2066673112367702
14542,-1.216015892385952
14543,0.29152016326359703
14544,1.6364533626526099
14545,1.6156955512150946
14546,-0.5967411845000787
14547,0.5864540674382939
14548,0.5553173502820209
14549,-0.6027955461693539
14550,-0.45835577491664325
14551,2.5325075387934524
14552,-0.2810494688878666
14553,-0.391757796554615
14554,-0.4730592246848834
14555,-1.343157487440733
14556,-0.19369367908832305
14557,0.6651607691388729
14558,1.0163137459568399
14559,-0.3364036327212408
14560,0.17648729154736637
14561,-1.2281246157245025
14562,-0.7420458645626858
14563,-0.8622681891382954
14564,-0.1763955028903936
14565,-0.0656871752236454
14566,1.2351356748606472
14567,1.1988095048449956
14568,0.180811835596849
14569,-0.41511033442181966
14570,-0.23693911958314665
14571,-0.7368564117033071
14572,0.4152021230787926
14573,-0.00773828496058168
14574,2.5325075387934524
14575,-0.37272980273689266
14576,-0.35370180891917025
14577,-0.5543606528151516
14578,-0.9617327022763895
14579,-0.5396572030469116
14580,-1.2661806033599472
14581,-0.35456671772906684
14582,0.6400784136518749
14583,-0.5941464580703892
14584,1.1382658881522423
14585,-0.29748273627589966
14586,-0.4133805168020267
14587,-0.3995419758436832
14588,-0.3701350763072033
14589,-0.9089732648727048
14590,-0.25423729578107607
14591,2.5325075387934524
14592,0.23097654657084418
14593,-0.48170831278384807
14594,-1.2220702540552273
14595,0.4420142961855833
14596,-0.38397361726554685
14597,-0.674582977390761
14598,-0.6322024457058341
14599,2.5325075387934524
14600,1.9824168866111982
14601,-0.9608677934664931
14602,-1.4530009062975853
14603,2.5325075387934524
14604,-1.2255298892948132
14605,0.1661083858286087
14606,-0.37445962035668556
14607,0.20070473822446758
14608,0.5233157243158515
14609,-1.3569960283990767
14610,-0.9712466991852509
14611,-0.3026721891352785
14612,-0.8579436450888129
14613,-0.5621448321042198
14614,-0.5483062911458764
14615,-1.1399039171150624
14616,-0.5612799232943233
14617,-0.31305109485403615
14618,-0.40127179346347613
14619,0.013019526476933645
14620,2.1735617335983184
14621,-1.093198841380653
14622,0.4973684600189571
14623,0.6409433224617717
14624,-1.093198841380653
14625,0.12718748938326754
14626,1.4435786980456968
14627,-0.7273424147944457
14628,0.17648729154736637
14629,-0.9807606960941119
14630,-0.34764744724989505
14631,-0.2784547424581773
14632,-0.07606608094240305
14633,-0.0656871752236454
14634,-0.1798551381299795
14635,1.4513628773347649
14636,1.370061449204497
14637,-1.0516832185056226
14638,0.2889254368339079
14639,2.5325075387934524
14640,-0.5292782973281539
14641,-0.7074495121668269
14642,1.5646659314312026
14643,0.41433721426889625
14644,0.9618244909333624
14645,-1.3639152988782486
14646,-0.8371858336512976
14647,0.18513637964633126
14648,-0.3580263529686527
14649,-0.3052669155649678
14650,-0.7628036760002012
14651,-0.41770506085150916
14652,0.0009108031383828472
14653,0.4394195697558938
14654,-0.6642040716720033
14655,-0.7325318676538246
14656,-1.1822844487999895
14657,-0.6823671566798294
14658,0.1816767444067454
14659,-0.23953384601283614
14660,2.5325075387934524
14661,2.5325075387934524
14662,0.045886061252999384
14663,0.2621132637271172
14664,-0.6071200902188363
14665,-0.9504888877477354
14666,0.7698147351363459
14667,-0.2689407455493162
14668,-0.3986770670337868
14669,-0.4713294070650904
14670,0.9912313904698423
14671,-1.1658511814119568
14672,-1.0395744951670718
14673,-0.9928694194326625
14674,-0.964327428706079
14675,-0.04752409021581958
14676,2.5325075387934524
14677,0.08826659293792641
14678,-1.1355793730655803
14679,-0.274130198408695
14680,-0.454031230867161
14681,0.37455140901365835
14682,0.1937854677452958
14683,2.5325075387934524
14684,-0.6936109712084835
14685,-1.0352499511175894
14686,1.1183729855246238
14687,0.8684143394645435
14688,-1.158931910932785
14689,-0.6572848011928316
14690,-0.3986770670337868
14691,-0.5768482818724598
14692,0.5146666362168866
14693,-0.10720279809867604
14694,-0.20234276718728778
14695,-0.4185699696614055
14696,1.1590236995897576
14697,-0.810373660544507
14698,-1.1597968197426816
14699,-1.0110325044404884
14700,-0.7273424147944457
14701,-0.6607444364324175
14702,-1.0170868661097636
14703,-0.40559633751295854
14704,-0.905513629633119
14705,-0.09336425714033249
14706,1.5101766764077251
14707,-0.2784547424581773
14708,-0.7930754843465776
14709,-0.1461236945440172
14710,1.8189491215407652
14711,-0.08212044261167827
14712,-0.004278649720995792
14713,0.048480787682688896
14714,-0.872647094857053
14715,0.20935382632343247
14716,-0.692746062398587
14717,-0.49468194493229506
14718,0.353793597576143
14719,-0.9894097841930766
14720,0.2993043425526656
14721,-0.48862758326301986
14722,-1.451271088677792
14723,-0.1763955028903936
14724,-1.0395744951670718
14725,0.44028447856579017
14726,-1.3396978522011473
14727,-0.49554685374219143
14728,-1.3033716821854957
14729,-0.3528369001092739
14730,-0.380513982025961
14731,-1.386402927935557
14732,-0.8190227486434718
14733,1.8838172822830006
14734,-0.2231005786248031
14735,1.8838172822830006
14736,0.7239745682118326
14737,-1.2774244178886014
14738,-0.5249537532786714
14739,0.735218382740487
14740,-1.2696402385995331
14741,-0.1703411412211184
14742,-0.04319954616633732
14743,0.36157777686521153
14744,2.5325075387934524
14745,2.5325075387934524
14746,-0.2499127517315938
14747,-0.22396548743469966
14748,0.896956330191127
14749,-0.4116506991822338
14750,1.4946083178295884
14751,-0.19715331432790892
14752,-0.3424579943905162
14753,1.0941555388475226
14754,2.5117410782678387
14755,-0.07520117213250649
14756,-0.9003241767737401
14757,-0.8190227486434718
14758,-1.3379680345813545
14759,0.2984394337427688
14760,-0.5777131906823564
14761,-0.7074495121668269
14762,1.2351356748606472
14763,0.4887193719199926
14764,-0.16601659717163614
14765,0.1626487505890228
14766,0.416067031888689
14767,-0.6373918985652128
14768,-1.0663866682738625
14769,-0.8458349217502623
14770,0.08221223126865101
14771,-0.11585188619764077
14772,-0.36840525868741036
14773,-0.8501594657997448
14774,-0.5137099387500175
14775,-0.33207908867175856
14776,-1.1580670021228883
14777,-1.0084377780107987
14778,-0.4687346806354009
14779,-0.5543606528151516
14780,-0.6797724302501399
14781,-0.10460807166898653
14782,-1.2990471381360134
14783,-1.343157487440733
14784,0.6746747660477338
14785,-0.3087265508045537
14786,-1.0395744951670718
14787,-0.48603285683333036
14788,-0.5336028413776363
14789,0.35206377995635024
14790,-0.9349205291695988
14791,-0.5664693761537022
14792,-1.0499534008858296
14793,-0.9107030824924978
14794,-0.5431168382864975
14795,-0.9755712432347331
14796,-1.1623915461723708
14797,-0.044064454976233694
14798,-0.4384628722890245
14799,0.6409433224617717
14800,-0.6002008197396647
14801,-0.5794430083021493
14802,-1.1139566528181684
14803,1.370061449204497
14804,-0.6581497100027281
14805,-0.5924166404505963
14806,-0.722152961935067
14807,-0.8769716389065353
14808,-0.9747063344248367
14809,-0.9271363498805306
14810,0.2742219870656676
14811,-0.1703411412211184
14812,0.7559761941780023
14813,-0.6512304395235564
14814,1.1252922560037955
14815,2.5325075387934524
14816,0.004370438377968735
14817,-0.8553489186591235
14818,-1.1788248135604036
14819,-0.12882551834608774
14820,-0.9193521705914625
14821,-0.7558844055210294
14822,0.7231096594019362
14823,-0.9842203313336976
14824,2.471955273012601
14825,-1.0369797687373825
14826,-0.42462433133068095
14827,-0.6296077192761445
14828,0.6798642189071128
14829,-0.4661399542057116
14830,0.7758690968056209
14831,1.2264865867616828
14832,0.0856718665082369
14833,2.118207569764944
14834,0.8277636253994092
14835,-0.25683202221076556
14836,1.9521450782648215
14837,-0.8043192988752318
14838,-0.011197920200167567
14839,-0.14785351216381012
14840,-0.7619387671903046
14841,1.0578293688318705
14842,0.2396256346698091
14843,-0.32256509176289727
14844,-0.5967411845000787
14845,-1.1364442818754767
14846,-0.35975617058844567
14847,-0.21185676409614904
14848,1.1529693379204822
14849,1.2835705682148497
14850,-1.1952580809484368
14851,-0.38397361726554685
14852,2.1000444847571185
14853,-0.4618154101562291
14854,-0.9565432494170107
14855,0.7490569236988306
14856,0.3806057706829337
14857,2.5325075387934524
14858,0.021668614575898172
14859,-0.00773828496058168
14860,-0.3649456234478245
14861,-0.7584791319507187
14862,-0.28883364817693497
14863,-0.13228515358567364
14864,0.08134732245875465
14865,0.2024345558442607
14866,0.6063469700659128
14867,-1.2748296914589121
14868,-1.2808840531281873
14869,-1.0828199356618955
14870,-0.9807606960941119
14871,-0.8423752865106764
14872,-1.1001181118598249
14873,0.12026821890409578
14874,-1.0170868661097636
14875,-0.8190227486434718
14876,-0.13747460644505247
14877,2.5325075387934524
14878,0.34946905352666074
14879,-0.8674576419976742
14880,1.3216265558502944
14881,-0.4142454256119233
14882,-0.7368564117033071
14883,0.18686619726612402
14884,-0.00773828496058168
14885,-0.48343813040364103
14886,-0.25510220459097266
14887,-0.7861562138674059
14888,-0.9487590701279424
14889,-0.08039062499188532
14890,-0.7844263962476129
14891,-0.43154360180985274
14892,-0.6027955461693539
14893,0.1963801941749853
14894,-0.2845091041274525
14895,-1.168445907841646
14896,0.09432095460720182
14897,-1.0983882942400318
14898,-0.6019306373594576
14899,0.285465801594322
14900,2.5325075387934524
14901,1.0733977274100073
14902,2.313676960801547
14903,0.49131409834968215
14904,0.4394195697558938
14905,2.5325075387934524
14906,0.30016925136256195
14907,-0.23261457553366438
14908,-0.41770506085150916
14909,-0.18936913503884079
14910,1.3164371029909154
14911,-0.9556783406071141
14912,0.6764045836675269
14913,-0.32688963581237973
14914,-0.7705878552892693
14915,-0.41511033442181966
14916,-0.9989237811019377
14917,-0.8276718367424365
14918,-0.2784547424581773
14919,-0.2075322200466666
14920,1.1832411462668588
14921,1.8570051091762103
14922,0.06577896388061834
14923,-0.31737563890351844
14924,-1.2592613328807756
14925,2.262647341017655
14926,2.5325075387934524
14927,-0.1729358676508077
14928,2.5325075387934524
14929,-0.4782486775442622
14930,-0.11844661262733008
14931,-0.3614859882082386
14932,-0.7697229464793729
14933,-0.43154360180985274
14934,-0.7325318676538246
14935,1.434929609946732
14936,-0.18850422622894422
14937,0.09864549865668408
14938,-1.013627230870178
14939,1.2930845651237108
14940,-0.2940231010363138
14941,0.6573765898498044
14942,-0.676312795010554
14943,-0.2879687393670384
14944,-0.1703411412211184
14945,-0.6027955461693539
14946,2.5325075387934524
14947,2.5325075387934524
14948,1.2870302034544354
14949,1.098480082897005
14950,-0.7109091474064129
14951,-1.068981394703552
14952,-0.034550458067372405
14953,-0.6460409866641775
14954,-0.7420458645626858
14955,1.2351356748606472
14956,-1.3146154967141497
14957,-1.0421692215967613
14958,0.4420142961855833
14959,-0.23693911958314665
14960,1.7142951555432924
14961,0.7741392791858281
14962,0.23530109062032645
14963,-1.0352499511175894
14964,1.5534221169025484
14965,-0.15217805621329258
14966,-0.7429107733725823
14967,2.5325075387934524
14968,-0.38137889083585735
14969,0.9185790504385387
14970,-1.4677043560658252
14971,-1.0093026868206953
14972,0.6867834893862846
14973,1.634723545032817
14974,2.5325075387934524
14975,-0.6131744518881116
14976,0.2084889175135361
14977,1.2005393224647882
14978,0.9056054182900919
14979,1.689212800056295
14980,-1.0032483251514202
14981,-0.6624742540522104
14982,1.3648719963451177
14983,-0.7472353174220647
14984,-0.7861562138674059
14985,1.2169725898528214
14986,-1.1070373823389965
14987,2.5325075387934524
14988,-1.1796897223703002
14989,0.37022686496417606
14990,0.5864540674382939
14991,-0.16601659717163614
14992,-0.26115656626024786
14993,1.148644793871
14994,-1.129525011396305
14995,-0.5647395585339092
14996,-0.1331500623955702
14997,-0.7135038738361021
14998,2.5325075387934524
14999,-0.7247476883647564
15000,1.0690731833605247
15001,-0.3519719912993773
15002,-0.31045636842434665
15003,-0.6797724302501399
15004,-0.4557610484869539
15005,1.6139657335953017
15006,-1.1693108166515427
15007,-0.062227539984059506
15008,-0.6520953483334527
15009,1.2688671184466096
15010,-1.0629270330342766
15011,1.0846415419386612
15012,-0.6322024457058341
15013,1.4375243363764214
15014,-1.1788248135604036
15015,-1.2082317130968838
15016,-0.6123095430782151
15017,-1.2679104209797405
15018,0.07356314316968648
15019,0.20329946465415707
15020,-0.7714527640991659
15021,0.46104229000330554
15022,2.5325075387934524
15023,0.2024345558442607
15024,-0.4254892401405773
15025,-0.8769716389065353
15026,-0.9141627177320837
15027,-0.5240888444687751
15028,0.6850536717664915
15029,1.1002099005167976
15030,0.47315101334185633
15031,-0.3009423715154856
15032,0.4342301168965148
15033,-0.6209586311771798
15034,-0.2533723869711797
15035,-0.903783812013326
15036,0.9410666794958471
15037,-0.9937343282425589
15038,0.08740168412803004
15039,1.1019397181365906
15040,0.5864540674382939
15041,-0.6053902725990433
15042,-0.3156458212837255
15043,0.19205565012550305
15044,0.06923859912020422
15045,-0.7783720345783377
15046,-1.1139566528181684
15047,-0.5336028413776363
15048,-0.4073261551327515
15049,-0.3908928877447184
15050,1.0007453873787036
15051,-0.41597524323171625
15052,2.5325075387934524
15053,0.9211737768682282
15054,-0.718693326695481
15055,0.07702277840927238
15056,-0.32602472700248314
15057,-1.2099615307166767
15058,-0.44538214276819627
15059,-1.4054309217532792
15060,1.0119892019073577
15061,0.7066763920139032
15062,0.13064712462285344
15063,-0.9747063344248367
15064,-0.9712466991852509
15065,-1.054277944935312
15066,-0.3865683436952362
15067,-0.3640807146379279
15068,-0.2749951072185914
15069,-1.2177457100057447
15070,-0.5483062911458764
15071,0.6971623951050423
15072,-0.9824905137139048
15073,0.2984394337427688
15074,-0.19542349670811598
15075,0.9912313904698423
15076,-1.315480405524046
15077,-0.705719694547034
15078,0.9047405094801951
15079,-0.5483062911458764
15080,-1.2679104209797405
15081,-0.9357854379794953
15082,1.428875248277457
15083,0.7343534739305903
15084,-0.9271363498805306
15085,0.5293700859851269
15086,-0.49468194493229506
15087,-0.8276718367424365
15088,0.29584470731307966
15089,-0.8648629155679847
15090,0.211948552753122
15091,-1.2125562571463662
15092,-0.9738414256149401
15093,-0.5457115647161869
15094,-0.9859501489534908
15095,0.15399966249005828
15096,-0.8406454688908834
15097,-0.7948053019663706
15098,0.2058941910838466
15099,-0.36062107939834204
15100,-0.6045253637891469
15101,-1.0352499511175894
15102,-0.08903971309085004
15103,-0.6884215183491046
15104,-1.0906041149509638
15105,0.3105481570813196
15106,-0.20580240242687364
15107,-0.6702584333412788
15108,-0.5353326589974292
15109,-0.3156458212837255
15110,-1.2151509835760554
15111,-0.9046487208232223
15112,-0.3364036327212408
15113,-0.5664693761537022
15114,-0.5647395585339092
15115,1.1053993533761766
15116,-0.9470292525081496
15117,0.4809351926309245
15118,1.7177547907828778
15119,0.14362075677130062
15120,-0.19109895265863372
15121,-1.0266008630186247
15122,-0.5318730237578433
15123,-0.9383801644091847
15124,-1.2082317130968838
15125,-0.7749123993387518
15126,-1.210826439526573
15127,1.471255779962384
15128,2.5325075387934524
15129,0.5622366207611926
15130,-1.1917984457088509
15131,-0.02590136996840788
15132,-1.0023834163415235
15133,-1.1122268351983755
15134,1.06042409526156
15135,-0.31305109485403615
15136,1.8405718417881771
15137,-0.19628840551801255
15138,-1.1269302849666154
15139,-0.4877626744531233
15140,-0.22396548743469966
15141,-0.36754034987751383
15142,-0.18850422622894422
15143,-0.6347971721355233
15144,2.5325075387934524
15145,-1.1606617285525778
15146,0.21973273204219015
15147,-0.5413870206667045
15148,-0.2507776605414902
15149,-0.2620214750701444
15150,-0.8441051041304694
15151,-0.9660572463258718
15152,-0.1703411412211184
15153,2.005769424478403
15154,-1.291262958846945
15155,0.6392135048419786
15156,-0.6027955461693539
15157,-0.9340556203597025
15158,-1.2134211659562626
15159,2.5325075387934524
15160,0.1349716686723361
15161,-0.28537401293734904
15162,-0.28883364817693497
15163,0.2707623518260817
15164,0.4134723054589995
15165,-0.6296077192761445
15166,1.0509100983526989
15167,0.7317587475009011
15168,-0.825077110312747
15169,-0.7411809557527893
15170,0.3442796006672821
15171,-0.08125553380178188
15172,0.8640897954150613
15173,0.3927144940214841
15174,-0.29229328341652083
15175,-1.0231412277790388
15176,-0.2170462169555279
15177,-0.300077462705589
15178,2.5325075387934524
15179,0.1937854677452958
15180,0.4532581107142374
15181,-0.32256509176289727
15182,0.5267753595554374
15183,0.5596418943315031
15184,-1.170175725461439
15185,-0.1296904271559843
15186,-0.5361975678073257
15187,2.5325075387934524
15188,-0.23953384601283614
15189,-0.5085204858906386
15190,0.31833233637038777
15191,-0.09336425714033249
15192,-0.5379273854271187
15193,-0.3865683436952362
15194,0.42212139355796435
15195,0.4039583085501386
15196,-0.7074495121668269
15197,2.5325075387934524
15198,0.3105481570813196
15199,1.471255779962384
15200,0.9808524847510847
15201,-0.7939403931564741
15202,0.34514450947717845
15203,0.032912429104552214
15204,0.12632258057337117
15205,-0.6953407888282763
15206,1.2247567691418895
15207,-0.7896158491069917
15208,-0.9798957872842153
15209,-0.7377213205132034
15210,0.1315120334327502
15211,0.26038344610732445
15212,-1.0352499511175894
15213,-0.18417968217946196
15214,0.1687031122582982
15215,-0.6322024457058341
15216,-0.8363209248414012
15217,-1.0741708475629306
15218,-1.0240061365889355
15219,-1.3120207702844602
15220,0.11680858366450989
15221,0.11161913080513125
15222,1.921008361108549
15223,-0.8484296481799518
15224,-0.8665927331877776
15225,-0.41597524323171625
15226,-0.43673305466923157
15227,-0.9807606960941119
15228,0.7715445527561386
15229,-1.3985116512741074
15230,-1.3448873050605263
15231,-0.391757796554615
15232,-0.4825732215937445
15233,0.1652434770187123
15234,-1.3163453143339425
15235,-0.5188993916093962
15236,-0.6572848011928316
15237,-0.23953384601283614
15238,1.649426994801057
15239,2.1000444847571185
15240,1.5101766764077251
15241,-0.28537401293734904
15242,-0.5552255616250481
15243,0.3321708773287313
15244,0.6521871369904257
15245,-0.810373660544507
15246,1.2204322250924073
15247,2.5325075387934524
15248,-1.2082317130968838
15249,0.11075422199523488
15250,-1.4374325477194487
15251,2.5325075387934524
15252,-0.4436523251484033
15253,2.5325075387934524
15254,1.425415613037871
15255,0.06491405507072158
15256,-0.2646162014998337
15257,1.7065109762542239
15258,0.2084889175135361
15259,0.15140493606036876
15260,-0.6218235399870764
15261,-0.9314608939300129
15262,0.35898305043552203
15263,-0.32256509176289727
15264,-0.050118816645509094
15265,-0.3865683436952362
15266,-0.5310081149479469
15267,-1.1892037192791614
15268,-1.199582624997919
15269,-0.9755712432347331
15270,-1.0084377780107987
15271,-1.3881327455553496
15272,0.9566350380739834
15273,-0.1703411412211184
15274,-0.17553059408049723
15275,-0.43327341942964565
15276,-0.9184872617815659
15277,-1.1355793730655803
15278,1.6390480890822994
15279,0.20935382632343247
15280,0.9626893997432588
15281,0.5423437181335737
15282,-1.2661806033599472
15283,-0.15217805621329258
15284,0.13670148629212883
15285,0.6582414986597012
15286,0.7066763920139032
15287,-0.47651885992446924
15288,-0.7212880531251705
15289,0.6098066053054987
15290,-0.8406454688908834
15291,1.1157782590949343
15292,-0.6105797254584221
15293,-0.7878860314871987
15294,-1.1494179140239238
15295,-0.720423144315274
15296,-0.00773828496058168
15297,2.5325075387934524
15298,-0.04146972854654418
15299,-1.0369797687373825
15300,-0.5284133885182574
15301,-0.6027955461693539
15302,-0.046659181405923206
15303,-0.8138332957840929
15304,2.5325075387934524
15305,-1.0231412277790388
15306,-0.9894097841930766
15307,-0.615769178317801
15308,-0.2507776605414902
15309,-0.2231005786248031
15310,-1.0923339325707564
15311,0.4861246454903031
15312,1.42801033946756
15313,-0.9582730670368036
15314,-1.0404394039769684
15315,-0.5759833730625634
15316,-0.5509010175755656
15317,-1.2791542355083945
15318,-1.0810901180421024
15319,-0.2749951072185914
15320,-0.9271363498805306
15321,0.5276402683653337
15322,-0.4574908661067469
15323,-1.137309190685373
15324,-1.1217408321072366
15325,-0.964327428706079
15326,-0.9824905137139048
15327,0.8320881694488915
15328,-1.204772077857298
15329,0.8623599777952681
15330,-0.12017643024712303
15331,0.9298228649671927
15332,-0.3121861860441396
15333,0.37022686496417606
15334,-0.5431168382864975
15335,-1.1355793730655803
15336,-0.6685286157214858
15337,1.2351356748606472
15338,-0.4877626744531233
15339,1.6675900798088827
15340,-0.45835577491664325
15341,2.5325075387934524
15342,1.0085295666677718
15343,-0.1703411412211184
15344,-1.0352499511175894
15345,2.5325075387934524
15346,0.31833233637038777
15347,0.14535057439109375
15348,-0.810373660544507
15349,0.8433319839775459
15350,-0.2499127517315938
15351,0.026858067435277196
15352,0.1289173070030607
15353,-1.3033716821854957
15354,-0.17726041170029017
15355,-0.3865683436952362
15356,-1.559384689914851
15357,0.3339006949485244
15358,-0.03022591401789014
15359,2.5325075387934524
15360,-0.12363606548670891
15361,-1.0352499511175894
15362,1.0906959036079367
15363,0.44028447856579017
15364,0.5864540674382939
15365,-0.10201334523929721
15366,0.5639664383809858
15367,0.15918911534943692
15368,0.10037531627647721
15369,1.2351356748606472
15370,0.9237685032979177
15371,-1.0482235832660367
15372,-0.6339322633256269
15373,1.0258277428657012
15374,-0.4626803189661257
15375,0.1289173070030607
15376,0.1522698448702655
15377,2.5325075387934524
15378,0.4342301168965148
15379,-0.09855370999971133
15380,-0.18504459098935833
15381,-0.8959996327242576
15382,0.19119074131560668
15383,2.5325075387934524
15384,-1.3595907548287662
15385,-1.1926633545187473
15386,-0.9608677934664931
15387,-0.8908101798648789
15388,-0.4557610484869539
15389,-0.31910545652331135
15390,1.7212144260224642
15391,-1.276559509078705
15392,1.0906959036079367
15393,-0.23174966672376782
15394,-0.933190711549806
15395,-0.5803079171120457
15396,2.5325075387934524
15397,-0.28364419531755614
15398,-0.6590146188126246
15399,0.4039583085501386
15400,-0.4280839665702668
15401,-0.42375942252078436
15402,-0.19974804075759844
15403,0.37022686496417606
15404,-0.6045253637891469
15405,-0.1703411412211184
15406,-0.1115273421481583
15407,-0.6858267919194153
15408,-0.6226884487969727
15409,0.29324998088339016
15410,1.0785871802693858
15411,0.3970390380709668
15412,-0.36235089701813494
15413,-0.9539485229873214
15414,-0.380513982025961
15415,0.42385121117775715
15416,0.12113312771399254
15417,-0.6027955461693539
15418,-0.40127179346347613
15419,-0.3208352741431043
15420,0.563101529571089
15421,-0.32861945343217264
15422,-0.8095087517346107
15423,-0.36581053225772087
15424,-1.0741708475629306
15425,0.10815949556554537
15426,-0.15563769145287848
15427,-0.8458349217502623
15428,2.5325075387934524
15429,-0.2784547424581773
15430,-1.013627230870178
15431,-1.281748961938084
15432,-0.5517659263854622
15433,2.35692240129637
15434,-1.294722594086531
15435,0.3010341601724583
15436,-0.9703817903753542
15437,2.5325075387934524
15438,-0.07001171927312766
15439,1.3804403549232545
15440,-1.1563371845030956
15441,2.174426642408215
15442,0.05280533173217116
15443,1.4513628773347649
15444,-0.2914283746066243
15445,-0.4704644982551939
15446,0.32179197160997364
15447,-0.12623079191639844
15448,-0.3588912617785491
15449,-1.456460541537171
15450,-0.6287428104662481
15451,0.9981506609490141
15452,2.3707609422547136
15453,-0.4168401520416126
15454,0.2664378077765994
15455,0.41952666712827485
15456,-1.013627230870178
15457,-0.5258186620885681
15458,-0.14439387692422423
15459,2.5325075387934524
15460,-0.14352896811432786
15461,0.3529286887662466
15462,-0.4548961396770574
15463,-1.0317903158780037
15464,-1.1641213637921637
15465,-1.315480405524046
15466,-0.010333011390271192
15467,-1.2298544333442956
15468,0.6132662405450846
15469,-0.5742535554427705
15470,0.32698142446935263
15471,-0.2040725848070807
15472,1.1737271493579975
15473,-1.0352499511175894
15474,-0.2801845600779702
15475,-0.5483062911458764
15476,-0.3735947115467892
15477,0.24308526990939497
15478,-1.0888742973311707
15479,-0.2196409433852172
15480,-0.21877603457532083
15481,-0.5837675523516316
15482,0.390119767591795
15483,-0.7333967764637211
15484,-0.3441878120103092
15485,1.2351356748606472
15486,-1.4045660129433828
15487,-0.7948053019663706
15488,-0.8155631134038859
15489,1.0846415419386612
15490,-0.8207525662632646
15491,-0.6970706064480693
15492,0.2249221849015688
15493,-0.7238827795548598
15494,0.6201855110242563
15495,0.9670139437927411
15496,-1.2436929743026393
15497,1.8284631184496263
15498,2.5325075387934524
15499,-0.5967411845000787
15500,0.24827472276877363
15501,1.4098472544597342
15502,0.9618244909333624
15503,-0.5180344827994997
15504,-0.7169635090756881
15505,0.5492629886127455
15506,0.5639664383809858
15507,0.06664387269051471
15508,1.6131008247854048
15509,-0.7109091474064129
15510,-0.287103830557142
15511,0.06145441983113569
15512,-1.1468231875942343
15513,-1.210826439526573
15514,-0.06914681046323128
15515,-0.4436523251484033
15516,-0.9703817903753542
15517,2.5325075387934524
15518,-0.49468194493229506
15519,1.4427137892358004
15520,0.042426426013413496
15521,0.5414788093236773
15522,-0.6979355152579658
15523,-0.4912223096927092
15524,0.218002914422397
15525,-1.3803485662662816
15526,-0.08471516904136778
15527,-0.7109091474064129
15528,1.5525572080926522
15529,2.5325075387934524
15530,-1.0118974132503846
15531,0.761165647037381
15532,0.18773110607602078
15533,-1.1407688259249589
15534,-0.15044823859349965
15535,-0.5163046651797067
15536,-0.05271354307519822
15537,-0.28623892174724547
15538,-0.2256953050544926
15539,-0.17899022932008313
15540,0.2621132637271172
15541,-0.2931581922264172
15542,-0.09076953071064298
15543,0.6815940365269055
15544,-1.3137505879042533
15545,2.135505745962874
15546,0.5215859066960583
15547,-0.3960823406040973
15548,0.32092706280007727
15549,0.5726155264799503
15550,-0.9063785384430153
15551,0.6530520458003221
15552,0.1038349515160631
15553,-0.11585188619764077
15554,0.390119767591795
15555,-1.1459582787843379
15556,-0.2992125538956926
15557,1.1218326207642098
15558,0.17389256511767723
15559,-0.9989237811019377
15560,-0.8146982045939895
15561,2.1510741045410104
15562,-0.1798551381299795
15563,-1.386402927935557
15564,-1.3025067733755993
15565,0.43163539046682564
15566,-1.3301838552922862
15567,-0.006008467340788928
15568,-0.47997849516405516
15569,-0.9894097841930766
15570,-1.0041132339613166
15571,0.0579947845915498
15572,0.6314293255529104
15573,-0.3865683436952362
15574,0.8026812699124116
15575,-0.527548479708361
15576,-0.9876799665732835
15577,0.8813879716129907
15578,-0.8294016543622295
15579,-0.49468194493229506
15580,-0.22829003148418192
15581,-0.9504888877477354
15582,0.2525992668182559
15583,-0.25683202221076556
15584,1.1676727876887225
15585,2.10955848166598
15586,-0.8908101798648789
15587,1.2688671184466096
15588,0.180811835596849
15589,-0.6045253637891469
15590,0.2335712730005337
15591,-0.09855370999971133
15592,-0.6486357130938669
15593,-0.17899022932008313
15594,2.3863293008328506
15595,-0.28623892174724547
15596,2.5325075387934524
15597,-0.8406454688908834
15598,-0.038010093306958294
15599,-0.8579436450888129
15600,-0.8190227486434718
15601,-0.07606608094240305
15602,0.6547818634201152
15603,-0.4825732215937445
15604,0.37022686496417606
15605,0.47228610453195957
15606,-0.053578451885094976
15607,-0.3433229032004126
15608,-0.8337261984117117
15609,-0.4272190577603703
15610,-0.5465764735260834
15611,0.33044105970893856
15612,-0.6564198923829352
15613,0.13756639510202523
15614,-0.7688580376694764
15615,0.5847242498185011
15616,-0.5976060933099752
15617,-0.8553489186591235
15618,-0.47478904230467633
15619,-0.49468194493229506
15620,-0.5214941180390856
15621,0.10642967794575223
15622,0.22319236728177602
15623,-0.18504459098935833
15624,-0.2992125538956926
15625,1.7177547907828778
15626,-0.6624742540522104
15627,0.14275584796140425
15628,0.10037531627647721
15629,2.5325075387934524
15630,0.9047405094801951
15631,1.513636311647311
15632,-0.7645334936199941
15633,-1.0456288568363472
15634,-0.7022600593074482
15635,1.9184136346788594
15636,0.05972460221134294
15637,-0.391757796554615
15638,2.5325075387934524
15639,0.08999641055771955
15640,-0.7109091474064129
15641,2.402762568220883
15642,-0.274130198408695
15643,-1.201312442617712
15644,1.2394602189101294
15645,-0.4384628722890245
15646,0.11594367485461352
15647,1.3605474522956356
15648,2.5325075387934524
15649,-0.4168401520416126
15650,-0.20580240242687364
15651,0.19465037655519254
15652,-0.5630097409141163
15653,1.051775007162595
15654,-1.1329846466358908
15655,-0.8017245724455423
15656,-0.3908928877447184
15657,0.021668614575898172
15658,-0.3398632679608267
15659,-0.8129683869741966
15660,-0.09855370999971133
15661,0.2024345558442607
15662,-1.0317903158780037
15663,0.548398079802849
15664,-0.10374316285909016
15665,-1.3526714843495944
15666,-0.38137889083585735
15667,-0.569929011393288
15668,-0.9565432494170107
15669,-0.42375942252078436
15670,0.5146666362168866
15671,0.47834046620123494
15672,-0.6693935245313822
15673,-0.7801018521981307
15674,-1.1563371845030956
15675,0.24481508752918774
15676,0.25346417562815265
15677,2.5325075387934524
15678,0.893496694951541
15679,-1.0888742973311707
15680,0.9791226671312919
15681,-1.2246649804849166
15682,0.2327063641906373
15683,1.9391714461163747
15684,-0.5258186620885681
15685,1.117508076714727
15686,-0.8683225508075706
15687,1.2351356748606472
15688,-0.8285367455523328
15689,0.5328297212247127
15690,1.0958853564673152
15691,-0.23434439315345731
15692,-1.1511477316437166
15693,-1.3163453143339425
15694,-0.9747063344248367
15695,-1.3163453143339425
15696,-0.08903971309085004
15697,0.4428792049954797
15698,-0.38137889083585735
15699,-0.9323258027399095
15700,1.2204322250924073
15701,-0.8190227486434718
15702,-0.08471516904136778
15703,-1.184879175229679
15704,0.4575826547637196
15705,0.11594367485461352
15706,2.1830757305071797
15707,-0.5889570052110105
15708,2.5324988897053538
15709,0.31487270113080185
15710,-1.1381740994952696
15711,0.1937854677452958
15712,1.0189084723865294
15713,1.8267333008298337
15714,0.030317702674863084
15715,0.019938796956105422
15716,-0.4903574008828128
15717,2.0256623271060215
15718,0.42904066403713614
15719,-0.19888313194770188
15720,-0.6027955461693539
15721,-0.8856207270055
15722,1.299138926792986
15723,-0.36062107939834204
15724,1.0785871802693858
15725,0.4766106485814422
15726,1.0656135481209388
15727,1.0189084723865294
15728,-0.2594267486404549
15729,-0.1305553359658807
15730,0.025993158625380437
15731,0.048480787682688896
15732,2.5325075387934524
15733,-0.14439387692422423
15734,0.2889254368339079
15735,-1.1597968197426816
15736,1.0725328186001104
15737,0.33563051256831716
15738,-1.1831493576098862
15739,-1.013627230870178
15740,-0.7420458645626858
15741,-0.2403987548227325
15742,-0.3640807146379279
15743,0.4420142961855833
15744,0.38233558830272646
15745,-0.7948053019663706
15746,0.21454327918281113
15747,0.4549879283340301
15748,0.3788759530631406
15749,0.5605068031413999
15750,-0.5777131906823564
15751,-0.8925399974846717
15752,-1.0352499511175894
15753,0.1349716686723361
15754,2.056799044262295
15755,-0.1270957007262948
15756,0.311413065891216
15757,2.038635959254469
15758,1.1218326207642098
15759,-1.0828199356618955
15760,0.4082828525996208
15761,1.3328703703789484
15762,-0.5240888444687751
15763,-1.0733059387530344
15764,1.9772274337518192
15765,-0.9556783406071141
15766,0.6461327753211503
15767,-0.8484296481799518
15768,-0.6244182664167657
15769,-0.8060491164950248
15770,-0.5785780994922528
15771,0.9592297645036729
15772,0.625374963883635
15773,0.9125246887692633
15774,-1.024871045398832
15775,-0.872647094857053
15776,-1.2808840531281873
15777,-0.9271363498805306
15778,1.2083235017538565
15779,-0.5993359109297681
15780,-1.094928659000446
15781,2.5325075387934524
15782,2.41833092679902
15783,1.4306050658972496
15784,-1.0110325044404884
15785,-0.029361005207993767
15786,-0.18677440860915126
15787,-0.8588085538987095
15788,0.1349716686723361
15789,-0.5223590268489822
15790,1.5222853997462755
15791,-0.18850422622894422
15792,-0.15650260026277485
15793,-1.177094995940611
15794,2.5325075387934524
15795,-0.22396548743469966
15796,-0.3502421736795844
15797,-0.9314608939300129
15798,-0.643446260234488
15799,-0.2931581922264172
15800,-0.3848385260754432
15801,2.1035041199967037
15802,-0.1392044240648454
15803,2.226321171002003
15804,-0.4721943158749868
15805,2.5325075387934524
15806,-1.0395744951670718
15807,-0.6192288135573868
15808,0.09086131936761592
15809,-0.4557610484869539
15810,-0.07606608094240305
15811,-0.19974804075759844
15812,-0.24212857244252547
15813,-0.16601659717163614
15814,-0.46095050134633275
15815,0.32352178922976677
15816,-1.3345083993417686
15817,-0.9340556203597025
15818,-0.3095914596144503
15819,-1.0110325044404884
15820,-0.44278741633850677
15821,1.1105888062355553
15822,-0.5301432061380503
15823,-0.43759796347912794
15824,-0.1703411412211184
15825,-0.8458349217502623
15826,0.13929621272181836
15827,0.31487270113080185
15828,-0.1461236945440172
15829,0.10729458675564899
15830,-1.0620621242243802
15831,-0.35370180891917025
15832,-0.16169205312215368
15833,-0.6443111690443846
15834,-0.11585188619764077
15835,2.350868039627095
15836,-1.0196815925394531
15837,-0.2940231010363138
15838,-1.1969878985682296
15839,0.6764045836675269
15840,1.466066327103005
15841,-1.2324491597739848
15842,-0.1210413390570196
15843,-0.8553489186591235
15844,-0.569929011393288
15845,2.5325075387934524
15846,-0.062227539984059506
15847,0.19292055893539942
15848,-0.2845091041274525
15849,1.8725734677543464
15850,2.5325075387934524
15851,0.6997571215347314
15852,-0.20147785837739138
15853,2.5325075387934524
15854,-0.4574908661067469
15855,0.950580676404708
15856,-0.3666754410676174
15857,-0.1642867795518432
15858,0.015614252906622774
15859,-0.9608677934664931
15860,-0.5396572030469116
15861,2.497902537309495
15862,-1.1831493576098862
15863,-1.01795177491966
15864,-0.7956702107762671
15865,-0.4211646960910951
15866,-0.6443111690443846
15867,-0.7109091474064129
15868,-0.300077462705589
15869,-0.29834764508579603
15870,1.3899543518321154
15871,-0.5526308351953586
15872,0.7135956624930749
15873,-0.44019268990881744
15874,1.8258683920199368
15875,-0.8129683869741966
15876,-0.1115273421481583
15877,0.4307704816569289
15878,1.4461734244753863
15879,-0.9003241767737401
15880,0.5544524414721245
15881,-0.18072004693987606
15882,0.427310846417343
15883,1.0906959036079367
15884,-0.6226884487969727
15885,-0.2992125538956926
15886,0.6227802374539455
15887,-0.49468194493229506
15888,0.06577896388061834
15889,-1.2125562571463662
15890,-0.5163046651797067
15891,-0.8804312741461212
15892,0.4930439159694749
15893,-0.9487590701279424
15894,-0.5214941180390856
15895,0.46623174286268454
15896,-0.318240547713415
15897,0.8779283363734048
15898,-0.5733886466328739
15899,0.3667672297245902
15900,0.5172613626465761
15901,-0.6036604549792504
15902,-0.8207525662632646
15903,2.480604361111566
15904,2.5325075387934524
15905,-1.575817957302884
15906,0.05021060530248165
15907,2.5325075387934524
15908,-0.4133805168020267
15909,-1.0110325044404884
15910,-0.9764361520446294
15911,-0.6840969742996224
15912,-0.8051842076851282
15913,-0.9081083560628083
15914,-0.7109091474064129
15915,0.47228610453195957
15916,0.13237694224264657
15917,-0.6097148166485258
15918,0.5881838850580866
15919,-0.19542349670811598
15920,-0.35975617058844567
15921,0.10556476913585586
15922,-0.9210819882112554
15923,-1.1070373823389965
15924,0.09951040746658045
15925,1.536123940704619
15926,-0.3640807146379279
15927,-0.8190227486434718
15928,-0.13142024477577727
15929,-0.5578202880547374
15930,-0.6884215183491046
15931,-1.3794836574563851
15932,-0.4661399542057116
15933,-0.03541536687726878
15934,-1.280019144318291
15935,0.4186617583183785
15936,-0.27067056316910915
15937,2.1000444847571185
15938,2.2107528124238667
15939,-0.9894097841930766
15940,0.7179202065425576
15941,-0.7878860314871987
15942,-1.158931910932785
15943,-0.9997886899118343
15944,1.0189084723865294
15945,-1.3526714843495944
15946,-0.9773010608545261
15947,-0.8769716389065353
15948,-0.8899452710549824
15949,-1.2549367888312932
15950,-0.37445962035668556
15951,1.645967359561471
15952,-0.6417164426146951
15953,-0.5128450299401209
15954,0.5579120767117104
15955,-0.3433229032004126
15956,-0.3571614441587561
15957,0.15399966249005828
15958,1.6675900798088827
15959,-0.7109091474064129
15960,-0.2724003807889021
15961,-0.2672109279295233
15962,1.6286691833635416
15963,-0.09855370999971133
15964,0.6582414986597012
15965,-0.3156458212837255
15966,2.5324988897053538
15967,0.31919724518028414
15968,2.5325075387934524
15969,-0.7333967764637211
15970,-0.6503655307136599
15971,-1.0715761211332413
15972,-1.0335201334977966
15973,-0.062227539984059506
15974,-0.8717821860471564
15975,0.390119767591795
15976,-0.1331500623955702
15977,-0.9634625198961825
15978,-1.2592613328807756
15979,0.27249216944587484
15980,-0.2931581922264172
15981,-0.1210413390570196
15982,0.035507155534241726
15983,-0.6503655307136599
15984,0.44114938737568654
15985,1.2351356748606472
15986,2.5325075387934524
15987,-0.34764744724989505
15988,-1.0957935678103423
15989,0.5873189762481902
15990,1.4669312359129012
15991,2.5325075387934524
15992,-0.8285367455523328
15993,-0.13401497120546657
15994,0.6945676686753527
15995,2.5325075387934524
15996,1.0189084723865294
15997,1.1979445960350987
15998,0.761165647037381
15999,-0.017252281869442967
16000,1.6675900798088827
16001,-0.7688580376694764
16002,-1.3327785817219755
16003,-1.3422925786308368
16004,-0.2724003807889021
16005,-0.24904784292169724
16006,-0.435868145859335
16007,-0.2784547424581773
16008,2.5325075387934524
16009,-0.8051842076851282
16010,1.179781511027273
16011,-1.3223996760032177
16012,2.5325075387934524
16013,0.3883899499720019
16014,0.2897903456438043
16015,0.531964812414816
16016,-1.0992532030499282
16017,0.0640491462608252
16018,-0.5310081149479469
16019,-0.4004068846535797
16020,-0.3649456234478245
16021,0.44979847547465146
16022,-0.5552255616250481
16023,2.5325075387934524
16024,-0.012062829010064327
16025,-0.8086438429247141
16026,-1.173635360701025
16027,-0.7247476883647564
16028,0.3659023209146938
16029,2.5325075387934524
16030,-0.12796060953619137
16031,-0.1495833297836031
16032,-0.7195582355053776
16033,1.0976151740871085
16034,-0.37186489392699623
16035,-1.1805546311801969
16036,-0.6590146188126246
16037,-0.9565432494170107
16038,0.9376070442562613
16039,0.1721627474978841
16040,0.039831699583723984
16041,1.0163137459568399
16042,-0.872647094857053
16043,-0.8977294503440506
16044,-0.9340556203597025
16045,-0.2196409433852172
16046,0.08999641055771955
16047,-0.1703411412211184
16048,-0.9548134317972178
16049,-0.9072434472529118
16050,0.7170552977326609
16051,-0.14525878573412082
16052,-0.00773828496058168
16053,0.316602518750595
16054,-0.5534957440052551
16055,2.5325075387934524
16056,1.4193612513685956
16057,-0.3303492710519656
16058,0.25346417562815265
16059,-0.28883364817693497
16060,-1.292992776466738
16061,-1.1935282633286437
16062,-0.3277545446222761
16063,-0.19628840551801255
16064,1.6675900798088827
16065,0.27941143992504663
16066,0.36417250329490064
16067,0.039831699583723984
16068,-1.0300604982582107
16069,2.5325075387934524
16070,-0.03368554925747603
16071,0.975663031891706
16072,-1.0464937656462436
16073,-0.872647094857053
16074,1.578504472389546
16075,-0.9677870639456649
16076,-0.8190227486434718
16077,0.5276402683653337
16078,2.5325075387934524
16079,0.06491405507072158
16080,-0.6477708042839705
16081,0.7490569236988306
16082,0.594238246727362
16083,-0.5664693761537022
16084,-0.6512304395235564
16085,-0.6027955461693539
16086,-1.0940637501905497
16087,0.4091477614095172
16088,-1.3120207702844602
16089,-0.6347971721355233
16090,-0.9219468970211518
16091,-1.1087671999587896
16092,-0.589821914020907
16093,0.3511988711464539
16094,-0.3147809124738291
16095,-1.315480405524046
16096,1.6866180736266054
16097,-0.14698860335391375
16098,0.3070885218417337
16099,0.5120719097871974
16100,-0.5439817470963939
16101,-0.16169205312215368
16102,-0.8138332957840929
16103,0.8545757985061999
16104,-0.3865683436952362
16105,-0.6244182664167657
16106,0.020803705766001795
16107,-0.24472329887221497
16108,-0.6650689804819
16109,-0.511115212320328
16110,0.6764045836675269
16111,1.3363300056185343
16112,-1.1943931721385403
16113,-1.0862795709014814
16114,-1.0170868661097636
16115,1.9002505496710336
16116,-1.3102909526646673
16117,-1.214286074766159
16118,-1.361320572448559
16119,0.7715445527561386
16120,-0.9963290546722484
16121,-0.3087265508045537
16122,-0.9340556203597025
16123,1.9616590751736829
16124,-0.062227539984059506
16125,1.389089443022219
16126,-0.6027955461693539
16127,0.08913150174782279
16128,-1.3284540376724931
16129,0.285465801594322
16130,0.24308526990939497
16131,0.520720997886162
16132,-1.072441029943138
16133,-1.0153570484899705
16134,-0.9003241767737401
16135,2.039500868064365
16136,2.5325075387934524
16137,0.9652841261729483
16138,-0.6027955461693539
16139,1.8146245774912828
16140,-0.35370180891917025
16141,0.16783820344840183
16142,-0.29575291865610676
16143,0.06231932864103245
16144,-0.16601659717163614
16145,0.35638832400583254
16146,-0.3865683436952362
16147,-0.4254892401405773
16148,-0.8190227486434718
16149,2.5324988897053538
16150,-0.7109091474064129
16151,-0.7109091474064129
16152,-0.1703411412211184
16153,-0.4618154101562291
16154,-1.2212053452453306
16155,-0.43154360180985274
16156,1.5343941230848264
16157,-0.20147785837739138
16158,-0.46700486301560795
16159,1.2351356748606472
16160,1.4868241385405203
16161,0.17648729154736637
16162,0.42212139355796435
16163,-0.15217805621329258
16164,-0.4272190577603703
16165,-0.5725237378229775
16166,-0.287103830557142
16167,-0.46786977182550454
16168,0.24049054347970547
16169,-0.32602472700248314
16170,-0.5396572030469116
16171,-1.2739647826490157
16172,-0.33207908867175856
16173,-1.129525011396305
16174,-0.10460807166898653
16175,1.2757863889257814
16176,2.5325075387934524
16177,1.1771867845975834
16178,0.045886061252999384
16179,0.7161903889227644
16180,-0.32429490938269023
16181,0.1289173070030607
16182,-0.7109091474064129
16183,-0.5483062911458764
16184,-1.1001181118598249
16185,-0.7705878552892693
16186,-0.4107857903723374
16187,-0.08298535142157483
16188,-0.9625976110862859
16189,-0.018117190679339343
16190,2.5325075387934524
16191,-1.1511477316437166
16192,-0.9989237811019377
16193,2.5325075387934524
16194,0.24395017871929137
16195,2.5325075387934524
16196,-0.39694724941399384
16197,-0.509385394700535
16198,0.5656962560007786
16199,0.390119767591795
16200,-0.8648629155679847
16201,1.102804626946487
16202,-0.00860319377047844
16203,0.6859185805763882
16204,-1.2774244178886014
16205,-0.799129846015853
16206,-1.1217408321072366
16207,-0.48343813040364103
16208,-0.872647094857053
16209,-0.5232239356588786
16210,0.7533814677483128
16211,-0.7878860314871987
16212,-0.34505272082020555
16213,0.3140077923209055
16214,2.3880591184526434
16215,-0.46095050134633275
16216,-0.9807606960941119
16217,-0.6391217161850058
16218,-0.5906868228308033
16219,-0.46786977182550454
16220,0.2984394337427688
16221,2.5325075387934524
16222,-0.5543606528151516
16223,-0.20234276718728778
16224,0.7698147351363459
16225,1.0967502652772116
16226,-0.5837675523516316
16227,-0.275860016028488
16228,-0.2196409433852172
16229,2.3162716872312363
16230,-0.5180344827994997
16231,2.000579971619024
16232,0.015614252906622774
16233,-0.19542349670811598
16234,0.2249221849015688
16235,-0.3026721891352785
16236,2.5325075387934524
16237,-0.3848385260754432
16238,-0.9945992370524552
16239,0.6236451462638423
16240,1.440119062806111
16241,1.0621539128813529
16242,-0.6149042695079046
16243,-0.2231005786248031
16244,1.6364533626526099
16245,2.5325075387934524
16246,0.5656962560007786
16247,-0.6270129928464552
16248,-1.1693108166515427
16249,-0.4912223096927092
16250,0.057129875781653426
16251,0.11248403961502763
16252,-0.3865683436952362
16253,-0.1980182231378055
16254,2.3084875079421674
16255,-0.7031249681173447
16256,-0.9677870639456649
16257,0.34687432709697125
16258,0.5596418943315031
16259,-1.0266008630186247
16260,-0.799129846015853
16261,-1.2756946002688085
16262,-0.4756539511145727
16263,-0.8415103777007801
16264,-1.1874739016593685
16265,-0.435868145859335
16266,-0.40559633751295854
16267,-0.7325318676538246
16268,-0.3121861860441396
16269,-1.0759006651827239
16270,-0.5102503035104315
16271,-0.44019268990881744
16272,1.2878951122643318
16273,0.7205149329722467
16274,-0.7835614874377165
16275,-0.800859663635646
16276,-0.5690641025833917
16277,-0.6512304395235564
16278,-0.9807606960941119
16279,0.568290982430468
16280,0.03377733791444897
16281,-0.38743325250513255
16282,-1.324129493623011
16283,-0.8761067300966389
16284,0.5821295233888116
16285,-0.21877603457532083
16286,-0.7628036760002012
16287,-0.2931581922264172
16288,2.2176720829030385
16289,-1.3232645848131144
16290,0.006100255997761871
16291,-0.5889570052110105
16292,-0.9029189032034294
16293,-0.9608677934664931
16294,-0.5163046651797067
16295,-0.3571614441587561
16296,2.5325075387934524
16297,-1.1053075647192037
16298,0.4705562869121668
16299,-0.6849618831095187
16300,0.4117424878392067
16301,-0.8908101798648789
16302,1.2437847629596117
16303,-0.17120605003101477
16304,-0.9807606960941119
16305,0.41693194069858536
16306,2.32751550175989
16307,-0.6322024457058341
16308,0.6582414986597012
16309,0.5146666362168866
16310,-0.8077789341148177
16311,-1.0594673977946907
16312,0.6686204043784588
16313,-0.5638746497240128
16314,-1.3016418645657026
16315,-0.5612799232943233
16316,-1.0733059387530344
16317,-1.3198049495735285
16318,2.5325075387934524
16319,2.5325075387934524
16320,-0.47392413349477974
16321,0.43509502570641156
16322,0.9471210411651222
16323,-0.31305109485403615
16324,-1.0317903158780037
16325,0.18773110607602078
16326,-0.9582730670368036
16327,-0.4107857903723374
16328,0.5414788093236773
16329,0.3010341601724583
16330,-1.1623915461723708
16331,-0.31737563890351844
16332,-0.6027955461693539
16333,-0.23261457553366438
16334,-0.8190227486434718
16335,-1.397646742464211
16336,-0.8588085538987095
16337,-0.050983725455405464
16338,2.4053572946505724
16339,-0.3986770670337868
16340,-0.9375152555992883
16341,0.1280523981931643
16342,0.2621132637271172
16343,-1.170175725461439
16344,0.285465801594322
16345,1.0976151740871085
16346,0.6141311493549809
16347,-0.1833147733695654
16348,2.5325075387934524
16349,0.6227802374539455
16350,-1.3111558614745638
16351,-0.29748273627589966
16352,2.5325075387934524
16353,-1.276559509078705
16354,0.5120719097871974
16355,-0.10720279809867604
16356,-1.2713700562193262
16357,-1.0888742973311707
16358,0.04675097006289576
16359,-1.386402927935557
16360,0.5544524414721245
16361,-1.2255298892948132
16362,-0.22223566981490672
16363,1.372656175634186
16364,-0.9608677934664931
16365,-0.9911396018128694
16366,2.5324988897053538
16367,-0.47392413349477974
16368,0.6971623951050423
16369,2.5325075387934524
16370,-0.17812532051018654
16371,1.1425904322017246
16372,-0.012062829010064327
16373,1.4011981663607698
16374,-0.2006129495674948
16375,-0.4324085106197491
16376,-0.5266835708984644
16377,-0.2101269464763561
16378,-0.936650346789392
16379,0.024263341005587684
16380,-0.37272980273689266
16381,0.557047167901814
16382,-1.1917984457088509
16383,0.027722976245173572
16384,-1.261856059310465
16385,-0.558685196864634
16386,-0.8752418212867423
16387,-0.28537401293734904
16388,2.5325075387934524
16389,-0.8345911072216082
16390,-0.992004510622766
16391,1.8743032853741393
16392,-0.7429107733725823
16393,1.4842294121108308
16394,1.1754569669777908
16395,0.7490569236988306
16396,0.5544524414721245
16397,0.41433721426889625
16398,-0.872647094857053
16399,-1.2082317130968838
16400,1.4885539561603134
16401,-0.5612799232943233
16402,-1.1537424580734061
16403,-0.3147809124738291
16404,0.9471210411651222
16405,-0.19023404384873716
16406,0.13929621272181836
16407,-0.7645334936199941
16408,1.4686610535326945
16409,-0.10547298047888311
16410,0.14362075677130062
16411,-0.49468194493229506
16412,-0.48170831278384807
16413,-0.964327428706079
16414,-0.8665927331877776
16415,0.3935794028313809
16416,-0.3649456234478245
16417,-0.5595501056745303
16418,-0.9219468970211518
16419,-0.3588912617785491
16420,1.8397069329782805
16421,0.4463388402350656
16422,-0.9003241767737401
16423,-1.001518507531627
16424,0.4229863023678608
16425,2.5325075387934524
16426,2.5325075387934524
16427,-0.48862758326301986
16428,-1.1494179140239238
16429,-1.2679104209797405
16430,-1.0447639480264508
16431,0.14275584796140425
16432,-1.2549367888312932
16433,-1.0404394039769684
16434,0.7291640210712116
16435,2.5325075387934524
16436,-0.6910162447787941
16437,2.5325075387934524
16438,0.5423437181335737
16439,-0.7212880531251705
16440,0.8632248866051645
16441,0.39530922045117367
16442,0.006100255997761871
16443,1.2351356748606472
16444,-0.1668815059815325
16445,-1.3881327455553496
16446,-0.12796060953619137
16447,0.15399966249005828
16448,0.09691568103689133
16449,2.0715024940305344
16450,-0.2170462169555279
16451,-0.349377264869688
16452,-0.40559633751295854
16453,-0.39694724941399384
16454,-0.12536588310650185
16455,-0.7109091474064129
16456,2.5325075387934524
16457,1.1867007815064448
16458,0.32698142446935263
16459,-0.5941464580703892
16460,0.3832004971126232
16461,2.5325075387934524
16462,-0.9712466991852509
16463,-0.2101269464763561
16464,-0.33207908867175856
16465,1.2152427722330283
16466,2.5325075387934524
16467,1.2351356748606472
16468,-1.1390390083051662
16469,0.5051526393080257
16470,-0.11585188619764077
16471,0.09605077222699457
16472,-0.4350032370494386
16473,0.2993043425526656
16474,2.5325075387934524
16475,1.4574172390040403
16476,-0.0899046219007466
16477,1.107994079805866
16478,-0.0899046219007466
16479,2.5325075387934524
16480,0.19724510298488168
16481,0.6461327753211503
16482,-0.7593440407606152
16483,-0.9202170794013589
16484,-0.9452994348883564
16485,-0.057038087124680864
16486,-0.9660572463258718
16487,-0.9513537965576319
16488,0.7092711184435927
16489,0.8476565280270282
16490,1.84230165940797
16491,1.2541636686783695
16492,-0.9989237811019377
16493,-0.3433229032004126
16494,0.2422203610994982
16495,0.9107948711494706
16496,2.5325075387934524
16497,-1.2523420624016037
16498,-0.11585188619764077
16499,-0.12017643024712303
16500,-0.9202170794013589
16501,1.106264262186073
16502,4.5894328486471366e-05
16503,0.5432086269434705
16504,-0.1270957007262948
16505,0.8727388835140257
16506,-0.3779192555962715
16507,0.19032583250570992
16508,-0.946164343698253
16509,0.1289173070030607
16510,0.6599713162794939
16511,1.0189084723865294
